{"type":"FeatureCollection","features":[{"type":"Feature","geometry":{"type":"LineString","coordinates":[[-3.177286,51.475731],[-3.177549,51.475712],[-3.177698,51.475704],[-3.177861,51.475698],[-3.178067,51.475691],[-3.17923,51.475663]]},"properties":{"@id":"way/3993407","electrified":"contact_line","frequency":"50","gauge":"1435","maxspeed":"20 mph","name":"Line D","operator":"Network Rail","operator:wikidata":"Q1501071","passenger_lines":"4","railway":"rail","ref":"SWM2","source":"npe","tracks":"4","usage":"main","voltage":"25000"},"id":"way/3993407"},{"type":"Feature","geometry":{"type":"Polygon","coordinates":[[[-3.5835,51.5032],[-3.5612,51.4321],[-3.4021,51.3987],[-3.2684,51.3821],[-3.1812,51.4312],[-3.1114,51.4984],[-2.9987,51.5891],[-2.7145,51.7032],[-2.7123,51.8242],[-3.0121,51.8213],[-3.1256,51.7854],[-3.3789,51.7923],[-3.4812,51.7784],[-3.4287,51.7231],[-3.5512,51.6645],[-3.6554,51.6112],[-3.5835,51.5032]]]},"properties":{"network":"South Wales Metro","operator":"Transport for Wales","description":"Approximate geographic bounding perimeter of the Cardiff Capital Region transit footprint including the Core Valleys lines and mainline extents.","area_covered_sq_km":2810}},{"type":"Feature","geometry":{"type":"LineString","coordinates":[[-3.00041,51.588757],[-3.00019,51.588895],[-2.998665,51.589778],[-2.998167,51.590057],[-2.997804,51.590253],[-2.997113,51.590574],[-2.99697,51.590635],[-2.996626,51.590783],[-2.99644,51.590851]]},"properties":{"@id":"way/3993408","electrified":"contact_line","frequency":"50","gauge":"1435","name":"South Wales Main Line","name:br":"Linenn Pennañ Su Kembre","name:cy":"Prif Linell De Cymru","operator":"Network Rail","operator:wikidata":"Q1501071","passenger_lines":"6","railway":"rail","railway:aws":"yes","railway:tpws":"yes","railway:track_ref":"UR","ref":"SWM2","source":"npe","tracks":"6","usage":"main","voltage":"25000"},"id":"way/3993408"},{"type":"Feature","geometry":{"type":"LineString","coordinates":[[-3.371609,51.516397],[-3.372217,51.516581],[-3.372681,51.516719],[-3.37319,51.516868],[-3.373657,51.517008],[-3.374224,51.51719],[-3.37481,51.517389],[-3.375168,51.517536],[-3.375668,51.517748],[-3.376014,51.517908],[-3.376385,51.51809]]},"properties":{"@id":"way/4017627","electrified":"no","gauge":"1435","maxspeed":"75 mph","name":"South Wales Main Line","name:br":"Linenn Pennañ Su Kembre","name:cy":"Prif Linell De Cymru","name:en":"South Wales Main Line","operator":"Network Rail","operator:wikidata":"Q1501071","passenger_lines":"2","railway":"rail","ref":"SWM2","usage":"main"},"id":"way/4017627"},{"type":"Feature","geometry":{"type":"LineString","coordinates":[[-3.18601,51.475581],[-3.186867,51.475649],[-3.187287,51.475678]]},"properties":{"@id":"way/4816901","electrified":"no","gauge":"1435","maxspeed":"15 mph","name":"Down Barry","operator":"Network Rail","operator:wikidata":"Q1501071","passenger_lines":"2","railway":"rail","ref":"BRY","usage":"branch"},"id":"way/4816901"},{"type":"Feature","geometry":{"type":"LineString","coordinates":[[-3.197837,51.443976],[-3.198438,51.443749],[-3.198725,51.443629],[-3.199106,51.443455],[-3.199717,51.443144],[-3.200193,51.442904]]},"properties":{"@id":"way/4816919","electrified":"no","gauge":"1435","layer":"-1","maxspeed":"40 mph","name":"Vale of Glamorgan Line","name:cy":"Llinell Bro Morgannwg","operator":"Network Rail","operator:wikidata":"Q1501071","passenger_lines":"2","railway":"rail","ref":"BRY","tunnel":"yes","tunnel:name":"Cogan Tunnel","usage":"branch"},"id":"way/4816919"},{"type":"Feature","geometry":{"type":"LineString","coordinates":[[-3.343139,51.600311],[-3.34322,51.600455],[-3.343275,51.600581],[-3.343322,51.600716]]},"properties":{"@id":"way/4835399","electrified":"no","gauge":"1435","maxspeed":"20 mph","name":"Cardiff and Merthyr Line","operator":"Transport for Wales","operator:wikidata":"Q48740007","railway":"rail","ref":"CAM","source":"OS_OpenData_StreetView","usage":"branch"},"id":"way/4835399"},{"type":"Feature","geometry":{"type":"LineString","coordinates":[[-3.192894,51.472103],[-3.193296,51.472426],[-3.193728,51.472759],[-3.194406,51.473276],[-3.194844,51.473577],[-3.195307,51.473889],[-3.195794,51.474192],[-3.196383,51.47451],[-3.19655,51.474603],[-3.196752,51.474708],[-3.197036,51.474856]]},"properties":{"@id":"way/4970055","electrified":"no","gauge":"1435","maxspeed":"30 mph","name":"Penarth Curve","operator":"Network Rail","operator:wikidata":"Q1501071","railway":"rail","ref":"CPL","usage":"branch"},"id":"way/4970055"},{"type":"Feature","geometry":{"type":"LineString","coordinates":[[-3.184962,51.475581],[-3.183819,51.475491],[-3.183669,51.475478]]},"properties":{"@id":"way/4970067","electrified":"no","gauge":"1435","maxspeed":"15 mph","name":"Up Barry","operator":"Network Rail","operator:wikidata":"Q1501071","passenger_lines":"2","railway":"rail","ref":"SWM2","usage":"branch"},"id":"way/4970067"},{"type":"Feature","geometry":{"type":"LineString","coordinates":[[-2.990619,51.591962],[-2.991026,51.591919]]},"properties":{"@id":"way/9086200","electrified":"contact_line","frequency":"50","gauge":"1435","maxspeed":"40 mph","name":"Welsh Marches Line","operator":"Network Rail","operator:wikidata":"Q1501071","railway":"rail","railway:aws":"yes","railway:tpws":"yes","ref":"HNL1","usage":"main","voltage":"25000"},"id":"way/9086200"},{"type":"Feature","geometry":{"type":"LineString","coordinates":[[-3.171065,51.484169],[-3.171098,51.484259],[-3.171182,51.484492],[-3.171282,51.484769],[-3.171391,51.485079],[-3.171533,51.485459],[-3.171652,51.485779],[-3.171915,51.486504],[-3.172158,51.487234],[-3.172427,51.488073],[-3.172665,51.488811]]},"properties":{"@id":"way/10510028","electrified":"no","gauge":"1435","maxspeed":"65 mph","name":"Rhymney Line","name:cy":"Llinell Rhymni","operator":"Transport for Wales","operator:wikidata":"Q48740007","passenger_lines":"2","railway":"rail","railway:track_ref":"Up Rhymney","ref":"CAR","usage":"branch"},"id":"way/10510028"},{"type":"Feature","geometry":{"type":"LineString","coordinates":[[-3.195789,51.565969],[-3.196188,51.566496],[-3.196942,51.567463],[-3.197344,51.567913],[-3.197753,51.568275],[-3.198329,51.56871],[-3.198815,51.569028],[-3.199349,51.569315],[-3.199863,51.569536],[-3.200511,51.569782],[-3.201108,51.569971],[-3.201262,51.570019],[-3.202037,51.570185],[-3.202776,51.570294],[-3.206632,51.570631],[-3.208787,51.570796],[-3.210966,51.570967],[-3.212984,51.571129]]},"properties":{"@id":"way/10510131","electrified":"no","gauge":"1435","maxspeed":"60 mph","name":"Rhymney Line","name:cy":"Llinell Rhymni","operator":"Transport for Wales","operator:wikidata":"Q48740007","passenger_lines":"2","railway":"rail","ref":"CAR","tracks":"2","usage":"branch"},"id":"way/10510131"},{"type":"Feature","geometry":{"type":"LineString","coordinates":[[-3.185349,51.55154],[-3.185428,51.551892],[-3.185757,51.552407],[-3.18684,51.55387],[-3.190223,51.558433],[-3.192629,51.561593],[-3.194156,51.563729],[-3.194552,51.564277],[-3.194635,51.564391],[-3.195789,51.565969]]},"properties":{"@id":"way/10510243","electrified":"no","gauge":"1435","layer":"-3","maxspeed":"50 mph","name":"Caerphilly Tunnel","operator":"Transport for Wales","operator:wikidata":"Q48740007","passenger_lines":"2","railway":"rail","ref":"CAR","tunnel":"yes","usage":"branch"},"id":"way/10510243"},{"type":"Feature","geometry":{"type":"LineString","coordinates":[[-3.343139,51.600311],[-3.343426,51.600704]]},"properties":{"@id":"way/12520631","electrified":"no","gauge":"1435","maxspeed":"20 mph","name":"Rhondda Line","operator":"Transport for Wales","operator:wikidata":"Q48740007","railway":"rail","ref":"THT","source":"OS_OpenData_StreetView","usage":"branch"},"id":"way/12520631"},{"type":"Feature","geometry":{"type":"LineString","coordinates":[[-3.33034,51.626379],[-3.330472,51.626575],[-3.330636,51.626818]]},"properties":{"@id":"way/13230627","bridge":"yes","electrified":"contact_line","frequency":"50","gauge":"1435","layer":"1","maxspeed":"55 mph","name":"Cardiff and Merthyr Line","operator":"Transport for Wales","operator:wikidata":"Q48740007","railway":"rail","ref":"CAM","source":"OS_OpenData_StreetView","usage":"branch","voltage":"25000"},"id":"way/13230627"},{"type":"Feature","geometry":{"type":"LineString","coordinates":[[-3.328751,51.643681],[-3.32729,51.644739]]},"properties":{"@id":"way/13236206","electrified":"contact_line","frequency":"50","gauge":"1435","maxspeed":"25 mph","name":"Aberdare Branch","operator":"Transport for Wales","operator:wikidata":"Q48740007","railway":"rail","ref":"ABD","source":"OS_OpenData_StreetView","usage":"branch","voltage":"25000"},"id":"way/13236206"},{"type":"Feature","geometry":{"type":"LineString","coordinates":[[-3.008048,51.570628],[-3.008155,51.570764],[-3.008416,51.571003],[-3.008716,51.571206],[-3.008829,51.571283],[-3.009107,51.571443],[-3.009267,51.571536],[-3.009385,51.571581],[-3.009659,51.571688],[-3.009825,51.571752],[-3.010049,51.57181],[-3.010461,51.571916],[-3.01056,51.571936],[-3.0108,51.571985],[-3.011203,51.572042],[-3.011659,51.572078],[-3.012046,51.572098],[-3.012401,51.572085],[-3.013003,51.572024]]},"properties":{"@id":"way/16291913","electrified":"contact_line","frequency":"50","gauge":"1435","maxspeed":"40 mph","name":"Ebbw Valley Line","name:cy":"Rheilffordd Dyffryn Ebwy","operator":"Network Rail","operator:wikidata":"Q1501071","railway":"rail","railway:aws":"yes","railway:preferred_direction":"forward","railway:tpws":"yes","ref":"NWN","source":"NPE","tracks":"2","usage":"branch","voltage":"25000"},"id":"way/16291913"},{"type":"Feature","geometry":{"type":"LineString","coordinates":[[-3.021476,51.570496],[-3.021057,51.570586],[-3.020879,51.570623],[-3.019724,51.570854],[-3.019122,51.570988],[-3.018743,51.571084],[-3.018437,51.571184],[-3.018088,51.571316],[-3.017865,51.571417],[-3.01748,51.571621],[-3.017001,51.571954],[-3.015601,51.573048],[-3.014958,51.573427],[-3.012761,51.574353]]},"properties":{"@id":"way/16292260","electrified":"no","gauge":"1435","maxspeed":"50 mph","name":"Gaer Branch","operator":"Network Rail","operator:wikidata":"Q1501071","railway":"rail","ref":"GAE","source":"NPE","usage":"branch"},"id":"way/16292260"},{"type":"Feature","geometry":{"type":"LineString","coordinates":[[-3.012761,51.574353],[-3.011545,51.574862],[-3.010216,51.575402],[-3.009665,51.575644],[-3.009218,51.575884],[-3.008938,51.576064],[-3.008585,51.576344]]},"properties":{"@id":"way/16292261","electrified":"no","gauge":"1435","layer":"-1","maxspeed":"50 mph","name":"Ebbw Valley Line","operator":"Network Rail","operator:wikidata":"Q1501071","railway":"rail","ref":"GAE","source":"OS_OpenData_StreetView","tunnel":"yes","tunnel:name":"Gaer Tunnel","usage":"branch","wikidata":"Q122142640"},"id":"way/16292261"},{"type":"Feature","geometry":{"type":"LineString","coordinates":[[-3.008585,51.576344],[-3.00838,51.576503],[-3.008187,51.576697],[-3.008022,51.576895],[-3.00784,51.577172],[-3.007558,51.577718],[-3.00717,51.578328],[-3.006997,51.578547]]},"properties":{"@id":"way/16292262","electrified":"contact_line","frequency":"50","gauge":"1435","maxspeed":"30 mph","name":"Ebbw Valley Line","operator":"Network Rail","operator:wikidata":"Q1501071","railway":"rail","ref":"GAE","source":"NPE","usage":"branch","voltage":"25000"},"id":"way/16292262"},{"type":"Feature","geometry":{"type":"LineString","coordinates":[[-3.144236,51.491986],[-3.144445,51.491848],[-3.144617,51.491727],[-3.144924,51.491479],[-3.145154,51.491266],[-3.145346,51.491058],[-3.145581,51.490776],[-3.145721,51.490564],[-3.145934,51.490222],[-3.146054,51.489962],[-3.146128,51.489766],[-3.146191,51.489518],[-3.146228,51.489298],[-3.146267,51.488979],[-3.146268,51.488764],[-3.146262,51.488508],[-3.146237,51.488322],[-3.146073,51.487529],[-3.146031,51.48727]]},"properties":{"@id":"way/17477603","electrified":"no","gauge":"1435","name":"Roath Dock Branch","operator":"Network Rail","operator:wikidata":"Q1501071","railway":"rail","railway:traffic_mode":"freight","ref":"ROC","ref:lor":"GW790","usage":"branch"},"id":"way/17477603"},{"type":"Feature","geometry":{"type":"LineString","coordinates":[[-3.202228,51.440853],[-3.202699,51.44027],[-3.202944,51.439997],[-3.203245,51.43972],[-3.203553,51.439466],[-3.203821,51.439271],[-3.204044,51.439112],[-3.20444,51.438867],[-3.205697,51.438134],[-3.206635,51.437595],[-3.206907,51.437438],[-3.208265,51.436684],[-3.20955,51.436037],[-3.21372,51.433933]]},"properties":{"@id":"way/22762589","electrified":"no","gauge":"1435","maxspeed":"50 mph","name":"Vale of Glamorgan Line","name:cy":"Llinell Bro Morgannwg","operator":"Network Rail","operator:wikidata":"Q1501071","passenger_lines":"2","railway":"rail","ref":"BRY","usage":"branch"},"id":"way/22762589"},{"type":"Feature","geometry":{"type":"LineString","coordinates":[[-3.224067,51.42781],[-3.227743,51.424553],[-3.231658,51.421081]]},"properties":{"@id":"way/22762590","electrified":"no","gauge":"1435","maxspeed":"50 mph","name":"Vale of Glamorgan Line","name:cy":"Llinell Bro Morgannwg","operator":"Network Rail","operator:wikidata":"Q1501071","passenger_lines":"2","railway":"rail","ref":"BRY","source":"NPE","usage":"branch"},"id":"way/22762590"},{"type":"Feature","geometry":{"type":"LineString","coordinates":[[-3.501696,51.419832],[-3.502524,51.421117],[-3.509011,51.431318],[-3.510166,51.433103],[-3.510731,51.433966],[-3.511093,51.434396],[-3.511447,51.434733],[-3.511992,51.435161],[-3.512583,51.435555],[-3.513379,51.435999],[-3.514216,51.436441],[-3.514726,51.436753],[-3.515194,51.437067],[-3.515658,51.437423],[-3.516091,51.437815],[-3.516574,51.438297],[-3.517011,51.438789],[-3.517529,51.439294],[-3.518125,51.439756],[-3.518812,51.440176],[-3.519099,51.440318],[-3.519386,51.440461],[-3.520004,51.440718],[-3.521374,51.441221],[-3.522089,51.441537],[-3.522848,51.441928],[-3.523532,51.44238],[-3.524084,51.442838],[-3.524542,51.443307],[-3.524594,51.443383],[-3.524942,51.443854],[-3.525117,51.444146],[-3.525273,51.444441],[-3.525405,51.444812],[-3.525495,51.445176],[-3.525548,51.445569],[-3.52556,51.446023],[-3.525525,51.446544],[-3.525501,51.446873],[-3.525365,51.447788],[-3.52536,51.44802]]},"properties":{"@id":"way/22895237","electrified":"no","gauge":"1435","maxspeed":"60 mph","name":"Vale of Glamorgan Line","name:cy":"Llinell Bro Morgannwg","operator":"Network Rail","operator:wikidata":"Q1501071","passenger_lines":"2","railway":"rail","ref":"VOG","source":"NPE","usage":"branch"},"id":"way/22895237"},{"type":"Feature","geometry":{"type":"LineString","coordinates":[[-3.494108,51.414536],[-3.494971,51.41476]]},"properties":{"@id":"way/22895238","bridge":"yes","electrified":"no","gauge":"1435","layer":"1","maxspeed":"50 mph","name":"Vale of Glamorgan Line","name:cy":"Llinell Bro Morgannwg","operator":"Network Rail","operator:wikidata":"Q1501071","passenger_lines":"2","railway":"rail","ref":"VOG","source":"NPE","usage":"branch"},"id":"way/22895238"},{"type":"Feature","geometry":{"type":"LineString","coordinates":[[-3.256767,51.397907],[-3.25531,51.399182],[-3.254795,51.399633],[-3.253545,51.400778],[-3.252783,51.401432],[-3.25118,51.402894],[-3.251059,51.402988],[-3.250981,51.403047],[-3.250897,51.403098],[-3.250751,51.403182],[-3.250612,51.403252],[-3.250494,51.403309],[-3.250301,51.403383],[-3.250173,51.403425],[-3.250025,51.40346],[-3.249491,51.403558],[-3.249179,51.403613],[-3.248911,51.403669],[-3.248763,51.403705],[-3.248648,51.403741],[-3.248319,51.403839],[-3.247996,51.403938],[-3.247916,51.403954],[-3.247771,51.403999],[-3.24734,51.404131],[-3.247033,51.404246],[-3.246858,51.404326],[-3.24669,51.40442],[-3.246601,51.404485],[-3.246525,51.404562],[-3.246454,51.404643],[-3.24641,51.404708],[-3.24637,51.404786],[-3.246329,51.404893],[-3.246309,51.404972],[-3.246289,51.40504],[-3.246277,51.405194],[-3.246285,51.405306],[-3.246302,51.405383],[-3.246338,51.405514],[-3.246394,51.40563],[-3.246426,51.405692],[-3.246458,51.405748],[-3.246555,51.40587],[-3.246662,51.40598],[-3.246758,51.406068],[-3.24685,51.406144],[-3.246944,51.406212],[-3.247059,51.406276],[-3.247183,51.406342],[-3.247312,51.406403],[-3.247415,51.406447],[-3.247524,51.406485],[-3.247636,51.406523],[-3.247737,51.406548],[-3.247879,51.406578],[-3.247996,51.406599],[-3.248115,51.406614],[-3.248235,51.406625],[-3.248396,51.406631],[-3.248543,51.406629],[-3.248698,51.406622],[-3.248891,51.406602],[-3.249047,51.406581],[-3.24917,51.406561],[-3.249312,51.406532],[-3.249477,51.406488],[-3.24957,51.406459],[-3.249659,51.406425],[-3.249763,51.40637],[-3.24991,51.40627],[-3.250043,51.406176],[-3.250117,51.40613],[-3.250328,51.405989],[-3.251403,51.405269],[-3.25374,51.403653],[-3.254004,51.403477],[-3.254297,51.403278],[-3.254589,51.403049],[-3.254988,51.402711],[-3.255603,51.402037],[-3.256497,51.401027],[-3.256886,51.400657],[-3.257152,51.400494],[-3.257299,51.400422],[-3.257425,51.400372],[-3.257535,51.400336],[-3.257625,51.400318],[-3.25774,51.400298],[-3.258109,51.40026],[-3.258256,51.400244],[-3.258374,51.40024],[-3.258484,51.400239],[-3.258639,51.400252],[-3.258752,51.400265],[-3.258906,51.400286],[-3.259,51.400306],[-3.259177,51.400348],[-3.259338,51.400387],[-3.259433,51.400418],[-3.259597,51.400481],[-3.259679,51.400518],[-3.259779,51.400568],[-3.25986,51.400617],[-3.260041,51.400752],[-3.260095,51.400798],[-3.260147,51.400851],[-3.260289,51.40104],[-3.260333,51.401115],[-3.260366,51.40119],[-3.260378,51.401251],[-3.260387,51.401331],[-3.260395,51.401416],[-3.260381,51.40162],[-3.260361,51.401808],[-3.260306,51.402017],[-3.260204,51.402213],[-3.26003,51.402436]]},"properties":{"@id":"way/22912846","name":"Barry Docks Railway","railway":"rail","source":"NPE"},"id":"way/22912846"},{"type":"Feature","geometry":{"type":"LineString","coordinates":[[-3.21167,51.479983],[-3.213587,51.480495],[-3.215784,51.481094],[-3.220321,51.482463],[-3.22211,51.483],[-3.222767,51.483188],[-3.223216,51.483314],[-3.223793,51.483473],[-3.224223,51.483592],[-3.224436,51.483649],[-3.225568,51.483957],[-3.226382,51.484177],[-3.226954,51.484334],[-3.227618,51.484515],[-3.227917,51.484596],[-3.228413,51.484731],[-3.229199,51.484944],[-3.229747,51.485097],[-3.230384,51.485272],[-3.230952,51.485427],[-3.231791,51.485639],[-3.232293,51.48575],[-3.232768,51.485851],[-3.233282,51.485953],[-3.233893,51.486056],[-3.234699,51.486173],[-3.235735,51.486282],[-3.237128,51.486377],[-3.238185,51.486397],[-3.239058,51.486392],[-3.239993,51.486349],[-3.241248,51.486259],[-3.24361,51.486006],[-3.244297,51.485943],[-3.244947,51.485907],[-3.245997,51.485886],[-3.246857,51.485901],[-3.24778,51.48595],[-3.248422,51.486],[-3.249953,51.486134]]},"properties":{"@id":"way/22980709","electrified":"no","gauge":"1435","maxspeed":"75 mph","name":"South Wales Main Line","name:br":"Linenn Pennañ Su Kembre","name:cy":"Prif Linell De Cymru","name:en":"South Wales Main Line","operator":"Network Rail","operator:wikidata":"Q1501071","railway":"rail","ref":"SWM2","usage":"main"},"id":"way/22980709"},{"type":"Feature","geometry":{"type":"LineString","coordinates":[[-3.191937,51.471225],[-3.191774,51.471056]]},"properties":{"@id":"way/23035573","bridge":"yes","electrified":"no","gauge":"1435","layer":"1","maxspeed":"20 mph","name":"Vale of Glamorgan Line","name:cy":"Llinell Bro Morgannwg","operator":"Network Rail","operator:wikidata":"Q1501071","passenger_lines":"2","railway":"rail","ref":"BRY","usage":"branch"},"id":"way/23035573"},{"type":"Feature","geometry":{"type":"LineString","coordinates":[[-3.191774,51.471056],[-3.191342,51.470579],[-3.191109,51.470307],[-3.190902,51.470031],[-3.190778,51.469845],[-3.190489,51.469369],[-3.190399,51.469191],[-3.190195,51.46882],[-3.189979,51.468396],[-3.189844,51.468102]]},"properties":{"@id":"way/23035574","electrified":"no","gauge":"1435","maxspeed":"20 mph","name":"Vale of Glamorgan Line","name:cy":"Llinell Bro Morgannwg","operator":"Network Rail","operator:wikidata":"Q1501071","passenger_lines":"2","railway":"rail","ref":"BRY","usage":"branch"},"id":"way/23035574"},{"type":"Feature","geometry":{"type":"LineString","coordinates":[[-3.487302,51.4134],[-3.486776,51.41325],[-3.486314,51.413105],[-3.485933,51.412961],[-3.485591,51.412813],[-3.485239,51.412639],[-3.484881,51.412444],[-3.484513,51.412224],[-3.484144,51.411971],[-3.483851,51.411729],[-3.483537,51.411442],[-3.482805,51.410684],[-3.482249,51.410218]]},"properties":{"@id":"way/24037117","electrified":"no","gauge":"1435","maxspeed":"50 mph","name":"Vale of Glamorgan Line","name:cy":"Llinell Bro Morgannwg","operator":"Network Rail","operator:wikidata":"Q1501071","passenger_lines":"2","railway":"rail","ref":"VOG","source":"NPE","usage":"branch"},"id":"way/24037117"},{"type":"Feature","geometry":{"type":"LineString","coordinates":[[-3.482249,51.410218],[-3.482137,51.410128]]},"properties":{"@id":"way/24037118","bridge":"yes","electrified":"no","gauge":"1435","layer":"1","maxspeed":"50 mph","name":"Vale of Glamorgan Line","name:cy":"Llinell Bro Morgannwg","operator":"Network Rail","operator:wikidata":"Q1501071","passenger_lines":"2","railway":"rail","ref":"VOG","source":"NPE","usage":"branch"},"id":"way/24037118"},{"type":"Feature","geometry":{"type":"LineString","coordinates":[[-3.487873,51.413504],[-3.487302,51.4134]]},"properties":{"@id":"way/24037156","bridge":"yes","electrified":"no","gauge":"1435","layer":"1","maxspeed":"50 mph","name":"Vale of Glamorgan Line","name:cy":"Llinell Bro Morgannwg","operator":"Network Rail","operator:wikidata":"Q1501071","passenger_lines":"2","railway":"rail","ref":"VOG","source":"NPE","usage":"branch"},"id":"way/24037156"},{"type":"Feature","geometry":{"type":"LineString","coordinates":[[-3.487889,51.413474],[-3.491806,51.414089],[-3.493158,51.414312],[-3.494108,51.414536]]},"properties":{"@id":"way/24037157","electrified":"no","gauge":"1435","maxspeed":"50 mph","name":"Vale of Glamorgan Line","name:cy":"Llinell Bro Morgannwg","operator":"Network Rail","operator:wikidata":"Q1501071","passenger_lines":"2","railway":"rail","ref":"VOG","source":"NPE","usage":"branch"},"id":"way/24037157"},{"type":"Feature","geometry":{"type":"LineString","coordinates":[[-3.251353,51.410356],[-3.251984,51.409954],[-3.253189,51.409265],[-3.253689,51.40895],[-3.254209,51.408557],[-3.256095,51.407047],[-3.258167,51.405393],[-3.25849,51.40513],[-3.258696,51.404954],[-3.258891,51.404773],[-3.259058,51.404606],[-3.259232,51.404417]]},"properties":{"@id":"way/24054839","electrified":"no","gauge":"1435","layer":"0","maxspeed":"40 mph","name":"Barry Line","name:cy":"Llinell Y Barri","operator":"Network Rail","operator:wikidata":"Q1501071","passenger_lines":"2","railway":"rail","ref":"BRY","usage":"branch"},"id":"way/24054839"},{"type":"Feature","geometry":{"type":"LineString","coordinates":[[-3.251111,51.410505],[-3.251353,51.410356]]},"properties":{"@id":"way/24054840","bridge":"yes","electrified":"no","gauge":"1435","layer":"1","maxspeed":"40 mph","name":"Barry Line","name:cy":"Llinell Y Barri","operator":"Network Rail","operator:wikidata":"Q1501071","passenger_lines":"2","railway":"rail","ref":"BRY","source":"NPE","usage":"branch"},"id":"way/24054840"},{"type":"Feature","geometry":{"type":"LineString","coordinates":[[-3.251298,51.410313],[-3.251075,51.410457]]},"properties":{"@id":"way/24054841","bridge":"yes","layer":"1","name":"Barry Docks High Level Lines","operator":"Network Rail","operator:wikidata":"Q1501071","railway":"rail","ref":"BDL","source":"NPE"},"id":"way/24054841"},{"type":"Feature","geometry":{"type":"LineString","coordinates":[[-3.251075,51.410457],[-3.250626,51.410725],[-3.250457,51.410841],[-3.250388,51.410899],[-3.25014,51.411064],[-3.249896,51.411212],[-3.249406,51.411497],[-3.249064,51.411736],[-3.248311,51.41228],[-3.248123,51.412435],[-3.247997,51.412556]]},"properties":{"@id":"way/24054842","maxspeed":"15 mph","name":"Barry Docks High Level Lines","operator":"Network Rail","operator:wikidata":"Q1501071","railway":"rail","ref":"BDL","source":"NPE"},"id":"way/24054842"},{"type":"Feature","geometry":{"type":"LineString","coordinates":[[-3.231084,51.520455],[-3.230792,51.520462],[-3.229081,51.520524],[-3.225844,51.52065],[-3.224444,51.520719],[-3.223774,51.520747],[-3.223083,51.520772],[-3.222158,51.520806],[-3.220786,51.520854],[-3.219261,51.52091],[-3.215324,51.521053],[-3.214483,51.521084],[-3.214273,51.521092],[-3.213609,51.521115],[-3.213297,51.521127],[-3.211281,51.521199],[-3.203795,51.521472],[-3.203203,51.52149],[-3.20247,51.521515],[-3.201941,51.521535],[-3.201299,51.521559],[-3.200265,51.521596],[-3.19949,51.521622],[-3.198478,51.52166],[-3.19764,51.521692]]},"properties":{"@id":"way/24455825","electrified":"contact_line","frequency":"50","gauge":"1435","maxspeed:backward":"45 mph","maxspeed:forward":"40 mph","name":"Coryton Line","operator":"Transport for Wales","operator:wikidata":"Q48740007","railway":"rail","railway:aws":"yes","railway:bidirectional":"regular","railway:preferred_direction":"both","railway:tpws":"yes","ref":"CRY","source":"NPE","usage":"branch","voltage":"25000","wikidata":"Q5173810","wikipedia":"en:Coryton Line"},"id":"way/24455825"},{"type":"Feature","geometry":{"type":"LineString","coordinates":[[-3.178163,51.488469],[-3.178519,51.488663],[-3.178902,51.488871],[-3.179237,51.489053],[-3.179545,51.48922],[-3.179797,51.489357],[-3.180149,51.489549],[-3.181216,51.490128],[-3.183354,51.49129],[-3.185054,51.492212],[-3.191228,51.495561],[-3.195231,51.497734],[-3.196025,51.498158],[-3.196964,51.498674]]},"properties":{"@id":"way/26434623","electrified":"no","gauge":"1435","maxspeed":"70 mph","name":"Valley Lines","operator":"Transport for Wales","operator:wikidata":"Q48740007","passenger_lines":"2","railway":"rail","ref":"CAM","source":"npe","usage":"branch"},"id":"way/26434623"},{"type":"Feature","geometry":{"type":"LineString","coordinates":[[-3.177201,51.487945],[-3.178163,51.488469]]},"properties":{"@id":"way/26434624","electrified":"no","gauge":"1435","layer":"0","maxspeed":"70 mph","operator":"Transport for Wales","operator:wikidata":"Q48740007","passenger_lines":"2","railway":"rail","ref":"CAM","source":"npe","tunnel":"yes","usage":"branch"},"id":"way/26434624"},{"type":"Feature","geometry":{"type":"LineString","coordinates":[[-3.464904,51.408552],[-3.463348,51.4086],[-3.462651,51.408596]]},"properties":{"@id":"way/26454072","electrified":"no","gauge":"1435","layer":"0","maxspeed":"50 mph","name":"Vale of Glamorgan Line","name:cy":"Llinell Bro Morgannwg","operator":"Network Rail","operator:wikidata":"Q1501071","passenger_lines":"2","railway":"rail","ref":"VOG","source":"NPE","usage":"branch"},"id":"way/26454072"},{"type":"Feature","geometry":{"type":"LineString","coordinates":[[-3.462651,51.408596],[-3.461996,51.408571]]},"properties":{"@id":"way/26454073","bridge":"yes","electrified":"no","gauge":"1435","layer":"1","maxspeed":"50 mph","name":"Vale of Glamorgan Line","name:cy":"Llinell Bro Morgannwg","operator":"Network Rail","operator:wikidata":"Q1501071","passenger_lines":"2","railway":"rail","ref":"VOG","source":"NPE","usage":"branch"},"id":"way/26454073"},{"type":"Feature","geometry":{"type":"LineString","coordinates":[[-3.461996,51.408571],[-3.461164,51.408491],[-3.460352,51.408353],[-3.459531,51.408169]]},"properties":{"@id":"way/26454075","electrified":"no","gauge":"1435","layer":"0","maxspeed":"50 mph","name":"Vale of Glamorgan Line","name:cy":"Llinell Bro Morgannwg","operator":"Network Rail","operator:wikidata":"Q1501071","passenger_lines":"2","railway":"rail","ref":"VOG","source":"NPE","usage":"branch"},"id":"way/26454075"},{"type":"Feature","geometry":{"type":"LineString","coordinates":[[-3.459531,51.408169],[-3.458859,51.407965]]},"properties":{"@id":"way/26454076","bridge":"yes","electrified":"no","gauge":"1435","layer":"1","maxspeed":"50 mph","name":"Vale of Glamorgan Line","name:cy":"Llinell Bro Morgannwg","operator":"Network Rail","operator:wikidata":"Q1501071","passenger_lines":"2","railway":"rail","ref":"VOG","source":"NPE","usage":"branch"},"id":"way/26454076"},{"type":"Feature","geometry":{"type":"LineString","coordinates":[[-3.233416,51.509089],[-3.233768,51.509163]]},"properties":{"@id":"way/26538791","bridge":"yes","electrified":"contact_line","frequency":"50","gauge":"1435","layer":"1","maxspeed":"55 mph","name":"Cardiff and Merthyr Line","operator":"Transport for Wales","operator:wikidata":"Q48740007","passenger_lines":"2","railway":"rail","ref":"CAM","source":"npe","usage":"branch","voltage":"25000"},"id":"way/26538791"},{"type":"Feature","geometry":{"type":"LineString","coordinates":[[-3.233768,51.509163],[-3.234562,51.509332],[-3.235023,51.509436],[-3.235443,51.509539],[-3.23581,51.509635],[-3.236374,51.509791],[-3.236979,51.509975],[-3.237479,51.510141],[-3.23815,51.510381],[-3.238901,51.51068],[-3.23922,51.510816]]},"properties":{"@id":"way/26538792","electrified":"contact_line","frequency":"50","gauge":"1435","maxspeed":"55 mph","name":"Cardiff and Merthyr Line","operator":"Transport for Wales","operator:wikidata":"Q48740007","passenger_lines":"2","railway":"rail","ref":"CAM","source":"npe","usage":"branch","voltage":"25000"},"id":"way/26538792"},{"type":"Feature","geometry":{"type":"LineString","coordinates":[[-3.23922,51.510816],[-3.23951,51.51094],[-3.239825,51.511079],[-3.240135,51.511218]]},"properties":{"@id":"way/26558823","bridge":"viaduct","electrified":"contact_line","frequency":"50","gauge":"1435","layer":"1","maxspeed":"55 mph","name":"Cardiff and Merthyr Line","operator":"Transport for Wales","operator:wikidata":"Q48740007","passenger_lines":"2","railway":"rail","ref":"CAM","source":"npe","usage":"branch","voltage":"25000"},"id":"way/26558823"},{"type":"Feature","geometry":{"type":"LineString","coordinates":[[-3.240135,51.511218],[-3.241525,51.511856],[-3.242781,51.512559],[-3.244004,51.513329],[-3.244161,51.513455],[-3.244434,51.513643],[-3.244862,51.513947],[-3.245142,51.514154],[-3.245791,51.514658],[-3.24599,51.514816],[-3.246141,51.514937]]},"properties":{"@id":"way/26558824","electrified":"contact_line","frequency":"50","gauge":"1435","maxspeed":"55 mph","name":"Cardiff and Merthyr Line","operator":"Transport for Wales","operator:wikidata":"Q48740007","passenger_lines":"2","railway":"rail","ref":"CAM","source":"npe","usage":"branch","voltage":"25000"},"id":"way/26558824"},{"type":"Feature","geometry":{"type":"LineString","coordinates":[[-3.208807,51.479215],[-3.208545,51.47912],[-3.208253,51.479003],[-3.207986,51.478895],[-3.207696,51.478768],[-3.20723,51.478538],[-3.206767,51.478301],[-3.206351,51.478094],[-3.205903,51.477891],[-3.205599,51.477776],[-3.205288,51.477678],[-3.204715,51.477526],[-3.204494,51.477463],[-3.204329,51.477416],[-3.204127,51.477352],[-3.203834,51.477251],[-3.203492,51.477135],[-3.203115,51.477013]]},"properties":{"@id":"way/26588122","electrified":"no","gauge":"1435","maxspeed":"15 mph","operator":"Network Rail","operator:wikidata":"Q1501071","railway":"rail","service":"crossover"},"id":"way/26588122"},{"type":"Feature","geometry":{"type":"LineString","coordinates":[[-3.183152,51.475557],[-3.183587,51.475583]]},"properties":{"@id":"way/26763924","electrified":"contact_line","frequency":"50","gauge":"1435","maxspeed":"30 mph","name":"South Wales Main Line","name:br":"Linenn Pennañ Su Kembre","name:cy":"Prif Linell De Cymru","name:en":"South Wales Main Line","operator":"Network Rail","operator:wikidata":"Q1501071","railway":"rail","ref":"SWM2","usage":"main","voltage":"25000"},"id":"way/26763924"},{"type":"Feature","geometry":{"type":"LineString","coordinates":[[-3.183159,51.47566],[-3.182475,51.475638]]},"properties":{"@id":"way/26763949","bridge":"yes","electrified":"contact_line","frequency":"50","gauge":"1435","layer":"1","maxspeed":"30 mph","name":"South Wales Main Line","name:br":"Linenn Pennañ Su Kembre","name:cy":"Prif Linell De Cymru","name:en":"South Wales Main Line","operator":"Network Rail","operator:wikidata":"Q1501071","railway":"rail","ref":"SWM2","usage":"main","voltage":"25000"},"id":"way/26763949"},{"type":"Feature","geometry":{"type":"LineString","coordinates":[[-3.177496,51.503713],[-3.177537,51.503845],[-3.177645,51.504175],[-3.17774,51.50447],[-3.177859,51.50484],[-3.178016,51.505323],[-3.178118,51.505638],[-3.178177,51.505819],[-3.178278,51.506129],[-3.178381,51.506453],[-3.178629,51.507211],[-3.178766,51.507637],[-3.178902,51.508055],[-3.179042,51.508486],[-3.179365,51.509483],[-3.179871,51.511049],[-3.17996,51.511323],[-3.180134,51.511857],[-3.180334,51.512475],[-3.180444,51.512819],[-3.180548,51.513143]]},"properties":{"@id":"way/27578140","electrified":"contact_line","frequency":"50","gauge":"1435","maxspeed":"65 mph","name":"Rhymney Line","name:cy":"Llinell Rhymni","operator":"Transport for Wales","operator:wikidata":"Q48740007","passenger_lines":"2","railway":"rail","ref":"CAR","usage":"branch","voltage":"25000"},"id":"way/27578140"},{"type":"Feature","geometry":{"type":"LineString","coordinates":[[-3.176386,51.475774],[-3.176354,51.475779],[-3.176258,51.4758]]},"properties":{"@id":"way/27620003","bridge":"yes","electrified":"no","gauge":"1435","layer":"1","maxspeed":"15 mph","name":"Cardiff Valley Line","operator":"Network Rail","operator:wikidata":"Q1501071","railway":"rail","ref":"CEJ","source":"npe","tracks":"2","usage":"branch"},"id":"way/27620003"},{"type":"Feature","geometry":{"type":"LineString","coordinates":[[-3.382905,51.61066],[-3.383708,51.610716]]},"properties":{"@id":"way/27821593","bridge":"yes","electrified":"contact_line","frequency":"50","gauge":"1435","layer":"1","maxspeed":"40 mph","name":"Rhondda Line","operator":"Transport for Wales","operator:wikidata":"Q48740007","railway":"rail","ref":"THT","source":"Yahoo, npe","usage":"branch","voltage":"25000"},"id":"way/27821593"},{"type":"Feature","geometry":{"type":"LineString","coordinates":[[-3.383708,51.610716],[-3.384284,51.610762],[-3.384605,51.610792],[-3.384963,51.610849],[-3.386777,51.611206],[-3.387411,51.611325],[-3.387836,51.611384],[-3.388247,51.611432]]},"properties":{"@id":"way/27821594","electrified":"contact_line","frequency":"50","gauge":"1435","maxspeed":"40 mph","name":"Rhondda Line","operator":"Transport for Wales","operator:wikidata":"Q48740007","railway":"rail","ref":"THT","source":"OS_OpenData_StreetView","usage":"branch","voltage":"25000"},"id":"way/27821594"},{"type":"Feature","geometry":{"type":"LineString","coordinates":[[-2.964988,51.584917],[-2.964656,51.584837],[-2.963407,51.584569],[-2.962774,51.584432],[-2.962602,51.584396],[-2.962279,51.584307],[-2.961919,51.584203],[-2.961406,51.584044],[-2.96095,51.583904],[-2.960597,51.583757],[-2.960352,51.583624],[-2.960137,51.583481],[-2.959953,51.583335],[-2.95979,51.583191],[-2.959617,51.583008],[-2.95944,51.582768],[-2.959348,51.582598],[-2.959266,51.582415],[-2.959194,51.582197],[-2.95915,51.58197],[-2.959144,51.581892],[-2.959145,51.581767],[-2.95916,51.581585],[-2.959203,51.58137],[-2.959281,51.581146],[-2.959387,51.580832]]},"properties":{"@id":"way/30791612","electrified":"no","gauge":"1435","maxspeed":"15 mph","name":"Uskmouth Branch","operator":"Network Rail","operator:wikidata":"Q1501071","railway":"rail","railway:bidirectional":"regular","railway:preferred_direction":"both","ref":"EUB","usage":"branch"},"id":"way/30791612"},{"type":"Feature","geometry":{"type":"LineString","coordinates":[[-2.974307,51.569899],[-2.974308,51.569731]]},"properties":{"@id":"way/30791615","bridge":"yes","electrified":"no","gauge":"1435","layer":"1","maxspeed":"15 mph","name":"Uskmouth branch","operator":"Network Rail","operator:wikidata":"Q1501071","railway":"rail","railway:bidirectional":"regular","railway:preferred_direction":"both","ref":"EUB","source":"NPE","usage":"branch"},"id":"way/30791615"},{"type":"Feature","geometry":{"type":"LineString","coordinates":[[-2.963619,51.562864],[-2.963006,51.56255],[-2.96292,51.562511],[-2.962844,51.562473],[-2.962765,51.562432],[-2.962156,51.562131],[-2.961921,51.562011],[-2.961794,51.561945],[-2.961619,51.561852],[-2.961278,51.561657],[-2.961175,51.561594],[-2.961057,51.561513],[-2.960948,51.561434],[-2.96082,51.561332],[-2.960596,51.561146],[-2.960392,51.560957],[-2.960268,51.560837],[-2.960133,51.560694],[-2.959904,51.560408],[-2.959773,51.560226],[-2.9597,51.560112],[-2.959587,51.559934],[-2.959544,51.559857],[-2.959453,51.559645],[-2.959404,51.559491],[-2.959348,51.559302],[-2.959291,51.559104],[-2.959268,51.558992],[-2.959257,51.558839],[-2.95925,51.558548],[-2.959251,51.558332],[-2.959269,51.557998],[-2.959325,51.557154],[-2.959377,51.555988],[-2.959472,51.554558],[-2.959563,51.55376],[-2.959625,51.553477],[-2.959681,51.553309],[-2.959885,51.552879],[-2.959977,51.552724],[-2.960059,51.552605],[-2.960155,51.552483],[-2.960388,51.552209],[-2.960879,51.551758]]},"properties":{"@id":"way/30791622","electrified":"no","gauge":"1435","maxspeed":"15 mph","name":"Uskmouth branch","name:cy":"Cangen Aberwysg","operator":"Network Rail","operator:wikidata":"Q1501071","railway":"rail","railway:bidirectional":"regular","railway:preferred_direction":"both","ref":"EUB","source":"NPE","usage":"branch"},"id":"way/30791622"},{"type":"Feature","geometry":{"type":"LineString","coordinates":[[-2.969255,51.573968],[-2.969467,51.573865],[-2.969936,51.573664],[-2.971526,51.572958],[-2.971764,51.572851],[-2.97201,51.572743],[-2.972474,51.572511],[-2.97265,51.572405],[-2.972818,51.572302],[-2.973094,51.572111],[-2.973321,51.571902],[-2.973711,51.571519],[-2.973894,51.571293],[-2.974023,51.571087],[-2.97414,51.570863],[-2.974226,51.570584],[-2.974291,51.570293],[-2.974307,51.569899]]},"properties":{"@id":"way/30791630","electrified":"no","gauge":"1435","maxspeed":"15 mph","name":"Uskmouth branch","name:cy":"Llinell leol Aber-wysg","operator":"Network Rail","operator:wikidata":"Q1501071","railway":"rail","railway:bidirectional":"regular","railway:preferred_direction":"both","ref":"EUB","source":"NPE","usage":"branch"},"id":"way/30791630"},{"type":"Feature","geometry":{"type":"LineString","coordinates":[[-2.968926,51.574113],[-2.969255,51.573968]]},"properties":{"@id":"way/30791633","bridge":"yes","electrified":"no","gauge":"1435","layer":"1","maxspeed":"15 mph","name":"East Usk Branch","operator":"Network Rail","operator:wikidata":"Q1501071","railway":"rail","railway:bidirectional":"regular","railway:preferred_direction":"both","ref":"EUB","source":"NPE","usage":"branch"},"id":"way/30791633"},{"type":"Feature","geometry":{"type":"LineString","coordinates":[[-2.965629,51.575605],[-2.967369,51.574814],[-2.968926,51.574113]]},"properties":{"@id":"way/30791636","electrified":"no","gauge":"1435","maxspeed":"15 mph","name":"East Usk Branch","operator":"Network Rail","operator:wikidata":"Q1501071","railway":"rail","railway:bidirectional":"regular","railway:preferred_direction":"both","ref":"EUB","source":"NPE","usage":"branch"},"id":"way/30791636"},{"type":"Feature","geometry":{"type":"LineString","coordinates":[[-3.170175,51.480107],[-3.170177,51.480194],[-3.170189,51.480405],[-3.170209,51.480557],[-3.170228,51.480731],[-3.170233,51.480802],[-3.170244,51.480913],[-3.170267,51.481076],[-3.17029,51.481217],[-3.170343,51.481493],[-3.170435,51.481931],[-3.170487,51.482182],[-3.170537,51.482433]]},"properties":{"@id":"way/31134722","electrified":"no","gauge":"1435","layer":"1","maxspeed":"15 mph","name":"Valley Lines","operator":"Transport for Wales","operator:wikidata":"Q48740007","passenger_lines":"4","railway":"rail","ref":"CAM","source":"npe","usage":"branch"},"id":"way/31134722"},{"type":"Feature","geometry":{"type":"LineString","coordinates":[[-3.170192,51.479869],[-3.170177,51.480033]]},"properties":{"@id":"way/31134724","bridge":"yes","electrified":"no","gauge":"1435","layer":"1","maxspeed":"25 mph","name":"Valley Lines","operator":"Transport for Wales","operator:wikidata":"Q48740007","passenger_lines":"4","railway":"rail","ref":"CAM","source":"npe","usage":"branch"},"id":"way/31134724"},{"type":"Feature","geometry":{"type":"LineString","coordinates":[[-3.170326,51.482393],[-3.170279,51.482295],[-3.170231,51.482141],[-3.170204,51.482043],[-3.170178,51.481937],[-3.17015,51.481797],[-3.170129,51.481684],[-3.170109,51.481534],[-3.1701,51.48143],[-3.170086,51.481298],[-3.170077,51.481179],[-3.170076,51.481078],[-3.170071,51.480875],[-3.170079,51.480767],[-3.170095,51.48053],[-3.170126,51.480054]]},"properties":{"@id":"way/31134734","electrified":"no","gauge":"1435","maxspeed":"25 mph","name":"Cardiff Bay Branch","operator":"Transport for Wales","operator:wikidata":"Q48740007","passenger_lines":"4","railway":"rail","ref":"CAM","usage":"branch"},"id":"way/31134734"},{"type":"Feature","geometry":{"type":"LineString","coordinates":[[-3.170128,51.480034],[-3.17014,51.479868]]},"properties":{"@id":"way/31134735","bridge":"yes","electrified":"no","gauge":"1435","layer":"1","maxspeed":"25 mph","name":"Cardiff Bay Branch","operator":"Transport for Wales","operator:wikidata":"Q48740007","passenger_lines":"4","railway":"rail","ref":"CAM","usage":"branch"},"id":"way/31134735"},{"type":"Feature","geometry":{"type":"LineString","coordinates":[[-3.170631,51.478632],[-3.170815,51.47834]]},"properties":{"@id":"way/31134754","bridge":"yes","electrified":"no","gauge":"1435","layer":"1","maxspeed":"25 mph","name":"Cardiff Bay Branch","operator":"Transport for Wales","operator:wikidata":"Q48740007","passenger_lines":"3","railway":"rail","ref":"CAM","usage":"branch"},"id":"way/31134754"},{"type":"Feature","geometry":{"type":"LineString","coordinates":[[-3.17027,51.479255],[-3.170322,51.479147],[-3.170384,51.479037],[-3.170478,51.478881],[-3.170631,51.478632]]},"properties":{"@id":"way/31134756","electrified":"no","embankment":"yes","gauge":"1435","maxspeed":"25 mph","name":"Cardiff Bay Branch","operator":"Transport for Wales","operator:wikidata":"Q48740007","passenger_lines":"3","railway":"rail","ref":"CAM","usage":"branch"},"id":"way/31134756"},{"type":"Feature","geometry":{"type":"LineString","coordinates":[[-3.170876,51.47834],[-3.170684,51.478637]]},"properties":{"@id":"way/31134757","bridge":"yes","electrified":"no","gauge":"1435","layer":"1","maxspeed":"25 mph","name":"Valley Lines","operator":"Transport for Wales","operator:wikidata":"Q48740007","passenger_lines":"3","railway":"rail","ref":"CAM","source":"npe","usage":"branch"},"id":"way/31134757"},{"type":"Feature","geometry":{"type":"LineString","coordinates":[[-3.170684,51.478637],[-3.170531,51.478879],[-3.170384,51.479133]]},"properties":{"@id":"way/31134758","electrified":"no","embankment":"yes","gauge":"1435","maxspeed":"25 mph","name":"Valley Lines","operator":"Transport for Wales","operator:wikidata":"Q48740007","passenger_lines":"3","railway":"rail","ref":"CAM","source":"npe","usage":"branch"},"id":"way/31134758"},{"type":"Feature","geometry":{"type":"LineString","coordinates":[[-3.171457,51.477467],[-3.171334,51.47761]]},"properties":{"@id":"way/31134937","electrified":"no","embankment":"yes","gauge":"1435","name":"Cardiff Valley Line","operator":"Transport for Wales","operator:wikidata":"Q48740007","passenger_lines":"2","railway":"rail","ref":"CEJ","source":"npe","usage":"branch"},"id":"way/31134937"},{"type":"Feature","geometry":{"type":"LineString","coordinates":[[-3.171372,51.477446],[-3.17118,51.477756]]},"properties":{"@id":"way/31134990","electrified":"no","embankment":"yes","gauge":"1435","maxspeed":"25 mph","name":"Cardiff Bay Branch","operator":"Transport for Wales","operator:wikidata":"Q48740007","passenger_lines":"2","railway":"rail","railway:aws":"yes","railway:bidirectional":"regular","railway:preferred_direction":"both","railway:tpws":"yes","ref":"CAM","usage":"branch"},"id":"way/31134990"},{"type":"Feature","geometry":{"type":"LineString","coordinates":[[-3.171372,51.477446],[-3.171588,51.477109]]},"properties":{"@id":"way/31134991","bridge":"yes","electrified":"no","gauge":"1435","layer":"1","maxspeed":"25 mph","name":"Cardiff Bay Branch","operator":"Transport for Wales","operator:wikidata":"Q48740007","passenger_lines":"2","railway":"rail","railway:aws":"yes","railway:bidirectional":"regular","railway:preferred_direction":"both","railway:tpws":"yes","ref":"CAM","usage":"branch"},"id":"way/31134991"},{"type":"Feature","geometry":{"type":"LineString","coordinates":[[-3.173897,51.476425],[-3.173609,51.476513]]},"properties":{"@id":"way/31135030","bridge":"yes","electrified":"no","gauge":"1435","layer":"1","maxspeed":"15 mph","name":"Up Llandaff","operator":"Network Rail","operator:wikidata":"Q1501071","passenger_lines":"6","railway":"rail","ref":"CEJ","source":"npe","usage":"branch"},"id":"way/31135030"},{"type":"Feature","geometry":{"type":"LineString","coordinates":[[-3.173634,51.476554],[-3.173923,51.476468]]},"properties":{"@id":"way/31135047","bridge":"yes","electrified":"contact_line","frequency":"50","gauge":"1435","layer":"1","maxspeed":"15 mph","name":"South Wales Main Line","name:cy":"Prif Linell De Cymru","operator":"Network Rail","operator:wikidata":"Q1501071","passenger_lines":"6","railway":"rail","ref":"SWM2","source":"npe","usage":"main","voltage":"25000"},"id":"way/31135047"},{"type":"Feature","geometry":{"type":"LineString","coordinates":[[-3.482137,51.410128],[-3.481909,51.409969],[-3.481665,51.409802],[-3.481379,51.409639],[-3.481061,51.40946],[-3.480769,51.409311],[-3.48037,51.409131],[-3.479914,51.40895],[-3.479429,51.408784],[-3.478824,51.408612],[-3.478578,51.40855],[-3.478286,51.408488],[-3.477645,51.408369],[-3.476992,51.408272],[-3.476242,51.408206],[-3.475593,51.408181],[-3.475087,51.408184]]},"properties":{"@id":"way/31545416","electrified":"no","gauge":"1435","layer":"0","maxspeed":"50 mph","name":"Vale of Glamorgan Line","name:cy":"Llinell Bro Morgannwg","operator":"Network Rail","operator:wikidata":"Q1501071","passenger_lines":"2","railway":"rail","ref":"VOG","source":"NPE","usage":"branch"},"id":"way/31545416"},{"type":"Feature","geometry":{"type":"LineString","coordinates":[[-3.475087,51.408184],[-3.474731,51.408193]]},"properties":{"@id":"way/31545417","bridge":"yes","electrified":"no","gauge":"1435","layer":"1","maxspeed":"50 mph","name":"Vale of Glamorgan Line","name:cy":"Llinell Bro Morgannwg","operator":"Network Rail","operator:wikidata":"Q1501071","passenger_lines":"2","railway":"rail","ref":"VOG","source":"NPE","usage":"branch"},"id":"way/31545417"},{"type":"Feature","geometry":{"type":"LineString","coordinates":[[-3.125997,51.620816],[-3.126531,51.621082]]},"properties":{"@id":"way/33806487","electrified":"no","gauge":"1435","maxspeed":"30 mph","name":"Ebbw Valley Line","operator":"Network Rail","operator:wikidata":"Q1501071","railway":"rail","ref":"WVL","source":"NPE","usage":"branch"},"id":"way/33806487"},{"type":"Feature","geometry":{"type":"LineString","coordinates":[[-2.99644,51.590851],[-2.996151,51.590953],[-2.995954,51.591016],[-2.995782,51.59107],[-2.995505,51.591141],[-2.995355,51.591177],[-2.994925,51.591269],[-2.994711,51.59131],[-2.99412,51.591425],[-2.993743,51.591497],[-2.992434,51.591736]]},"properties":{"@id":"way/34096439","bridge":"yes","electrified":"contact_line","frequency":"50","gauge":"1435","layer":"1","maxspeed":"40 mph","name":"South Wales Main Line","name:br":"Linenn Pennañ Su Kembre","name:cy":"Prif Linell De Cymru","operator":"Network Rail","operator:wikidata":"Q1501071","passenger_lines":"4","railway":"rail","railway:aws":"yes","railway:tpws":"yes","railway:track_ref":"UR","ref":"SWM2","usage":"main","voltage":"25000"},"id":"way/34096439"},{"type":"Feature","geometry":{"type":"LineString","coordinates":[[-3.184668,51.442953],[-3.184545,51.44274]]},"properties":{"@id":"way/34407203","bridge":"yes","electrified":"no","gauge":"1435","layer":"1","maxspeed":"35 mph","name":"Vale of Glamorgan Line - Penarth Branch","operator":"Network Rail","operator:wikidata":"Q1501071","passenger_lines":"1","railway":"rail","railway:aws":"yes","railway:bidirectional":"regular","railway:preferred_direction":"both","railway:tpws":"yes","ref":"PTH","usage":"branch"},"id":"way/34407203"},{"type":"Feature","geometry":{"type":"LineString","coordinates":[[-3.005927,51.580004],[-3.003762,51.583831],[-3.002675,51.585721]]},"properties":{"@id":"way/36942344","electrified":"contact_line","frequency":"50","gauge":"1435","layer":"-1","maxspeed":"40 mph","name":"South Wales Main Line","name:br":"Linenn Pennañ Su Kembre","name:cy":"Prif Linell De Cymru","operator":"Network Rail","operator:wikidata":"Q1501071","passenger_lines":"4","railway":"rail","railway:track_ref":"UR","ref":"SWM2","source":"npe","tracks":"4","tunnel":"yes","tunnel:name":"Hillfield Tunnel;Newport Old Tunnel;Stow Hill Railway Tunnel","usage":"main","voltage":"25000","wikidata":"Q29500289"},"id":"way/36942344"},{"type":"Feature","geometry":{"type":"LineString","coordinates":[[-3.002675,51.585721],[-3.002154,51.586627],[-3.001973,51.586939],[-3.001779,51.587274],[-3.001645,51.587505],[-3.001513,51.587708],[-3.001364,51.587904],[-3.001166,51.588118],[-3.000956,51.588323],[-3.000571,51.58864],[-3.00041,51.588757]]},"properties":{"@id":"way/36942345","electrified":"contact_line","frequency":"50","gauge":"1435","name":"South Wales Main Line","name:br":"Linenn Pennañ Su Kembre","name:cy":"Prif Linell De Cymru","operator":"Network Rail","operator:wikidata":"Q1501071","passenger_lines":"4","railway":"rail","railway:aws":"yes","railway:tpws":"yes","railway:track_ref":"UR","ref":"SWM2","source":"npe","tracks":"4","usage":"main","voltage":"25000"},"id":"way/36942345"},{"type":"Feature","geometry":{"type":"LineString","coordinates":[[-3.250527,51.517036],[-3.251236,51.517226],[-3.25221,51.51748],[-3.252601,51.517606]]},"properties":{"@id":"way/37373934","electrified":"contact_line","frequency":"50","gauge":"1435","maxspeed":"25 mph","name":"Cardiff and Merthyr Line","operator":"Transport for Wales","operator:wikidata":"Q48740007","passenger_lines":"3","railway":"rail","ref":"CAM","source":"npe","usage":"branch","voltage":"25000"},"id":"way/37373934"},{"type":"Feature","geometry":{"type":"LineString","coordinates":[[-3.24723,51.515704],[-3.247471,51.515866],[-3.247602,51.515961],[-3.247713,51.516039],[-3.247771,51.516081],[-3.247919,51.516173],[-3.248119,51.516284]]},"properties":{"@id":"way/37373935","electrified":"contact_line","frequency":"50","gauge":"1435","maxspeed":"20 mph","name":"Cardiff and Merthyr Line","operator":"Transport for Wales","operator:wikidata":"Q48740007","railway":"rail","ref":"CAM","service":"crossover","source":"npe","voltage":"25000"},"id":"way/37373935"},{"type":"Feature","geometry":{"type":"LineString","coordinates":[[-3.191422,51.475087],[-3.19185,51.474883],[-3.191989,51.47482],[-3.192387,51.474664],[-3.192804,51.47453],[-3.193129,51.474462],[-3.193501,51.474399],[-3.193936,51.474369],[-3.194239,51.474353],[-3.194548,51.474351],[-3.195004,51.47437],[-3.195425,51.474408],[-3.195702,51.474446],[-3.195975,51.474495],[-3.196226,51.474552],[-3.196382,51.474593],[-3.196574,51.474651],[-3.196752,51.474708],[-3.197061,51.474832]]},"properties":{"@id":"way/37373936","electrified":"no","gauge":"1435","maxspeed":"25 mph","name":"Up Treforest","operator":"Network Rail","operator:wikidata":"Q1501071","railway":"rail","ref":"RAD","usage":"branch"},"id":"way/37373936"},{"type":"Feature","geometry":{"type":"LineString","coordinates":[[-3.191089,51.475174],[-3.19149,51.474952],[-3.191802,51.47476],[-3.192133,51.474505],[-3.192386,51.474246],[-3.192514,51.474077],[-3.192629,51.47389],[-3.192734,51.47368],[-3.192864,51.473264],[-3.192892,51.472924],[-3.192864,51.472663]]},"properties":{"@id":"way/37374529","electrified":"no","gauge":"1435","maxspeed":"25 mph","name":"Down Barry","operator":"Network Rail","operator:wikidata":"Q1501071","passenger_lines":"2","railway":"rail","ref":"BRY","usage":"branch"},"id":"way/37374529"},{"type":"Feature","geometry":{"type":"LineString","coordinates":[[-3.172187,51.475433],[-3.172197,51.475728]]},"properties":{"@id":"way/37374533","bridge":"yes","electrified":"no","gauge":"1435","layer":"1","maxspeed":"25 mph","name":"Cardiff Bay Branch","operator":"Transport for Wales","operator:wikidata":"Q48740007","passenger_lines":"1","railway":"rail","railway:aws":"yes","railway:bidirectional":"regular","railway:preferred_direction":"both","railway:tpws":"yes","ref":"CAM","usage":"branch"},"id":"way/37374533"},{"type":"Feature","geometry":{"type":"LineString","coordinates":[[-3.172197,51.475728],[-3.172172,51.475992],[-3.172112,51.476196],[-3.172016,51.4764],[-3.171887,51.476611]]},"properties":{"@id":"way/37374534","electrified":"no","embankment":"yes","gauge":"1435","maxspeed":"25 mph","name":"Cardiff Bay Branch","operator":"Transport for Wales","operator:wikidata":"Q48740007","passenger_lines":"1","railway":"rail","railway:aws":"yes","railway:bidirectional":"regular","railway:preferred_direction":"both","railway:tpws":"yes","ref":"CAM","usage":"branch"},"id":"way/37374534"},{"type":"Feature","geometry":{"type":"LineString","coordinates":[[-3.170845,51.483563],[-3.170935,51.48375],[-3.17097,51.483817],[-3.171014,51.483898],[-3.171075,51.483998],[-3.17113,51.484078],[-3.171258,51.484251],[-3.171328,51.484321],[-3.171432,51.48443],[-3.171659,51.48464],[-3.171837,51.484785],[-3.172052,51.484946],[-3.172297,51.485117],[-3.172691,51.485375],[-3.172979,51.485557],[-3.173382,51.485808]]},"properties":{"@id":"way/37374535","electrified":"no","gauge":"1435","maxspeed":"25 mph","name":"Valley Lines","operator":"Transport for Wales","operator:wikidata":"Q48740007","passenger_lines":"2","railway":"rail","railway:track_ref":"Up","ref":"CAM","source":"npe","usage":"branch"},"id":"way/37374535"},{"type":"Feature","geometry":{"type":"LineString","coordinates":[[-2.988671,51.591808],[-2.988481,51.591783],[-2.988276,51.591758]]},"properties":{"@id":"way/37721026","bridge":"yes","electrified":"contact_line","frequency":"50","gauge":"1435","layer":"1","maxspeed":"40 mph","name":"South Wales Main Line","name:br":"Linenn Pennañ Su Kembre","name:cy":"Prif Linell De Cymru","operator":"Network Rail","operator:wikidata":"Q1501071","passenger_lines":"4","railway":"rail","railway:aws":"yes","railway:tpws":"yes","railway:track_ref":"UR","ref":"SWM2","source":"npe","tracks":"4","usage":"main","voltage":"25000"},"id":"way/37721026"},{"type":"Feature","geometry":{"type":"LineString","coordinates":[[-2.988276,51.591758],[-2.988221,51.591751],[-2.987881,51.591702],[-2.98739,51.591614],[-2.987059,51.591543],[-2.986716,51.591459],[-2.986257,51.591323],[-2.985994,51.591239],[-2.98575,51.591157],[-2.985544,51.591081],[-2.985323,51.590998],[-2.985137,51.590924],[-2.984917,51.590832],[-2.984584,51.590683]]},"properties":{"@id":"way/37721027","electrified":"contact_line","frequency":"50","gauge":"1435","maxspeed":"40 mph","name":"South Wales Main Line","name:br":"Linenn Pennañ Su Kembre","name:cy":"Prif Linell De Cymru","operator":"Network Rail","operator:wikidata":"Q1501071","passenger_lines":"4","railway":"rail","railway:aws":"yes","railway:tpws":"yes","railway:track_ref":"UR","ref":"SWM2","source":"npe","tracks":"4","usage":"main","voltage":"25000"},"id":"way/37721027"},{"type":"Feature","geometry":{"type":"LineString","coordinates":[[-2.980086,51.588829],[-2.979734,51.58872],[-2.979228,51.58857]]},"properties":{"@id":"way/37721141","electrified":"contact_line","frequency":"50","gauge":"1435","layer":"2","maxspeed":"40 mph","name":"South Wales Main Line","name:br":"Linenn Pennañ Su Kembre","name:cy":"Prif Linell De Cymru","operator":"Network Rail","operator:wikidata":"Q1501071","passenger_lines":"4","railway":"rail","railway:aws":"yes","railway:tpws":"yes","railway:track_ref":"UR","ref":"SWM2","source":"npe","tracks":"4","usage":"main","voltage":"25000"},"id":"way/37721141"},{"type":"Feature","geometry":{"type":"LineString","coordinates":[[-2.978839,51.58846],[-2.977865,51.588193],[-2.977623,51.588126],[-2.976863,51.587934],[-2.974822,51.587435]]},"properties":{"@id":"way/37721142","electrified":"contact_line","frequency":"50","gauge":"1435","layer":"2","maxspeed":"40 mph","name":"South Wales Main Line","name:br":"Linenn Pennañ Su Kembre","name:cy":"Prif Linell De Cymru","operator":"Network Rail","operator:wikidata":"Q1501071","passenger_lines":"4","railway":"rail","railway:aws":"yes","railway:tpws":"yes","railway:track_ref":"UR","ref":"SWM2","source":"npe","tracks":"4","usage":"main","voltage":"25000"},"id":"way/37721142"},{"type":"Feature","geometry":{"type":"LineString","coordinates":[[-2.98411,51.590469],[-2.983584,51.59023],[-2.982982,51.589953],[-2.982523,51.589741],[-2.982193,51.589591],[-2.981907,51.589475],[-2.981689,51.589386],[-2.981518,51.589317],[-2.981201,51.589201],[-2.980926,51.589104],[-2.980654,51.589013],[-2.980086,51.588829]]},"properties":{"@id":"way/37738658","electrified":"contact_line","frequency":"50","gauge":"1435","maxspeed":"40 mph","name":"South Wales Main Line","name:br":"Linenn Pennañ Su Kembre","name:cy":"Prif Linell De Cymru","operator":"Network Rail","operator:wikidata":"Q1501071","passenger_lines":"4","railway":"rail","railway:aws":"yes","railway:tpws":"yes","railway:track_ref":"UR","ref":"SWM2","source":"npe","tracks":"4","usage":"main","voltage":"25000"},"id":"way/37738658"},{"type":"Feature","geometry":{"type":"LineString","coordinates":[[-2.987015,51.592399],[-2.986968,51.592305],[-2.986919,51.592214],[-2.986858,51.592123],[-2.986801,51.592048],[-2.986726,51.591957]]},"properties":{"@id":"way/37738659","alt_name":"Maindee East Loop","bridge":"yes","electrified":"no","gauge":"1435","level":"1","maxspeed":"30 mph","name":"Hereford Loop","operator":"Network Rail","operator:wikidata":"Q1501071","railway":"rail","railway:aws":"yes","railway:tpws":"yes","ref":"MAI","tracks":"1","usage":"main"},"id":"way/37738659"},{"type":"Feature","geometry":{"type":"LineString","coordinates":[[-2.986829,51.593726],[-2.986873,51.593664],[-2.98692,51.593595],[-2.986992,51.593462],[-2.987034,51.593365],[-2.987064,51.593286],[-2.98709,51.5932],[-2.987109,51.5931],[-2.987124,51.592985],[-2.987125,51.592892],[-2.987121,51.592802],[-2.987107,51.5927],[-2.987087,51.592599],[-2.987054,51.592498],[-2.987015,51.592399]]},"properties":{"@id":"way/37738660","alt_name":"Maindee East Loop","electrified":"no","gauge":"1435","maxspeed":"30 mph","name":"Hereford Loop","name:cy":"Dolen Henffordd","operator":"Network Rail","operator:wikidata":"Q1501071","railway":"rail","railway:aws":"yes","railway:tpws":"yes","railway:track_ref":"Up Hereford Loop Down","ref":"MAI","tracks":"1","usage":"main"},"id":"way/37738660"},{"type":"Feature","geometry":{"type":"LineString","coordinates":[[-2.981264,51.607527],[-2.982195,51.606397]]},"properties":{"@id":"way/37738863","bridge":"yes","electrified":"no","gauge":"1435","maxspeed":"40 mph","name":"Welsh Marches Line","name:cy":"Rheilffordd y Gororau","operator":"Network Rail","operator:wikidata":"Q1501071","railway":"rail","railway:aws":"yes","railway:tpws":"yes","railway:track_ref":"DH","ref":"HNL1","usage":"main"},"id":"way/37738863"},{"type":"Feature","geometry":{"type":"LineString","coordinates":[[-2.963177,51.623426],[-2.961637,51.622865],[-2.960943,51.622568],[-2.960584,51.622388],[-2.95995,51.622022],[-2.959935,51.622011],[-2.959526,51.621719],[-2.959142,51.621427],[-2.958545,51.620866],[-2.958119,51.620433],[-2.957759,51.62005],[-2.957495,51.619748],[-2.957416,51.61964],[-2.957097,51.619166],[-2.956896,51.618735],[-2.956779,51.618405],[-2.956704,51.618099],[-2.956659,51.617775],[-2.956656,51.617507],[-2.956663,51.617248],[-2.956733,51.616826],[-2.956837,51.616486],[-2.956931,51.616239],[-2.957194,51.615745],[-2.95746,51.615358],[-2.95786,51.614906],[-2.958205,51.614584],[-2.958629,51.614275],[-2.959017,51.614015],[-2.959382,51.613811],[-2.960194,51.613428],[-2.960387,51.61335],[-2.960607,51.613272],[-2.960812,51.6132],[-2.961234,51.613069],[-2.962001,51.612875],[-2.962984,51.612676],[-2.965043,51.612266],[-2.966191,51.612027],[-2.967079,51.611848],[-2.9684,51.611589],[-2.972302,51.610812],[-2.973891,51.610497],[-2.974466,51.610381],[-2.97536,51.610193],[-2.975982,51.610051],[-2.976856,51.609822],[-2.977632,51.609602],[-2.97867,51.609261],[-2.979115,51.609078],[-2.97955,51.60888],[-2.979947,51.608645],[-2.980321,51.608402],[-2.980682,51.608125],[-2.98103,51.607783]]},"properties":{"@id":"way/37738864","electrified":"no","gauge":"1435","maxspeed":"60 mph","name":"Welsh Marches Line","name:cy":"Rheilffordd y Gororau","operator":"Network Rail","operator:wikidata":"Q1501071","railway":"rail","railway:aws":"yes","railway:tpws":"yes","railway:track_ref":"DH","ref":"HNL1","tracks":"2","usage":"main"},"id":"way/37738864"},{"type":"Feature","geometry":{"type":"LineString","coordinates":[[-3.102952,51.583307],[-3.10356,51.58363],[-3.1039,51.583823]]},"properties":{"@id":"way/37803933","bridge":"yes","electrified":"no","gauge":"1435","layer":"1","maxspeed":"20 mph","name":"Bassaleg Junction and Rhymney Line","operator":"Network Rail","operator:wikidata":"Q1501071","railway":"rail","railway:aws":"yes","railway:bidirectional":"regular","railway:preferred_direction":"both","railway:tpws":"no","railway:traffic_mode":"freight","ref":"BJR","usage":"branch"},"id":"way/37803933"},{"type":"Feature","geometry":{"type":"LineString","coordinates":[[-2.986798,51.593836],[-2.986867,51.593751]]},"properties":{"@id":"way/37843136","bridge":"yes","electrified":"no","gauge":"1435","maxspeed":"40 mph","name":"Welsh Marches Line","operator":"Network Rail","operator:wikidata":"Q1501071","passenger_lines":"4","railway":"rail","railway:aws":"yes","railway:tpws":"yes","railway:track_ref":"DH","ref":"HNL1","tracks":"4","usage":"main"},"id":"way/37843136"},{"type":"Feature","geometry":{"type":"LineString","coordinates":[[-2.982195,51.606397],[-2.982439,51.606117],[-2.983231,51.605156],[-2.983762,51.604466],[-2.984063,51.604015],[-2.984459,51.603312],[-2.984743,51.602772],[-2.984851,51.602512],[-2.984907,51.602374],[-2.985197,51.601716],[-2.985285,51.601443],[-2.985347,51.60127],[-2.985517,51.600691],[-2.985605,51.600264],[-2.985718,51.59958],[-2.985774,51.598896],[-2.985745,51.597029],[-2.985731,51.596627],[-2.985729,51.596563],[-2.985737,51.596017],[-2.985785,51.59572],[-2.9858,51.595633],[-2.985868,51.595387],[-2.985963,51.595137],[-2.986088,51.594877],[-2.986264,51.594588],[-2.986561,51.59418],[-2.986798,51.593836]]},"properties":{"@id":"way/37843137","electrified":"no","gauge":"1435","maxspeed":"40 mph","name":"Welsh Marches Line","operator":"Network Rail","operator:wikidata":"Q1501071","railway":"rail","railway:aws":"yes","railway:tpws":"yes","railway:track_ref":"DH","ref":"HNL1","usage":"main"},"id":"way/37843137"},{"type":"Feature","geometry":{"type":"LineString","coordinates":[[-2.959387,51.580832],[-2.95943,51.580707]]},"properties":{"@id":"way/37845879","bridge":"yes","electrified":"no","gauge":"1435","layer":"1","maxspeed":"15 mph","name":"East Usk Branch","operator":"Network Rail","operator:wikidata":"Q1501071","railway":"rail","railway:bidirectional":"regular","railway:preferred_direction":"both","ref":"EUB","source":"NPE","usage":"branch"},"id":"way/37845879"},{"type":"Feature","geometry":{"type":"LineString","coordinates":[[-2.95943,51.580707],[-2.959806,51.579547],[-2.959975,51.579175],[-2.960195,51.578782],[-2.960408,51.578514],[-2.96071,51.578178],[-2.961095,51.577809],[-2.961402,51.577587],[-2.961801,51.577334],[-2.962207,51.57711],[-2.962883,51.576803],[-2.963401,51.576566],[-2.96512,51.575827]]},"properties":{"@id":"way/37845880","electrified":"no","gauge":"1435","maxspeed":"15 mph","name":"Uskmouth Branch","operator":"Network Rail","operator:wikidata":"Q1501071","railway":"rail","railway:bidirectional":"regular","railway:preferred_direction":"both","ref":"EUB","source":"NPE","usage":"branch"},"id":"way/37845880"},{"type":"Feature","geometry":{"type":"LineString","coordinates":[[-2.974822,51.587435],[-2.97218,51.586791],[-2.970621,51.586412],[-2.969192,51.586071],[-2.967762,51.585725],[-2.967002,51.585534],[-2.965974,51.585265],[-2.965245,51.585076],[-2.964313,51.584844],[-2.964072,51.584788],[-2.963388,51.584636],[-2.962803,51.584508],[-2.96216,51.584376],[-2.961699,51.584285],[-2.961234,51.584198],[-2.960549,51.584076],[-2.960004,51.583991],[-2.95954,51.583923],[-2.958948,51.583843],[-2.95805,51.583742],[-2.957201,51.583651],[-2.957016,51.583632],[-2.955931,51.583523],[-2.955091,51.583445],[-2.953113,51.583295],[-2.952458,51.583263],[-2.951135,51.583208],[-2.948643,51.583098],[-2.947026,51.583027],[-2.94643,51.583001],[-2.945276,51.582952],[-2.944447,51.582919],[-2.944345,51.582916],[-2.943675,51.582876],[-2.93296,51.5824],[-2.920971,51.581885],[-2.918022,51.581755],[-2.916531,51.581687],[-2.911681,51.581479],[-2.910125,51.581409],[-2.908507,51.581338],[-2.89635,51.58081],[-2.891466,51.580596],[-2.887866,51.580438],[-2.886211,51.580365],[-2.88478,51.580296],[-2.883483,51.58024],[-2.875399,51.579895],[-2.874169,51.579826]]},"properties":{"@id":"way/38120374","electrified":"contact_line","frequency":"50","gauge":"1435","maxspeed":"40 mph","name":"South Wales Main Line","name:br":"Linenn Pennañ Su Kembre","name:cy":"Prif Linell De Cymru","operator":"Network Rail","operator:wikidata":"Q1501071","passenger_lines":"4","railway":"rail","railway:aws":"yes","railway:tpws":"yes","railway:track_ref":"UR","ref":"SWM2","source":"npe","tracks":"4","usage":"main","voltage":"25000"},"id":"way/38120374"},{"type":"Feature","geometry":{"type":"LineString","coordinates":[[-3.041235,51.581292],[-3.041856,51.581703],[-3.043183,51.582421],[-3.044685,51.583088],[-3.045561,51.583479],[-3.046239,51.583725],[-3.048029,51.584183],[-3.048191,51.584229],[-3.048397,51.584299],[-3.048576,51.584357],[-3.04875,51.58442]]},"properties":{"@id":"way/38126572","electrified":"no","gauge":"1435","maxspeed":"40 mph","name":"Ebbw Valley Line","name:cy":"Rheilffordd Dyffryn EBwy","operator":"Network Rail","operator:wikidata":"Q1501071","railway":"rail","ref":"WVL","source":"NPE","usage":"branch"},"id":"way/38126572"},{"type":"Feature","geometry":{"type":"LineString","coordinates":[[-3.136414,51.497816],[-3.135724,51.498133]]},"properties":{"@id":"way/38663695","bridge":"viaduct","electrified":"contact_line","frequency":"50","gauge":"1435","layer":"1","maxspeed":"40 mph","name":"South Wales Main Line","name:br":"Linenn Pennañ Su Kembre","name:cy":"Prif Linell De Cymru","operator":"Network Rail","operator:wikidata":"Q1501071","passenger_lines":"4","railway":"rail","railway:track_ref":"Up Relief","ref":"SWM2","source":"npe","tracks":"4","usage":"main","voltage":"25000"},"id":"way/38663695"},{"type":"Feature","geometry":{"type":"LineString","coordinates":[[-3.135724,51.498133],[-3.134865,51.498495],[-3.134687,51.498562],[-3.13409,51.498786],[-3.133765,51.498909],[-3.133569,51.498978],[-3.132613,51.499292],[-3.132337,51.499383],[-3.131981,51.499498],[-3.131309,51.499713],[-3.129827,51.500184],[-3.129223,51.50037],[-3.125771,51.501456],[-3.12138,51.50284],[-3.11875,51.503671],[-3.118273,51.503829],[-3.117614,51.50403],[-3.113798,51.505235],[-3.110555,51.506258],[-3.109521,51.506579],[-3.109117,51.506707],[-3.107935,51.507095],[-3.107119,51.5074],[-3.106257,51.507769],[-3.10523,51.508231],[-3.103842,51.508887],[-3.102234,51.509631],[-3.101881,51.509798],[-3.099447,51.510923],[-3.09613,51.51246],[-3.087095,51.516657],[-3.085478,51.517397],[-3.085113,51.517572],[-3.084877,51.517684],[-3.083595,51.518281],[-3.081495,51.519253],[-3.078041,51.520853],[-3.07438,51.522558],[-3.072933,51.523224],[-3.069285,51.524919],[-3.068692,51.525184],[-3.067496,51.525779],[-3.06578,51.526579],[-3.063939,51.527418],[-3.061782,51.528402],[-3.060969,51.528757],[-3.05954,51.529394],[-3.057826,51.530183],[-3.055705,51.531179],[-3.053934,51.531995],[-3.050621,51.533563],[-3.049874,51.533912],[-3.047198,51.535165],[-3.045321,51.536022],[-3.041266,51.537902],[-3.040356,51.538324],[-3.03766,51.539572],[-3.035715,51.540477],[-3.032795,51.541846],[-3.030756,51.542786],[-3.028774,51.543694],[-3.025418,51.545211],[-3.024123,51.545814],[-3.022962,51.546367],[-3.020708,51.547407],[-3.019191,51.548114],[-3.018725,51.548331],[-3.018147,51.548599],[-3.017563,51.548868],[-3.016989,51.549133],[-3.016409,51.549403],[-3.015823,51.549671],[-3.015191,51.549965],[-3.014725,51.550181],[-3.01409,51.55048],[-3.013493,51.550778],[-3.013005,51.551046],[-3.012498,51.551353],[-3.011992,51.551686],[-3.011519,51.552043],[-3.011094,51.552382],[-3.010684,51.552748],[-3.010277,51.553149],[-3.010076,51.553367],[-3.009759,51.553717],[-3.009581,51.553938],[-3.009382,51.554192],[-3.009117,51.554573],[-3.00885,51.555007],[-3.00861,51.55545],[-3.008436,51.555824],[-3.008245,51.556302],[-3.00781,51.55752],[-3.007089,51.559804],[-3.00687,51.560501],[-3.006651,51.561382],[-3.006623,51.561549],[-3.00655,51.56199],[-3.00649,51.562553],[-3.006447,51.563044],[-3.006428,51.563765],[-3.006429,51.564229],[-3.006446,51.564591],[-3.006472,51.564909],[-3.006497,51.565269],[-3.006525,51.565582],[-3.006636,51.566336]]},"properties":{"@id":"way/38663702","electrified":"contact_line","frequency":"50","gauge":"1435","maxspeed":"40 mph","name":"South Wales Main Line","name:br":"Linenn Pennañ Su Kembre","name:cy":"Prif Linell De Cymru","operator":"Network Rail","operator:wikidata":"Q1501071","passenger_lines":"4","railway":"rail","railway:track_ref":"Up Relief","ref":"SWM2","source":"npe","usage":"main","voltage":"25000"},"id":"way/38663702"},{"type":"Feature","geometry":{"type":"LineString","coordinates":[[-3.170609,51.482892],[-3.170624,51.482944],[-3.170678,51.483097],[-3.170722,51.483225],[-3.170732,51.483252]]},"properties":{"@id":"way/38936915","bridge":"yes","electrified":"no","gauge":"1435","layer":"2","maxspeed":"25 mph","name":"Valley Lines","operator":"Transport for Wales","operator:wikidata":"Q48740007","passenger_lines":"2","railway":"rail","ref":"CAM","source":"Bing","usage":"branch"},"id":"way/38936915"},{"type":"Feature","geometry":{"type":"LineString","coordinates":[[-3.188647,51.447729],[-3.188506,51.447534],[-3.188365,51.447336],[-3.188236,51.447157],[-3.188133,51.447009],[-3.18804,51.446876],[-3.187912,51.446682],[-3.187818,51.446526],[-3.187738,51.446389],[-3.187639,51.446207],[-3.187501,51.445955],[-3.187445,51.445854],[-3.187385,51.445755],[-3.187328,51.445659],[-3.18727,51.445573],[-3.187203,51.445478],[-3.187085,51.44533],[-3.187027,51.445261],[-3.186889,51.445111],[-3.186797,51.445015],[-3.186698,51.444922],[-3.18659,51.444823],[-3.186501,51.444745],[-3.186319,51.444595],[-3.186091,51.444415],[-3.185881,51.444253],[-3.185684,51.444098],[-3.185535,51.443976],[-3.18543,51.443885],[-3.18533,51.443793],[-3.185236,51.443702],[-3.185124,51.443585],[-3.184998,51.443438],[-3.184921,51.443334],[-3.184834,51.443218],[-3.184758,51.443106],[-3.184668,51.442953]]},"properties":{"@id":"way/38936917","electrified":"no","gauge":"1435","maxspeed":"35 mph","name":"Vale of Glamorgan Line - Penarth Branch","operator":"Network Rail","operator:wikidata":"Q1501071","passenger_lines":"1","railway":"rail","railway:aws":"yes","railway:bidirectional":"regular","railway:preferred_direction":"both","railway:tpws":"yes","ref":"PTH","usage":"branch"},"id":"way/38936917"},{"type":"Feature","geometry":{"type":"LineString","coordinates":[[-3.2729,51.548251],[-3.27318,51.548458],[-3.273492,51.548743]]},"properties":{"@id":"way/38937665","bridge":"yes","electrified":"no","gauge":"1435","maxspeed":"55 mph","name":"Cardiff and Merthyr Line","operator":"Transport for Wales","operator:wikidata":"Q48740007","railway":"rail","ref":"CAM","source":"npe","usage":"branch","wikidata":"Q29500380"},"id":"way/38937665"},{"type":"Feature","geometry":{"type":"LineString","coordinates":[[-3.273492,51.548743],[-3.273682,51.548948],[-3.273852,51.549165],[-3.273959,51.549333],[-3.274056,51.549508],[-3.274158,51.549726],[-3.274214,51.549879],[-3.274283,51.550093],[-3.274331,51.550291],[-3.27435,51.550431],[-3.274369,51.550616],[-3.274372,51.550837],[-3.274365,51.551053],[-3.274349,51.551249],[-3.274316,51.5515],[-3.274274,51.551719],[-3.274229,51.551901],[-3.27418,51.552055],[-3.274119,51.552213],[-3.274036,51.55239],[-3.273923,51.55257],[-3.273684,51.552916],[-3.27331,51.55342],[-3.273207,51.553586],[-3.273093,51.553784],[-3.273016,51.553946],[-3.272943,51.554134],[-3.272879,51.554332],[-3.272841,51.554506],[-3.272802,51.554714],[-3.272787,51.554895],[-3.272771,51.555063],[-3.272772,51.555297],[-3.272788,51.555481],[-3.272815,51.555664],[-3.272842,51.555793],[-3.27289,51.555955],[-3.272929,51.556062],[-3.272992,51.556209],[-3.27306,51.556362],[-3.273172,51.556562],[-3.273314,51.556802],[-3.273523,51.557134],[-3.273974,51.557793],[-3.274273,51.558179],[-3.274473,51.558409],[-3.274689,51.558635],[-3.275004,51.558939],[-3.275233,51.559133],[-3.275503,51.559343],[-3.275769,51.559529],[-3.27612,51.559731],[-3.276439,51.559899],[-3.276714,51.560031],[-3.27702,51.560162],[-3.277391,51.560303],[-3.277816,51.560447],[-3.279128,51.560898],[-3.279665,51.561043],[-3.280066,51.561138],[-3.280464,51.561218],[-3.281151,51.561346],[-3.281524,51.561421],[-3.281906,51.561513],[-3.282301,51.56163],[-3.282695,51.56177],[-3.283085,51.561931],[-3.283335,51.562055]]},"properties":{"@id":"way/38937666","electrified":"contact_line","frequency":"50","gauge":"1435","maxspeed":"55 mph","name":"Cardiff and Merthyr Line","operator":"Transport for Wales","operator:wikidata":"Q48740007","railway":"rail","ref":"CAM","source":"OS_OpenData_StreetView","usage":"branch","voltage":"25000"},"id":"way/38937666"},{"type":"Feature","geometry":{"type":"LineString","coordinates":[[-2.996941,51.570993],[-2.996715,51.570839],[-2.99496,51.56975],[-2.994746,51.569623],[-2.994589,51.56954],[-2.994394,51.569454],[-2.993946,51.569298],[-2.993637,51.569209],[-2.993167,51.569098],[-2.992943,51.569061],[-2.992693,51.569037],[-2.992411,51.56902],[-2.992139,51.569028],[-2.991794,51.569065],[-2.991339,51.569132],[-2.991033,51.569172],[-2.990651,51.569183],[-2.990343,51.569169],[-2.990015,51.569121],[-2.989747,51.569065],[-2.989506,51.568994],[-2.989239,51.568876],[-2.988951,51.568727],[-2.98873,51.56859],[-2.988025,51.568106],[-2.987435,51.567507],[-2.987328,51.567421],[-2.987259,51.567372],[-2.98711,51.567276],[-2.987011,51.567212],[-2.986745,51.56704],[-2.985943,51.56655],[-2.985275,51.566142],[-2.984919,51.565913],[-2.984533,51.565637],[-2.983883,51.565183],[-2.983249,51.564626],[-2.982987,51.564428],[-2.982747,51.564276],[-2.980944,51.563373],[-2.979265,51.5625],[-2.978853,51.562239],[-2.978262,51.561863],[-2.97785,51.561627],[-2.977681,51.561525],[-2.977449,51.561422],[-2.977175,51.561317],[-2.976916,51.561235],[-2.976599,51.561148],[-2.976097,51.56104],[-2.975668,51.560925],[-2.975482,51.560848],[-2.975318,51.560784],[-2.975105,51.560672],[-2.97483,51.560481],[-2.974609,51.560307],[-2.97442,51.560094],[-2.974261,51.559855],[-2.974165,51.559511],[-2.974167,51.55931],[-2.974179,51.559181],[-2.974219,51.559042],[-2.974266,51.558938],[-2.97434,51.558831],[-2.97447,51.558685],[-2.974733,51.558457],[-2.975008,51.558259],[-2.975892,51.557832],[-2.977557,51.557053],[-2.980081,51.555927],[-2.980664,51.555707],[-2.980733,51.555688],[-2.980785,51.555675],[-2.981325,51.555548],[-2.981842,51.555402],[-2.982027,51.555342],[-2.982181,51.555282],[-2.982308,51.555229],[-2.987333,51.553061]]},"properties":{"@id":"way/39185021","electrified":"no","gauge":"1435","railway":"rail","service":"spur","usage":"industrial"},"id":"way/39185021"},{"type":"Feature","geometry":{"type":"LineString","coordinates":[[-3.007923,51.573755],[-3.007915,51.573963],[-3.007875,51.574284],[-3.007808,51.574489],[-3.007719,51.574696],[-3.007595,51.574954],[-3.007481,51.575134],[-3.007363,51.575278],[-3.007212,51.575447],[-3.006888,51.57574],[-3.006558,51.575997]]},"properties":{"@id":"way/39185810","electrified":"no","gauge":"1435","name":"Newport Waterloo Loop","railway":"rail","ref":"NWL","service":"yard","tracks":"1"},"id":"way/39185810"},{"type":"Feature","geometry":{"type":"LineString","coordinates":[[-3.013003,51.572024],[-3.013166,51.572002],[-3.013323,51.571976]]},"properties":{"@id":"way/39209550","bridge":"yes","electrified":"no","gauge":"1435","layer":"1","maxspeed":"40 mph","name":"Ebbw Valley Line","name:cy":"Rheilffordd Dyffryn Ebwy","operator":"Network Rail","operator:wikidata":"Q1501071","railway":"rail","railway:aws":"yes","railway:preferred_direction":"forward","railway:tpws":"yes","ref":"NWN","source":"NPE","tracks":"2","usage":"branch"},"id":"way/39209550"},{"type":"Feature","geometry":{"type":"LineString","coordinates":[[-3.013323,51.571976],[-3.015267,51.571579],[-3.017938,51.571048],[-3.018874,51.570855],[-3.019648,51.570731],[-3.019934,51.570685]]},"properties":{"@id":"way/39209551","electrified":"no","gauge":"1435","maxspeed":"40 mph","name":"Ebbw Valley Line","name:cy":"Rheilffordd Dyffryn Ebwy","operator":"Network Rail","operator:wikidata":"Q1501071","railway":"rail","railway:aws":"yes","railway:preferred_direction":"forward","railway:tpws":"yes","ref":"NWN","source":"NPE","tracks":"2","usage":"branch"},"id":"way/39209551"},{"type":"Feature","geometry":{"type":"LineString","coordinates":[[-3.032282,51.574902],[-3.032405,51.575036],[-3.032518,51.575146],[-3.032667,51.575286]]},"properties":{"@id":"way/39209552","bridge":"yes","electrified":"no","gauge":"1435","layer":"1","maxspeed":"50 mph","name":"Ebbw Valley Line","operator":"Network Rail","operator:wikidata":"Q1501071","railway":"rail","ref":"WVL","source":"NPE","usage":"branch"},"id":"way/39209552"},{"type":"Feature","geometry":{"type":"LineString","coordinates":[[-3.032667,51.575286],[-3.032991,51.575595],[-3.033359,51.575852],[-3.034875,51.576878],[-3.036323,51.577887],[-3.037651,51.578766]]},"properties":{"@id":"way/39209553","electrified":"no","gauge":"1435","maxspeed":"50 mph","name":"Ebbw Valley Line","name:cy":"Rheilffordd Dyffryn Ebwy","name:zh":"艾巴山谷线","operator":"Network Rail","operator:wikidata":"Q1501071","railway":"rail","ref":"WVL","source":"NPE","usage":"branch"},"id":"way/39209553"},{"type":"Feature","geometry":{"type":"LineString","coordinates":[[-2.997235,51.571282],[-2.997022,51.571068]]},"properties":{"@id":"way/39211171","bridge":"yes","electrified":"no","gauge":"1435","layer":"1","name":"Newport Monmouthshire Loop","operator":"Network Rail","operator:wikidata":"Q1501071","railway":"rail","ref":"NML","service":"spur"},"id":"way/39211171"},{"type":"Feature","geometry":{"type":"LineString","coordinates":[[-2.996941,51.570993],[-2.996578,51.570641],[-2.996395,51.570421],[-2.9963,51.570248],[-2.996243,51.570089],[-2.996212,51.569879],[-2.996143,51.569551],[-2.996025,51.569174],[-2.995919,51.568934],[-2.995817,51.568769],[-2.995466,51.568329],[-2.995333,51.568203],[-2.992176,51.565402],[-2.99174,51.564999],[-2.991714,51.56497],[-2.991464,51.564683],[-2.990803,51.564083],[-2.99048,51.563799],[-2.99013,51.5635],[-2.989876,51.563262],[-2.989783,51.563159],[-2.989693,51.563047],[-2.989435,51.562686],[-2.989197,51.562367],[-2.988874,51.561906],[-2.988734,51.561776],[-2.988438,51.561501],[-2.988375,51.561443],[-2.988233,51.561328],[-2.988121,51.561237],[-2.987659,51.560845],[-2.987473,51.560676],[-2.987226,51.560391],[-2.987096,51.560224],[-2.986971,51.560087],[-2.985226,51.55853]]},"properties":{"@id":"way/39211172","electrified":"no","gauge":"1435","railway":"rail","service":"spur","usage":"industrial"},"id":"way/39211172"},{"type":"Feature","geometry":{"type":"LineString","coordinates":[[-3.042786,51.579118],[-3.043649,51.578965]]},"properties":{"@id":"way/39211808","bridge":"viaduct","bridge:name":"Bassaleg Viaduct","electrified":"no","gauge":"1435","heritage":"yes","layer":"1","maxspeed":"20 mph","name":"Bassaleg Junction and Rhymney Line","operator":"Network Rail","operator:wikidata":"Q1501071","railway":"rail","railway:aws":"yes","railway:bidirectional":"regular","railway:preferred_direction":"both","railway:tpws":"no","railway:traffic_mode":"freight","ref":"BJR","usage":"branch","wikidata":"Q17741293"},"id":"way/39211808"},{"type":"Feature","geometry":{"type":"LineString","coordinates":[[-3.05757,51.581432],[-3.057973,51.581421],[-3.058196,51.581404],[-3.05855,51.581355],[-3.058901,51.581279],[-3.059084,51.58123],[-3.05936,51.581155],[-3.059613,51.581061],[-3.059898,51.580937],[-3.060111,51.580832],[-3.060319,51.580713],[-3.060739,51.58045],[-3.061152,51.580185],[-3.061539,51.579962],[-3.061933,51.579779],[-3.062477,51.579557],[-3.062867,51.579448],[-3.063347,51.579352],[-3.063865,51.579292],[-3.064452,51.579269],[-3.064686,51.579273],[-3.065004,51.579298],[-3.065365,51.579337],[-3.065709,51.579398],[-3.065921,51.579441],[-3.066175,51.579513],[-3.066743,51.579692],[-3.067269,51.579894],[-3.067903,51.580107],[-3.068552,51.580266],[-3.068629,51.580281]]},"properties":{"@id":"way/39211809","electrified":"no","gauge":"1435","maxspeed":"20 mph","name":"Bassaleg Junction and Rhymney Line","operator":"Network Rail","operator:wikidata":"Q1501071","railway":"rail","railway:aws":"yes","railway:bidirectional":"regular","railway:preferred_direction":"both","railway:tpws":"no","railway:traffic_mode":"freight","ref":"BJR","usage":"branch"},"id":"way/39211809"},{"type":"Feature","geometry":{"type":"LineString","coordinates":[[-3.04248,51.579171],[-3.042786,51.579118]]},"properties":{"@id":"way/39211810","electrified":"no","gauge":"1435","maxspeed":"20 mph","name":"Bassaleg Junction and Rhymney Line","operator":"Network Rail","operator:wikidata":"Q1501071","railway":"rail","railway:aws":"yes","railway:bidirectional":"regular","railway:preferred_direction":"both","railway:tpws":"no","railway:traffic_mode":"freight","ref":"BJR","usage":"branch"},"id":"way/39211810"},{"type":"Feature","geometry":{"type":"LineString","coordinates":[[-3.041909,51.579267],[-3.04248,51.579171]]},"properties":{"@id":"way/39211811","bridge":"yes","electrified":"no","gauge":"1435","layer":"1","maxspeed":"20 mph","name":"Bassaleg Junction and Rhymney Line","operator":"Network Rail","operator:wikidata":"Q1501071","railway":"rail","railway:aws":"yes","railway:bidirectional":"regular","railway:preferred_direction":"both","railway:tpws":"no","railway:traffic_mode":"freight","ref":"BJR","usage":"branch"},"id":"way/39211811"},{"type":"Feature","geometry":{"type":"LineString","coordinates":[[-3.037651,51.578766],[-3.037945,51.578967]]},"properties":{"@id":"way/39211867","bridge":"yes","electrified":"no","gauge":"1435","layer":"1","maxspeed":"50 mph","name":"Ebbw Valley Line","operator":"Network Rail","operator:wikidata":"Q1501071","railway":"rail","ref":"WVL","source":"NPE","usage":"branch"},"id":"way/39211867"},{"type":"Feature","geometry":{"type":"LineString","coordinates":[[-3.037945,51.578967],[-3.038048,51.579036],[-3.039157,51.579782],[-3.040282,51.580618],[-3.041235,51.581292]]},"properties":{"@id":"way/39211868","electrified":"no","gauge":"1435","maxspeed":"50 mph","name":"Ebbw Valley Line","name:cy":"Rheilffordd Dyffryn Ebwy","operator":"Network Rail","operator:wikidata":"Q1501071","railway":"rail","ref":"WVL","source":"NPE","usage":"branch"},"id":"way/39211868"},{"type":"Feature","geometry":{"type":"LineString","coordinates":[[-3.038039,51.57887],[-3.038287,51.579003],[-3.038464,51.57909],[-3.038742,51.579207],[-3.039264,51.579355],[-3.039615,51.579422],[-3.039908,51.579457],[-3.040246,51.579473],[-3.040548,51.579471],[-3.040916,51.579439],[-3.041399,51.579362],[-3.041909,51.579267]]},"properties":{"@id":"way/39211869","electrified":"no","gauge":"1435","maxspeed":"20 mph","name":"Bassaleg Junction and Rhymney Line","operator":"Network Rail","operator:wikidata":"Q1501071","railway":"rail","railway:aws":"yes","railway:bidirectional":"regular","railway:preferred_direction":"both","railway:tpws":"no","railway:traffic_mode":"freight","ref":"BJR","usage":"branch"},"id":"way/39211869"},{"type":"Feature","geometry":{"type":"LineString","coordinates":[[-3.006636,51.566336],[-3.006685,51.566667]]},"properties":{"@id":"way/39215000","bridge":"yes","electrified":"contact_line","frequency":"50","gauge":"1435","layer":"1","name":"South Wales Main Line","name:br":"Linenn Pennañ Su Kembre","name:cy":"Prif Linell De Cymru","operator":"Network Rail","operator:wikidata":"Q1501071","passenger_lines":"4","railway":"rail","ref":"SWM2","source":"npe","tracks":"4","usage":"main","voltage":"25000"},"id":"way/39215000"},{"type":"Feature","geometry":{"type":"LineString","coordinates":[[-3.006685,51.566667],[-3.006773,51.567153],[-3.006848,51.567594],[-3.006922,51.568036],[-3.006954,51.568181],[-3.007054,51.568637]]},"properties":{"@id":"way/39215005","electrified":"contact_line","frequency":"50","gauge":"1435","name":"South Wales Main Line","name:br":"Linenn Pennañ Su Kembre","name:cy":"Prif Linell De Cymru","operator":"Network Rail","operator:wikidata":"Q1501071","passenger_lines":"4","railway":"rail","ref":"SWM2","source":"npe","tracks":"4","usage":"main","voltage":"25000"},"id":"way/39215005"},{"type":"Feature","geometry":{"type":"LineString","coordinates":[[-2.980909,51.589059],[-2.981101,51.589126]]},"properties":{"@id":"way/39257062","electrified":"contact_line","frequency":"50","gauge":"1435","maxspeed":"40 mph","name":"South Wales Main Line","name:br":"Linenn Pennañ Su Kembre","name:cy":"Prif Linell De Cymru","operator":"Network Rail","operator:wikidata":"Q1501071","railway":"rail","railway:aws":"yes","railway:tpws":"yes","railway:track_ref":"DR","ref":"SWM2","tracks":"2","usage":"main","voltage":"25000"},"id":"way/39257062"},{"type":"Feature","geometry":{"type":"LineString","coordinates":[[-3.001672,51.587764],[-3.001552,51.587943],[-3.001449,51.588084],[-3.001175,51.58838],[-3.001025,51.588528],[-3.000873,51.588662],[-3.000701,51.588798],[-3.00056,51.588907],[-3.000142,51.589194],[-2.999772,51.589423],[-2.999673,51.589492],[-2.999389,51.589679],[-2.999177,51.589812],[-2.998885,51.58998],[-2.998728,51.590058],[-2.998557,51.590121]]},"properties":{"@id":"way/40430920","electrified":"contact_line","frequency":"50","gauge":"1435","maxspeed":"20 mph","name":"South Wales Main Line","name:br":"Linenn Pennañ Su Kembre","name:cy":"Prif Linell De Cymru","operator":"Network Rail","operator:wikidata":"Q1501071","railway":"rail","railway:aws":"yes","railway:tpws":"yes","railway:track_ref":"UDP","ref":"SWM2","tracks":"2","usage":"main","voltage":"25000"},"id":"way/40430920"},{"type":"Feature","geometry":{"type":"LineString","coordinates":[[-3.007838,51.573252],[-3.007738,51.573001]]},"properties":{"@id":"way/40555758","electrified":"no","gauge":"1435","railway":"rail","service":"yard"},"id":"way/40555758"},{"type":"Feature","geometry":{"type":"LineString","coordinates":[[-3.007738,51.573001],[-3.007657,51.572791],[-3.007563,51.572589],[-3.007457,51.572319],[-3.007151,51.571546],[-3.006986,51.571277]]},"properties":{"@id":"way/40555759","electrified":"no","gauge":"1435","railway":"rail","service":"yard"},"id":"way/40555759"},{"type":"Feature","geometry":{"type":"LineString","coordinates":[[-3.006986,51.571277],[-3.006803,51.571009],[-3.00668,51.57073],[-3.006503,51.570335],[-3.006445,51.570167],[-3.006401,51.56998],[-3.00631,51.569277],[-3.006225,51.568597],[-3.006146,51.567994]]},"properties":{"@id":"way/40555760","electrified":"no","gauge":"1435","railway":"rail","service":"yard"},"id":"way/40555760"},{"type":"Feature","geometry":{"type":"LineString","coordinates":[[-2.943675,51.582876],[-2.943377,51.582834],[-2.94327,51.582818],[-2.943018,51.582767],[-2.942567,51.582642],[-2.942183,51.582489],[-2.941291,51.582142],[-2.940911,51.582037],[-2.940536,51.581956],[-2.940075,51.581886],[-2.939869,51.581867],[-2.939171,51.581833],[-2.937151,51.581746],[-2.93686,51.581734]]},"properties":{"@id":"way/40609550","alt_name":"Llanwern (Spencer) Steelworks","electrified":"no","gauge":"1435","maxspeed":"15 mph","name":"Up Service Line","railway":"rail","service":"spur","tracks":"2"},"id":"way/40609550"},{"type":"Feature","geometry":{"type":"LineString","coordinates":[[-2.971115,51.586148],[-2.969934,51.58596],[-2.96973,51.585929],[-2.969399,51.585885],[-2.969059,51.585838],[-2.968622,51.585773]]},"properties":{"@id":"way/40622030","electrified":"no","gauge":"1435","railway":"rail","service":"siding"},"id":"way/40622030"},{"type":"Feature","geometry":{"type":"LineString","coordinates":[[-2.968622,51.585773],[-2.968015,51.58569],[-2.96785,51.585664],[-2.967734,51.585641],[-2.9676,51.585612]]},"properties":{"@id":"way/40622031","electrified":"no","gauge":"1435","railway":"rail","service":"siding"},"id":"way/40622031"},{"type":"Feature","geometry":{"type":"LineString","coordinates":[[-2.969038,51.585604],[-2.968703,51.585492],[-2.968428,51.58541],[-2.967905,51.585266],[-2.967331,51.58513],[-2.966649,51.584971]]},"properties":{"@id":"way/40622039","electrified":"no","gauge":"1435","name":"East Usk Sidings","railway":"rail","service":"siding"},"id":"way/40622039"},{"type":"Feature","geometry":{"type":"LineString","coordinates":[[-2.967221,51.585519],[-2.966877,51.585433]]},"properties":{"@id":"way/40622040","electrified":"contact_line","frequency":"50","gauge":"1435","name":"South Wales Main Line","name:br":"Linenn Pennañ Su Kembre","name:cy":"Prif Linell De Cymru","operator":"Network Rail","operator:wikidata":"Q1501071","railway":"rail","railway:track_ref":"Up Branch Dn","ref":"SWM2","usage":"branch","voltage":"25000"},"id":"way/40622040"},{"type":"Feature","geometry":{"type":"LineString","coordinates":[[-2.988073,51.592517],[-2.987716,51.592732],[-2.987564,51.592842],[-2.987492,51.592913],[-2.987405,51.593021],[-2.987323,51.593131],[-2.987254,51.593223],[-2.987188,51.593306],[-2.987143,51.593356],[-2.987091,51.593411],[-2.986829,51.593726]]},"properties":{"@id":"way/40627385","electrified":"no","gauge":"1435","name":"Maindee Tamper Siding","operator":"Network Rail","operator:wikidata":"Q1501071","railway":"rail","railway:aws":"yes","railway:tpws":"yes","service":"yard"},"id":"way/40627385"},{"type":"Feature","geometry":{"type":"LineString","coordinates":[[-3.016898,51.571392],[-3.017468,51.571283],[-3.018355,51.571088],[-3.019952,51.570712]]},"properties":{"@id":"way/40817921","electrified":"no","gauge":"1435","name":"Western Valleys Line","operator":"Network Rail","operator:wikidata":"Q1501071","railway":"rail","railway:bidirectional":"regular","railway:preferred_direction":"both","ref":"WVL","service":"siding"},"id":"way/40817921"},{"type":"Feature","geometry":{"type":"LineString","coordinates":[[-2.991794,51.569065],[-2.991351,51.569091],[-2.991242,51.569092],[-2.991171,51.569089],[-2.991048,51.569079],[-2.990936,51.569065],[-2.99079,51.569032],[-2.990687,51.569005],[-2.990621,51.568984],[-2.990524,51.568946],[-2.990427,51.568905],[-2.990349,51.568861],[-2.990149,51.568728]]},"properties":{"@id":"way/40818146","railway":"rail","service":"siding","usage":"industrial"},"id":"way/40818146"},{"type":"Feature","geometry":{"type":"LineString","coordinates":[[-2.970789,51.548212],[-2.970621,51.548301],[-2.97048,51.548368],[-2.970293,51.548447],[-2.970165,51.548492],[-2.970024,51.548537],[-2.969719,51.548622],[-2.969261,51.548747],[-2.969026,51.548802],[-2.968809,51.54884],[-2.968554,51.548877],[-2.967967,51.548942],[-2.96761,51.548981],[-2.967306,51.549019],[-2.966989,51.549067],[-2.966782,51.549111],[-2.966529,51.549175],[-2.966019,51.549313],[-2.965658,51.549386],[-2.965001,51.549521]]},"properties":{"@id":"way/40945084","electrified":"no","gauge":"1435","name":"Fifoots Power Station","railway":"rail","service":"yard","usage":"industrial"},"id":"way/40945084"},{"type":"Feature","geometry":{"type":"LineString","coordinates":[[-2.966458,51.549074],[-2.966055,51.549185],[-2.965879,51.549242],[-2.965626,51.549333],[-2.965512,51.549374],[-2.965387,51.549416]]},"properties":{"@id":"way/40945085","electrified":"no","gauge":"1435","railway":"rail","service":"yard","usage":"industrial"},"id":"way/40945085"},{"type":"Feature","geometry":{"type":"LineString","coordinates":[[-2.966458,51.549074],[-2.966794,51.548983],[-2.966939,51.54894],[-2.967129,51.548876],[-2.967403,51.548769],[-2.967822,51.548607],[-2.968434,51.54837],[-2.96916,51.548086],[-2.969941,51.547783],[-2.970121,51.547723],[-2.970313,51.547665],[-2.970919,51.547499],[-2.971125,51.547444],[-2.971292,51.547406],[-2.971451,51.54738],[-2.971685,51.547348],[-2.972196,51.547245],[-2.972899,51.547119],[-2.972965,51.547105],[-2.973529,51.546992],[-2.973915,51.546917],[-2.976279,51.546447],[-2.976661,51.546371],[-2.976886,51.54632],[-2.977737,51.546094],[-2.97801,51.546038],[-2.978158,51.546011],[-2.978265,51.545987],[-2.978403,51.545954]]},"properties":{"@id":"way/40945087","electrified":"no","gauge":"1435","railway":"rail","service":"spur","usage":"industrial"},"id":"way/40945087"},{"type":"Feature","geometry":{"type":"LineString","coordinates":[[-2.972899,51.547119],[-2.972713,51.54715],[-2.972529,51.547179],[-2.972342,51.547204],[-2.972178,51.547219],[-2.972006,51.547228],[-2.971826,51.547235],[-2.971543,51.547254],[-2.971337,51.547278],[-2.971173,51.547305],[-2.970978,51.547346],[-2.970817,51.547388],[-2.970281,51.547534],[-2.970103,51.547592],[-2.969669,51.547755],[-2.969475,51.54782],[-2.969253,51.547887],[-2.96756,51.548353]]},"properties":{"@id":"way/40945206","electrified":"no","gauge":"1435","railway":"rail","service":"yard","usage":"industrial"},"id":"way/40945206"},{"type":"Feature","geometry":{"type":"LineString","coordinates":[[-2.974733,51.558457],[-2.975386,51.558163],[-2.977325,51.557311]]},"properties":{"@id":"way/40946319","electrified":"no","gauge":"1435","railway":"rail","service":"spur","usage":"industrial"},"id":"way/40946319"},{"type":"Feature","geometry":{"type":"LineString","coordinates":[[-2.980812,51.555779],[-2.980945,51.555732],[-2.981035,51.555704],[-2.981163,51.555668],[-2.981437,51.555612]]},"properties":{"@id":"way/40946320","electrified":"no","gauge":"1435","railway":"rail","service":"spur","usage":"industrial"},"id":"way/40946320"},{"type":"Feature","geometry":{"type":"LineString","coordinates":[[-2.977325,51.557311],[-2.980812,51.555779]]},"properties":{"@id":"way/40946321","electrified":"no","gauge":"1435","railway":"rail","service":"spur","tunnel":"yes","usage":"industrial"},"id":"way/40946321"},{"type":"Feature","geometry":{"type":"LineString","coordinates":[[-2.977175,51.561317],[-2.976935,51.561267],[-2.97663,51.561191],[-2.976418,51.561145],[-2.976118,51.56108],[-2.975683,51.560963],[-2.975396,51.560856],[-2.975112,51.560718],[-2.9749,51.560594],[-2.974733,51.56048],[-2.974562,51.560339],[-2.97443,51.560194],[-2.97429,51.56004],[-2.974229,51.559931],[-2.974151,51.559786],[-2.974124,51.559668],[-2.974098,51.559579],[-2.974062,51.559458],[-2.974038,51.559268],[-2.974036,51.559047],[-2.974091,51.55886],[-2.97418,51.558693],[-2.974328,51.558489],[-2.974452,51.558342],[-2.974484,51.558307],[-2.974811,51.558019],[-2.975669,51.557603],[-2.979651,51.555879]]},"properties":{"@id":"way/40946333","electrified":"no","gauge":"1435","railway":"rail","service":"spur","usage":"industrial"},"id":"way/40946333"},{"type":"Feature","geometry":{"type":"LineString","coordinates":[[-2.975482,51.560848],[-2.975204,51.56066],[-2.975018,51.560485],[-2.97492,51.560337],[-2.974802,51.560036],[-2.974778,51.559834],[-2.97482,51.559678],[-2.97493,51.559498],[-2.97506,51.559325],[-2.975116,51.559245],[-2.975263,51.559118],[-2.975414,51.559013],[-2.975539,51.558942],[-2.978019,51.557841],[-2.982146,51.556012]]},"properties":{"@id":"way/40946418","electrified":"no","gauge":"1435","railway":"rail","service":"spur","usage":"industrial"},"id":"way/40946418"},{"type":"Feature","geometry":{"type":"LineString","coordinates":[[-3.007054,51.568637],[-3.007683,51.571772],[-3.007726,51.572073],[-3.007913,51.572981],[-3.008061,51.574018],[-3.008135,51.574749],[-3.008131,51.575488],[-3.008106,51.575662],[-3.008016,51.57606],[-3.007952,51.576271],[-3.007895,51.576421],[-3.007591,51.577133],[-3.007531,51.577238],[-3.007055,51.578072],[-3.00682,51.578482],[-3.006688,51.578713],[-3.006493,51.579044],[-3.006346,51.579295],[-3.005927,51.580004]]},"properties":{"@id":"way/42415347","electrified":"contact_line","frequency":"50","gauge":"1435","maxspeed":"40 mph","name":"South Wales Main Line","name:br":"Linenn Pennañ Su Kembre","name:cy":"Prif Linell De Cymru","operator":"Network Rail","operator:wikidata":"Q1501071","passenger_lines":"4","railway":"rail","railway:track_ref":"UR","ref":"SWM2","source":"npe","tracks":"4","usage":"main","voltage":"25000"},"id":"way/42415347"},{"type":"Feature","geometry":{"type":"LineString","coordinates":[[-3.179327,51.475463],[-3.177964,51.475499],[-3.177742,51.475513],[-3.177667,51.475521],[-3.177521,51.475541],[-3.177335,51.475572]]},"properties":{"@id":"way/42415373","electrified":"no","gauge":"1435","maxspeed":"15 mph","name":"Up Barry","operator":"Network Rail","operator:wikidata":"Q1501071","passenger_lines":"2","railway":"rail","ref":"SWM2","usage":"branch"},"id":"way/42415373"},{"type":"Feature","geometry":{"type":"LineString","coordinates":[[-3.177298,51.475692],[-3.177421,51.475684],[-3.17754,51.475677],[-3.177726,51.47567],[-3.178066,51.47566],[-3.17886,51.475641]]},"properties":{"@id":"way/42415389","electrified":"contact_line","frequency":"50","gauge":"1435","maxspeed":"15 mph","name":"Line E","operator":"Network Rail","operator:wikidata":"Q1501071","railway":"rail","ref":"SWM2","usage":"main","voltage":"25000"},"id":"way/42415389"},{"type":"Feature","geometry":{"type":"LineString","coordinates":[[-3.145167,51.481773],[-3.145141,51.481619]]},"properties":{"@id":"way/43703091","bridge":"yes","electrified":"no","gauge":"1435","layer":"1","name":"Roath Branch","railway":"rail","railway:traffic_mode":"freight","ref":"ROA","ref:lor":"GW790","usage":"branch"},"id":"way/43703091"},{"type":"Feature","geometry":{"type":"LineString","coordinates":[[-3.145056,51.481171],[-3.145048,51.481052],[-3.145021,51.480908],[-3.144969,51.480781],[-3.144946,51.480717],[-3.144915,51.480658],[-3.144884,51.480611],[-3.14483,51.480538],[-3.144703,51.480383],[-3.144618,51.480297],[-3.14438,51.480033],[-3.144172,51.479804],[-3.143932,51.479535],[-3.143737,51.479325],[-3.14332,51.478865],[-3.143049,51.478568],[-3.142801,51.478295],[-3.142451,51.477912],[-3.141989,51.477404],[-3.141803,51.477199],[-3.141727,51.477097],[-3.141605,51.476914],[-3.141515,51.476762]]},"properties":{"@id":"way/43703092","electrified":"no","gauge":"1435","name":"Tidal Sidings","railway":"rail","railway:traffic_mode":"freight","ref":"DOK","service":"yard"},"id":"way/43703092"},{"type":"Feature","geometry":{"type":"LineString","coordinates":[[-3.145982,51.486134],[-3.145959,51.48602]]},"properties":{"@id":"way/43703094","bridge":"yes","electrified":"no","gauge":"1435","layer":"1","name":"Roath Branch","operator":"Network Rail","operator:wikidata":"Q1501071","railway":"rail","railway:traffic_mode":"freight","ref":"ROA","ref:lor":"GW790","usage":"branch"},"id":"way/43703094"},{"type":"Feature","geometry":{"type":"LineString","coordinates":[[-3.145959,51.48602],[-3.145839,51.485422],[-3.145782,51.485123],[-3.145711,51.484726],[-3.145651,51.484415],[-3.145567,51.483953],[-3.145493,51.483553],[-3.145418,51.483145],[-3.145391,51.48299],[-3.14535,51.482774],[-3.145301,51.482482]]},"properties":{"@id":"way/43703095","electrified":"no","gauge":"1435","maxspeed":"15 mph","name":"Roath Branch","operator":"Network Rail","operator:wikidata":"Q1501071","railway":"rail","railway:traffic_mode":"freight","ref":"ROA","ref:lor":"GW790","usage":"branch"},"id":"way/43703095"},{"type":"Feature","geometry":{"type":"LineString","coordinates":[[-3.181709,51.518721],[-3.181713,51.519701],[-3.181698,51.523307],[-3.181657,51.526912],[-3.181662,51.527472]]},"properties":{"@id":"way/43706601","electrified":"contact_line","frequency":"50","gauge":"1435","maxspeed":"65 mph","name":"Rhymney Line","name:cy":"Llinell Rhymni","operator":"Transport for Wales","operator:wikidata":"Q48740007","passenger_lines":"2","railway":"rail","ref":"CAR","usage":"branch","voltage":"25000"},"id":"way/43706601"},{"type":"Feature","geometry":{"type":"LineString","coordinates":[[-3.181708,51.51819],[-3.181709,51.518607],[-3.181709,51.518721]]},"properties":{"@id":"way/43706602","bridge":"yes","electrified":"contact_line","frequency":"50","gauge":"1435","layer":"1","maxspeed":"65 mph","name":"Rhymney Line","name:cy":"Llinell Rhymni","operator":"Transport for Wales","operator:wikidata":"Q48740007","passenger_lines":"2","railway":"rail","ref":"CAR","usage":"branch","voltage":"25000"},"id":"way/43706602"},{"type":"Feature","geometry":{"type":"LineString","coordinates":[[-3.181517,51.516326],[-3.181637,51.517154],[-3.18169,51.517601],[-3.181698,51.517756],[-3.181705,51.517948],[-3.181708,51.51819]]},"properties":{"@id":"way/43706609","electrified":"contact_line","frequency":"50","gauge":"1435","maxspeed":"65 mph","name":"Rhymney Line","name:cy":"Llinell Rhymni","operator":"Transport for Wales","operator:wikidata":"Q48740007","passenger_lines":"2","railway":"rail","ref":"CAR","usage":"branch","voltage":"25000"},"id":"way/43706609"},{"type":"Feature","geometry":{"type":"LineString","coordinates":[[-3.181491,51.516192],[-3.181517,51.516326]]},"properties":{"@id":"way/43706616","bridge":"yes","electrified":"contact_line","frequency":"50","gauge":"1435","layer":"1","maxspeed":"65 mph","name":"Rhymney Line","name:cy":"Llinell Rhymni","operator":"Transport for Wales","operator:wikidata":"Q48740007","passenger_lines":"2","railway":"rail","ref":"CAR","usage":"branch","voltage":"25000"},"id":"way/43706616"},{"type":"Feature","geometry":{"type":"LineString","coordinates":[[-3.184545,51.44274],[-3.184386,51.442469],[-3.184285,51.442308],[-3.18418,51.442159],[-3.184071,51.442023],[-3.183963,51.441896],[-3.183706,51.441636],[-3.183405,51.441405],[-3.183183,51.441249],[-3.183036,51.441157],[-3.182728,51.440957],[-3.182468,51.440829],[-3.18217,51.440692],[-3.181776,51.440545],[-3.181434,51.440433],[-3.180765,51.44024],[-3.180509,51.440163],[-3.180356,51.440116],[-3.180159,51.44005],[-3.179989,51.439993],[-3.179683,51.439886],[-3.179546,51.439833],[-3.179188,51.439692],[-3.179032,51.439625],[-3.178834,51.439536],[-3.178739,51.439493],[-3.178506,51.43938],[-3.17829,51.43927],[-3.178001,51.439112],[-3.177795,51.438994],[-3.177554,51.438849],[-3.17718,51.438609],[-3.176932,51.438441],[-3.176708,51.438278],[-3.176446,51.438075],[-3.176191,51.437863],[-3.175975,51.437672],[-3.175778,51.437481],[-3.175635,51.437337],[-3.175523,51.437215],[-3.175337,51.436995],[-3.175247,51.436878],[-3.175137,51.436719],[-3.175042,51.436563],[-3.174937,51.436386],[-3.174784,51.436117],[-3.174709,51.435989],[-3.174614,51.435803],[-3.174549,51.435668],[-3.174489,51.435508],[-3.174468,51.435443],[-3.174436,51.435324],[-3.174418,51.435231]]},"properties":{"@id":"way/43867747","electrified":"no","gauge":"1435","maxspeed":"35 mph","name":"Vale of Glamorgan Line - Penarth Branch","operator":"Network Rail","operator:wikidata":"Q1501071","passenger_lines":"1","railway":"rail","railway:aws":"yes","railway:bidirectional":"regular","railway:preferred_direction":"both","railway:tpws":"yes","ref":"PTH","usage":"branch"},"id":"way/43867747"},{"type":"Feature","geometry":{"type":"LineString","coordinates":[[-2.874172,51.579787],[-2.875406,51.57985],[-2.876016,51.579876],[-2.876803,51.579908],[-2.87826,51.579972],[-2.879197,51.580011],[-2.890416,51.580502],[-2.891569,51.580552],[-2.899369,51.580892],[-2.907368,51.581246],[-2.917992,51.581721],[-2.923413,51.581956],[-2.926366,51.582087],[-2.930065,51.582249],[-2.933358,51.582389],[-2.938245,51.582609],[-2.943377,51.582834],[-2.943838,51.582854],[-2.943918,51.582857],[-2.945404,51.582921],[-2.948277,51.583046],[-2.94959,51.583104],[-2.952829,51.583249],[-2.953684,51.583302],[-2.954913,51.583396],[-2.955959,51.583496],[-2.9569,51.583591],[-2.957674,51.583671],[-2.958031,51.583707],[-2.958501,51.583762],[-2.959584,51.583895],[-2.959955,51.583947],[-2.960543,51.584039],[-2.961137,51.584139],[-2.962155,51.584337],[-2.962828,51.58448],[-2.964051,51.584754],[-2.964833,51.584937],[-2.965265,51.585046],[-2.965674,51.585154],[-2.966011,51.58524],[-2.966696,51.585422],[-2.967785,51.585695],[-2.968694,51.585916],[-2.969155,51.586025],[-2.97073,51.586409],[-2.972629,51.586867],[-2.973962,51.58719],[-2.9749,51.587417],[-2.975788,51.587635],[-2.976845,51.587891],[-2.977433,51.588041],[-2.977764,51.588129],[-2.978864,51.588427]]},"properties":{"@id":"way/44300667","electrified":"contact_line","frequency":"50","gauge":"1435","maxspeed":"40 mph","name":"South Wales Main Line","name:br":"Linenn Pennañ Su Kembre","name:cy":"Prif Linell De Cymru","operator":"Network Rail","operator:wikidata":"Q1501071","railway":"rail","railway:aws":"yes","railway:tpws":"yes","railway:track_ref":"DR","ref":"SWM2","tracks":"1","usage":"main","voltage":"25000"},"id":"way/44300667"},{"type":"Feature","geometry":{"type":"LineString","coordinates":[[-2.874165,51.579872],[-2.875247,51.579931],[-2.875457,51.579943],[-2.877399,51.580027],[-2.879716,51.580123],[-2.881486,51.580198],[-2.882501,51.580244],[-2.883509,51.580288],[-2.884692,51.580344],[-2.885885,51.580395],[-2.886966,51.580443],[-2.887916,51.580482],[-2.888697,51.580521],[-2.889974,51.580577],[-2.891357,51.580633],[-2.891387,51.580635],[-2.892353,51.580676],[-2.893457,51.580727],[-2.894549,51.580772],[-2.895541,51.580817],[-2.896805,51.58087],[-2.897918,51.580917],[-2.899194,51.580977],[-2.900327,51.581024],[-2.90173,51.581087],[-2.903036,51.581144],[-2.904098,51.58119],[-2.905061,51.581236],[-2.906198,51.581281],[-2.907515,51.581342],[-2.908582,51.581387],[-2.909768,51.581437],[-2.911744,51.581527],[-2.912836,51.581572],[-2.913961,51.581622],[-2.915387,51.581682],[-2.916573,51.581732],[-2.917241,51.581764],[-2.918412,51.581815],[-2.919619,51.581867],[-2.920562,51.581911],[-2.92158,51.581953],[-2.922597,51.581998],[-2.923825,51.582055],[-2.924896,51.582097],[-2.926022,51.582147],[-2.927114,51.582195],[-2.9283,51.582247],[-2.929381,51.582297],[-2.930539,51.582348],[-2.931638,51.582397],[-2.933232,51.582466],[-2.934294,51.582514],[-2.935549,51.582565],[-2.936658,51.582617],[-2.937934,51.58267],[-2.939122,51.582722],[-2.94015,51.582769],[-2.941373,51.582821],[-2.942102,51.582854],[-2.94314,51.582904],[-2.944484,51.582958],[-2.945436,51.582999],[-2.945699,51.58301],[-2.946901,51.583061],[-2.948081,51.583111],[-2.949301,51.583164],[-2.950283,51.583207],[-2.951345,51.583252],[-2.952291,51.583293],[-2.953338,51.583351],[-2.954756,51.583455],[-2.955668,51.583537],[-2.956736,51.583642],[-2.958434,51.583827],[-2.959674,51.583987],[-2.960353,51.584087],[-2.961039,51.584207],[-2.961536,51.584297],[-2.962035,51.584397],[-2.962482,51.584493],[-2.963037,51.584622],[-2.964209,51.584906],[-2.96532,51.585177],[-2.966976,51.585575],[-2.967738,51.58576],[-2.968825,51.586024],[-2.96985,51.586274],[-2.97073,51.586489],[-2.971515,51.586679],[-2.972229,51.586854],[-2.972926,51.587022],[-2.973779,51.587227],[-2.974841,51.587485],[-2.975957,51.587755],[-2.97699,51.588007],[-2.977725,51.588194],[-2.978371,51.58837],[-2.978811,51.588491]]},"properties":{"@id":"way/44300675","electrified":"contact_line","frequency":"50","gauge":"1435","maxspeed":"90 mph","name":"South Wales Main Line","name:br":"Linenn Pennañ Su Kembre","name:cy":"Prif Linell De Cymru","operator":"Network Rail","operator:wikidata":"Q1501071","railway":"rail","railway:aws":"yes","railway:tpws":"yes","railway:track_ref":"DM","ref":"SWM2","source":"npe","tracks":"2","usage":"main","voltage":"25000"},"id":"way/44300675"},{"type":"Feature","geometry":{"type":"LineString","coordinates":[[-2.989438,51.592137],[-2.988835,51.592346],[-2.988635,51.592405],[-2.988453,51.592483],[-2.988305,51.592554],[-2.988187,51.592613],[-2.988064,51.592679],[-2.987945,51.592746],[-2.987809,51.59283],[-2.987702,51.592898],[-2.98758,51.59298],[-2.987474,51.593054],[-2.987381,51.593128],[-2.987311,51.593187],[-2.987249,51.59325],[-2.987143,51.593356]]},"properties":{"@id":"way/44774445","electrified":"no","gauge":"1435","name":"Maindee Tamper Siding","operator":"Network Rail","operator:wikidata":"Q1501071","railway":"rail","railway:aws":"yes","railway:tpws":"yes","service":"siding"},"id":"way/44774445"},{"type":"Feature","geometry":{"type":"LineString","coordinates":[[-3.467643,51.408448],[-3.467108,51.408467]]},"properties":{"@id":"way/45019900","bridge":"yes","electrified":"no","gauge":"1435","layer":"1","maxspeed":"50 mph","name":"Vale of Glamorgan Line","name:cy":"Llinell Bro Morgannwg","operator":"Network Rail","operator:wikidata":"Q1501071","passenger_lines":"2","railway":"rail","ref":"VOG","source":"NPE","usage":"branch"},"id":"way/45019900"},{"type":"Feature","geometry":{"type":"LineString","coordinates":[[-3.474731,51.408193],[-3.467643,51.408448]]},"properties":{"@id":"way/45019901","electrified":"no","gauge":"1435","layer":"0","maxspeed":"50 mph","name":"Vale of Glamorgan Line","name:cy":"Llinell Bro Morgannwg","operator":"Network Rail","operator:wikidata":"Q1501071","passenger_lines":"2","railway":"rail","ref":"VOG","source":"NPE","usage":"branch"},"id":"way/45019901"},{"type":"Feature","geometry":{"type":"LineString","coordinates":[[-3.097514,51.511628],[-3.096898,51.511929],[-3.096512,51.512128],[-3.094807,51.512924],[-3.09297,51.513781],[-3.092126,51.514173],[-3.091557,51.514438],[-3.09037,51.514991],[-3.089775,51.515287],[-3.08951,51.515409],[-3.089036,51.515629],[-3.087958,51.516133],[-3.087812,51.516196],[-3.087014,51.516567]]},"properties":{"@id":"way/45240587","electrified":"no","gauge":"1435","maxspeed":"20 mph","name":"Wentloog Freight Terminal","railway":"rail","service":"siding"},"id":"way/45240587"},{"type":"Feature","geometry":{"type":"LineString","coordinates":[[-3.228476,51.487177],[-3.228739,51.48742]]},"properties":{"@id":"way/45515930","bridge":"yes","electrified":"contact_line","frequency":"50","gauge":"1435","layer":"1","maxspeed":"55 mph","name":"Cardiff City Line","name:cy":"Llinell Dinas Caerdydd","operator":"Transport for Wales","operator:wikidata":"Q48740007","passenger_lines":"2","railway":"rail","ref":"RAD","usage":"branch","voltage":"25000"},"id":"way/45515930"},{"type":"Feature","geometry":{"type":"LineString","coordinates":[[-3.228739,51.48742],[-3.228852,51.487522],[-3.22903,51.487689],[-3.229231,51.487885],[-3.229306,51.487958],[-3.229405,51.488055],[-3.229544,51.488192],[-3.229679,51.488336]]},"properties":{"@id":"way/45515932","electrified":"contact_line","frequency":"50","gauge":"1435","maxspeed":"55 mph","name":"Cardiff City Line","name:cy":"Llinell Dinas Caerdydd","operator":"Transport for Wales","operator:wikidata":"Q48740007","passenger_lines":"2","railway":"rail","ref":"RAD","usage":"branch","voltage":"25000"},"id":"way/45515932"},{"type":"Feature","geometry":{"type":"LineString","coordinates":[[-3.225296,51.48429],[-3.225923,51.484862],[-3.2262,51.485114],[-3.226544,51.485425],[-3.226932,51.485774],[-3.227193,51.486012],[-3.227659,51.486432],[-3.228008,51.486751]]},"properties":{"@id":"way/45516626","electrified":"contact_line","frequency":"50","gauge":"1435","maxspeed":"55 mph","name":"Cardiff City Line","name:cy":"Llinell Dinas Caerdydd","operator":"Transport for Wales","operator:wikidata":"Q48740007","passenger_lines":"2","railway":"rail","ref":"RAD","usage":"branch","voltage":"25000"},"id":"way/45516626"},{"type":"Feature","geometry":{"type":"LineString","coordinates":[[-3.225019,51.484039],[-3.225199,51.484198],[-3.225296,51.48429]]},"properties":{"@id":"way/45516642","bridge":"yes","electrified":"contact_line","frequency":"50","gauge":"1435","layer":"1","maxspeed":"55 mph","name":"Cardiff City Line","name:cy":"Llinell Dinas Caerdydd","operator":"Transport for Wales","operator:wikidata":"Q48740007","passenger_lines":"2","railway":"rail","ref":"RAD","usage":"branch","voltage":"25000"},"id":"way/45516642"},{"type":"Feature","geometry":{"type":"LineString","coordinates":[[-3.172665,51.488811],[-3.172711,51.488943]]},"properties":{"@id":"way/46051604","bridge":"yes","electrified":"no","gauge":"1435","layer":"1","maxspeed":"65 mph","name":"Rhymney Line","name:cy":"Llinell Rhymni","operator":"Transport for Wales","operator:wikidata":"Q48740007","passenger_lines":"2","railway":"rail","ref":"CAR","usage":"branch"},"id":"way/46051604"},{"type":"Feature","geometry":{"type":"LineString","coordinates":[[-3.173382,51.485808],[-3.173611,51.48595]]},"properties":{"@id":"way/46051609","bridge":"yes","electrified":"no","gauge":"1435","layer":"1","maxspeed":"70 mph","name":"Valley Lines","operator":"Transport for Wales","operator:wikidata":"Q48740007","passenger_lines":"2","railway":"rail","ref":"CAM","source":"npe","usage":"branch"},"id":"way/46051609"},{"type":"Feature","geometry":{"type":"LineString","coordinates":[[-3.173611,51.48595],[-3.173958,51.486151],[-3.174459,51.486428],[-3.175285,51.486888],[-3.177201,51.487945]]},"properties":{"@id":"way/46051610","electrified":"no","embankment":"yes","gauge":"1435","maxspeed":"70 mph","name":"Valley Lines","operator":"Transport for Wales","operator:wikidata":"Q48740007","passenger_lines":"2","railway":"rail","ref":"CAM","source":"npe","usage":"branch"},"id":"way/46051610"},{"type":"Feature","geometry":{"type":"LineString","coordinates":[[-3.172711,51.488943],[-3.172799,51.489221],[-3.173627,51.491765],[-3.173791,51.492274],[-3.174196,51.493525],[-3.1744,51.494153],[-3.174528,51.494548],[-3.174699,51.495065],[-3.174884,51.495648],[-3.175848,51.498632],[-3.175922,51.498834],[-3.175952,51.498944],[-3.176055,51.499263],[-3.176293,51.499974],[-3.176516,51.500654],[-3.176692,51.501221],[-3.176733,51.501355]]},"properties":{"@id":"way/46052136","electrified":"no","gauge":"1435","maxspeed":"65 mph","name":"Rhymney Line","name:cy":"Llinell Rhymni","operator":"Transport for Wales","operator:wikidata":"Q48740007","passenger_lines":"2","railway":"rail","ref":"CAR","usage":"branch"},"id":"way/46052136"},{"type":"Feature","geometry":{"type":"LineString","coordinates":[[-3.176781,51.501508],[-3.176846,51.501718],[-3.176989,51.502113],[-3.177272,51.50302]]},"properties":{"@id":"way/46052137","electrified":"no","gauge":"1435","maxspeed":"65 mph","name":"Rhymney Line","name:cy":"Llinell Rhymni","operator":"Transport for Wales","operator:wikidata":"Q48740007","passenger_lines":"2","railway":"rail","ref":"CAR","usage":"branch"},"id":"way/46052137"},{"type":"Feature","geometry":{"type":"LineString","coordinates":[[-3.331547,51.612894],[-3.331177,51.613275],[-3.330919,51.613606],[-3.3307,51.613971],[-3.330444,51.614715],[-3.330247,51.615264],[-3.329998,51.615718],[-3.329739,51.616035],[-3.32897,51.616856],[-3.328607,51.617292],[-3.328309,51.617751],[-3.328023,51.618296],[-3.327805,51.6188],[-3.327699,51.619249],[-3.327664,51.619737],[-3.327667,51.620252],[-3.327849,51.622217]]},"properties":{"@id":"way/47342649","electrified":"contact_line","frequency":"50","gauge":"1435","maxspeed":"55 mph","name":"Cardiff and Merthyr Line","operator":"Transport for Wales","operator:wikidata":"Q48740007","railway":"rail","ref":"CAM","source":"OS_OpenData_StreetView","usage":"branch","voltage":"25000"},"id":"way/47342649"},{"type":"Feature","geometry":{"type":"LineString","coordinates":[[-3.361156,51.607793],[-3.3637,51.608611],[-3.366769,51.609535],[-3.367928,51.609848],[-3.368778,51.610041],[-3.369404,51.610129],[-3.370015,51.610169],[-3.371013,51.610218],[-3.371683,51.610239],[-3.372065,51.610239],[-3.372601,51.610218],[-3.373359,51.610168],[-3.374547,51.610027],[-3.375375,51.609947],[-3.376434,51.60989],[-3.378367,51.609787],[-3.378733,51.609789],[-3.379143,51.609798],[-3.379496,51.609829],[-3.379789,51.609867],[-3.380103,51.609923],[-3.380328,51.609974],[-3.380612,51.610047],[-3.380768,51.610096],[-3.381411,51.610319],[-3.381693,51.610414],[-3.381962,51.610492],[-3.382288,51.610568],[-3.382444,51.610602],[-3.382657,51.610634],[-3.382905,51.61066]]},"properties":{"@id":"way/47342650","electrified":"contact_line","frequency":"50","gauge":"1435","maxspeed":"40 mph","name":"Rhondda Line","operator":"Transport for Wales","operator:wikidata":"Q48740007","railway":"rail","ref":"THT","source":"OS_OpenData_StreetView","usage":"branch","voltage":"25000"},"id":"way/47342650"},{"type":"Feature","geometry":{"type":"LineString","coordinates":[[-3.467108,51.408467],[-3.465159,51.408544]]},"properties":{"@id":"way/49852386","electrified":"no","gauge":"1435","layer":"0","maxspeed":"50 mph","name":"Vale of Glamorgan Line","name:cy":"Llinell Bro Morgannwg","operator":"Network Rail","operator:wikidata":"Q1501071","passenger_lines":"2","railway":"rail","ref":"VOG","source":"NPE","usage":"branch"},"id":"way/49852386"},{"type":"Feature","geometry":{"type":"LineString","coordinates":[[-3.465159,51.408544],[-3.464904,51.408552]]},"properties":{"@id":"way/49852396","bridge":"yes","electrified":"no","gauge":"1435","layer":"1","maxspeed":"50 mph","name":"Vale of Glamorgan Line","name:cy":"Llinell Bro Morgannwg","operator":"Network Rail","operator:wikidata":"Q1501071","passenger_lines":"2","railway":"rail","ref":"VOG","source":"NPE","usage":"branch"},"id":"way/49852396"},{"type":"Feature","geometry":{"type":"LineString","coordinates":[[-3.228132,51.486863],[-3.228306,51.48702],[-3.228476,51.487177]]},"properties":{"@id":"way/50576272","electrified":"contact_line","frequency":"50","gauge":"1435","maxspeed":"55 mph","name":"Cardiff City Line","name:cy":"Llinell Dinas Caerdydd","operator":"Transport for Wales","operator:wikidata":"Q48740007","passenger_lines":"2","railway":"rail","ref":"RAD","usage":"branch","voltage":"25000"},"id":"way/50576272"},{"type":"Feature","geometry":{"type":"LineString","coordinates":[[-3.228008,51.486751],[-3.228132,51.486863]]},"properties":{"@id":"way/50576274","bridge":"yes","electrified":"contact_line","frequency":"50","gauge":"1435","layer":"1","maxspeed":"55 mph","name":"Cardiff City Line","name:cy":"Llinell Dinas Caerdydd","operator":"Transport for Wales","operator:wikidata":"Q48740007","passenger_lines":"2","railway":"rail","ref":"RAD","usage":"branch","voltage":"25000"},"id":"way/50576274"},{"type":"Feature","geometry":{"type":"LineString","coordinates":[[-3.250469,51.486181],[-3.251351,51.486263],[-3.252267,51.486313],[-3.253108,51.486318],[-3.254234,51.486271],[-3.25509,51.48622],[-3.255552,51.486195]]},"properties":{"@id":"way/51489706","electrified":"no","gauge":"1435","maxspeed":"75 mph","name":"South Wales Main Line","name:br":"Linenn Pennañ Su Kembre","name:cy":"Prif Linell De Cymru","name:en":"South Wales Main Line","operator":"Network Rail","operator:wikidata":"Q1501071","railway":"rail","ref":"SWM2","usage":"main"},"id":"way/51489706"},{"type":"Feature","geometry":{"type":"LineString","coordinates":[[-3.249953,51.486134],[-3.250469,51.486181]]},"properties":{"@id":"way/51489762","bridge":"yes","electrified":"no","gauge":"1435","maxspeed":"75 mph","name":"South Wales Main Line","name:br":"Linenn Pennañ Su Kembre","name:cy":"Prif Linell De Cymru","name:en":"South Wales Main Line","operator":"Network Rail","operator:wikidata":"Q1501071","railway":"rail","ref":"SWM2","usage":"main"},"id":"way/51489762"},{"type":"Feature","geometry":{"type":"LineString","coordinates":[[-3.006803,51.571009],[-3.00665,51.57077],[-3.006502,51.570569],[-3.006473,51.570522],[-3.006345,51.570309],[-3.006255,51.570157],[-3.006205,51.569994],[-3.006076,51.569159],[-3.006022,51.568687]]},"properties":{"@id":"way/56138231","electrified":"no","gauge":"1435","railway":"rail","service":"yard"},"id":"way/56138231"},{"type":"Feature","geometry":{"type":"LineString","coordinates":[[-3.129291,51.622736],[-3.129631,51.62286],[-3.130036,51.623008]]},"properties":{"@id":"way/56658865","bridge":"yes","electrified":"no","gauge":"1435","layer":"1","maxspeed":"25 mph","name":"Ebbw Valley Line","operator":"Network Rail","operator:wikidata":"Q1501071","railway":"rail","ref":"WVL","source":"NPE","usage":"branch"},"id":"way/56658865"},{"type":"Feature","geometry":{"type":"LineString","coordinates":[[-3.130036,51.623008],[-3.130385,51.623151],[-3.130639,51.623289],[-3.130817,51.62341],[-3.130997,51.623562],[-3.131139,51.623729],[-3.131271,51.62392],[-3.131347,51.624094],[-3.131396,51.624209],[-3.131459,51.624436],[-3.131514,51.62471],[-3.131537,51.624966],[-3.131539,51.625185],[-3.131499,51.625449],[-3.131433,51.625688],[-3.131337,51.625971],[-3.131295,51.626195],[-3.131273,51.626506],[-3.131298,51.626805],[-3.131385,51.627158],[-3.131448,51.627598],[-3.131467,51.627965],[-3.131447,51.628512],[-3.131453,51.628958],[-3.131473,51.629362],[-3.131513,51.62975],[-3.131637,51.630319],[-3.131708,51.630482],[-3.131889,51.630885],[-3.132108,51.631289],[-3.132335,51.631646],[-3.132688,51.632101],[-3.132941,51.632385],[-3.133301,51.63277],[-3.133491,51.633009],[-3.133625,51.633222],[-3.133728,51.633444],[-3.133823,51.633793],[-3.133875,51.634123],[-3.133913,51.634681],[-3.133941,51.63493],[-3.134053,51.635242],[-3.134136,51.635431],[-3.134321,51.63572],[-3.134585,51.636027],[-3.134855,51.636288],[-3.134968,51.636382],[-3.135685,51.636976],[-3.136064,51.637281],[-3.136291,51.637494],[-3.136505,51.637728],[-3.136731,51.637994],[-3.13693,51.638238],[-3.137289,51.638745],[-3.137543,51.639105],[-3.13773,51.639404],[-3.137889,51.639635],[-3.138019,51.639865],[-3.138326,51.640521],[-3.138744,51.64141],[-3.138877,51.641758],[-3.139148,51.642241],[-3.139287,51.642503],[-3.139344,51.642678],[-3.139402,51.642862],[-3.139452,51.643075],[-3.139874,51.645272],[-3.140186,51.646779],[-3.14023,51.647012],[-3.140215,51.647224],[-3.140167,51.647476],[-3.140098,51.647723],[-3.140063,51.647807]]},"properties":{"@id":"way/56658866","electrified":"no","gauge":"1435","maxspeed":"50 mph","name":"Ebbw Valley Line","name:cy":"Rheilffordd Dyffryn Ebwy","operator":"Network Rail","operator:wikidata":"Q1501071","railway":"rail","ref":"WVL","source":"NPE","usage":"branch"},"id":"way/56658866"},{"type":"Feature","geometry":{"type":"LineString","coordinates":[[-3.126743,51.621197],[-3.127793,51.621763],[-3.128024,51.621896],[-3.128195,51.62201],[-3.128287,51.622071],[-3.128765,51.622427],[-3.12889,51.622519],[-3.129038,51.622614],[-3.129291,51.622736]]},"properties":{"@id":"way/56658867","electrified":"no","gauge":"1435","maxspeed":"25 mph","name":"Ebbw Valley Line","operator":"Network Rail","operator:wikidata":"Q1501071","railway":"rail","ref":"WVL","source":"NPE","usage":"branch"},"id":"way/56658867"},{"type":"Feature","geometry":{"type":"LineString","coordinates":[[-3.126531,51.621082],[-3.126727,51.621188],[-3.126743,51.621197]]},"properties":{"@id":"way/56658868","bridge":"yes","electrified":"no","gauge":"1435","layer":"1","maxspeed":"25 mph","name":"Ebbw Valley Line","operator":"Network Rail","operator:wikidata":"Q1501071","railway":"rail","ref":"WVL","source":"NPE","usage":"branch"},"id":"way/56658868"},{"type":"Feature","geometry":{"type":"LineString","coordinates":[[-3.172092,51.474969],[-3.172132,51.475098],[-3.172158,51.475208],[-3.172182,51.475321],[-3.172187,51.475433]]},"properties":{"@id":"way/60609556","electrified":"no","gauge":"1435","maxspeed":"25 mph","name":"Cardiff Bay Branch","operator":"Transport for Wales","operator:wikidata":"Q48740007","passenger_lines":"1","railway":"rail","railway:aws":"yes","railway:bidirectional":"regular","railway:preferred_direction":"both","railway:tpws":"yes","ref":"CAM","usage":"branch"},"id":"way/60609556"},{"type":"Feature","geometry":{"type":"LineString","coordinates":[[-3.172003,51.474755],[-3.172033,51.474828],[-3.172092,51.474969]]},"properties":{"@id":"way/60609559","bridge":"yes","electrified":"no","gauge":"1435","layer":"1","maxspeed":"25 mph","name":"Cardiff Bay Branch","operator":"Transport for Wales","operator:wikidata":"Q48740007","passenger_lines":"1","railway":"rail","railway:aws":"yes","railway:bidirectional":"regular","railway:preferred_direction":"both","railway:tpws":"yes","ref":"CAM","usage":"branch"},"id":"way/60609559"},{"type":"Feature","geometry":{"type":"LineString","coordinates":[[-3.240561,51.642104],[-3.240215,51.642383],[-3.239821,51.642648],[-3.239492,51.642818],[-3.239208,51.642952],[-3.238821,51.64311],[-3.238438,51.643227],[-3.23781,51.643371],[-3.237462,51.643435],[-3.237047,51.643497]]},"properties":{"@id":"way/67869560","electrified":"contact_line","frequency":"50","gauge":"1435","maxspeed":"40 mph","name":"Rhymney Line","operator":"Transport for Wales","operator:wikidata":"Q48740007","railway":"rail","ref":"CAR","usage":"branch","voltage":"25000"},"id":"way/67869560"},{"type":"Feature","geometry":{"type":"LineString","coordinates":[[-3.240961,51.6417],[-3.240648,51.642016]]},"properties":{"@id":"way/67869565","bridge":"yes","electrified":"contact_line","frequency":"50","gauge":"1435","layer":"1","maxspeed":"35 mph","name":"Rhymney Line","operator":"Transport for Wales","operator:wikidata":"Q48740007","railway":"rail","ref":"CAR","usage":"branch","voltage":"25000"},"id":"way/67869565"},{"type":"Feature","geometry":{"type":"LineString","coordinates":[[-3.32479,51.590117],[-3.32492,51.590611],[-3.324965,51.590968],[-3.324976,51.591296],[-3.324985,51.591894],[-3.325011,51.592197],[-3.325072,51.592469],[-3.32513,51.592637],[-3.325271,51.592986],[-3.325531,51.593387],[-3.325908,51.593828],[-3.32634,51.59425],[-3.326813,51.59465],[-3.327549,51.595198],[-3.328809,51.596071],[-3.329459,51.596477],[-3.330012,51.596771],[-3.331656,51.597549],[-3.332259,51.597805],[-3.332696,51.59797],[-3.333153,51.598126],[-3.333547,51.598242],[-3.333963,51.598346],[-3.334362,51.598433],[-3.334786,51.598509]]},"properties":{"@id":"way/67883593","electrified":"no","gauge":"1435","maxspeed":"50 mph","name":"Cardiff and Merthyr Line","operator":"Transport for Wales","operator:wikidata":"Q48740007","railway":"rail","ref":"CAM","source":"OS_OpenData_StreetView","usage":"branch"},"id":"way/67883593"},{"type":"Feature","geometry":{"type":"LineString","coordinates":[[-3.324748,51.58997],[-3.32479,51.590117]]},"properties":{"@id":"way/68245691","bridge":"yes","electrified":"no","gauge":"1435","layer":"1","maxspeed":"50 mph","name":"Cardiff and Merthyr Line","operator":"Transport for Wales","operator:wikidata":"Q48740007","railway":"rail","ref":"CAM","source":"OS_OpenData_StreetView","usage":"branch"},"id":"way/68245691"},{"type":"Feature","geometry":{"type":"LineString","coordinates":[[-2.971646,51.58619],[-2.971269,51.586124],[-2.970983,51.586081],[-2.970699,51.58603],[-2.970393,51.585969],[-2.97009,51.585899],[-2.969502,51.585738],[-2.969189,51.585653],[-2.969038,51.585604],[-2.968762,51.585478],[-2.968432,51.5853],[-2.968291,51.585237],[-2.968137,51.585183],[-2.967917,51.585119],[-2.967687,51.585064],[-2.967157,51.584946],[-2.966548,51.58482]]},"properties":{"@id":"way/74087086","electrified":"no","gauge":"1435","name":"East Usk Sidings","railway":"rail","service":"siding"},"id":"way/74087086"},{"type":"Feature","geometry":{"type":"LineString","coordinates":[[-2.966221,51.585246],[-2.965528,51.585025],[-2.96533,51.584964],[-2.964992,51.584871],[-2.964674,51.584794],[-2.963725,51.584592],[-2.96356,51.584555]]},"properties":{"@id":"way/74087143","electrified":"no","gauge":"1435","maxspeed":"5 mph","name":"Uskmouth Branch","operator":"Network Rail","operator:wikidata":"Q1501071","railway":"rail","railway:bidirectional":"regular","railway:preferred_direction":"both","ref":"EUB","service":"siding"},"id":"way/74087143"},{"type":"Feature","geometry":{"type":"LineString","coordinates":[[-2.976614,51.587667],[-2.976283,51.587552],[-2.975896,51.587417],[-2.975418,51.587252],[-2.974738,51.587001],[-2.974503,51.586913],[-2.974382,51.586871],[-2.974255,51.586834],[-2.972148,51.586314],[-2.971902,51.586252],[-2.971776,51.586222],[-2.971646,51.58619]]},"properties":{"@id":"way/74087199","electrified":"no","gauge":"1435","name":"East Usk Sidings","railway":"rail","service":"siding"},"id":"way/74087199"},{"type":"Feature","geometry":{"type":"LineString","coordinates":[[-3.007151,51.571546],[-3.007056,51.571312],[-3.007034,51.571189],[-3.006915,51.570525],[-3.006779,51.569692],[-3.006523,51.567985]]},"properties":{"@id":"way/74721342","electrified":"no","gauge":"1435","railway":"rail","service":"yard"},"id":"way/74721342"},{"type":"Feature","geometry":{"type":"LineString","coordinates":[[-2.978923,51.588369],[-2.978107,51.588136],[-2.977993,51.588102],[-2.977576,51.587993],[-2.976978,51.587844],[-2.976538,51.587738],[-2.975834,51.58757],[-2.97519,51.587411],[-2.974573,51.587261],[-2.973983,51.58712],[-2.973366,51.586969],[-2.97261,51.586789],[-2.97208,51.586659],[-2.971596,51.58654],[-2.97108,51.586418],[-2.970477,51.586272],[-2.969945,51.586144],[-2.969367,51.586006],[-2.968907,51.585893],[-2.968319,51.585744],[-2.968191,51.58572],[-2.968015,51.58569]]},"properties":{"@id":"way/78413811","electrified":"no","gauge":"1435","railway":"rail","service":"siding"},"id":"way/78413811"},{"type":"Feature","geometry":{"type":"LineString","coordinates":[[-2.980909,51.589059],[-2.980775,51.58901],[-2.980643,51.588959],[-2.980391,51.58886],[-2.980281,51.588819],[-2.98014,51.588772],[-2.980095,51.588758],[-2.979542,51.588585],[-2.979277,51.588508]]},"properties":{"@id":"way/78413812","electrified":"contact_line","frequency":"50","gauge":"1435","layer":"2","name":"South Wales Main Line","name:br":"Linenn Pennañ Su Kembre","name:cy":"Prif Linell De Cymru","operator":"Network Rail","operator:wikidata":"Q1501071","railway":"rail","railway:track_ref":"Up Branch Dn","ref":"SWM2","tracks":"2","usage":"branch","voltage":"25000"},"id":"way/78413812"},{"type":"Feature","geometry":{"type":"LineString","coordinates":[[-2.992434,51.591736],[-2.99202,51.591789],[-2.991589,51.591836],[-2.991154,51.591868],[-2.990769,51.591885],[-2.990621,51.591887]]},"properties":{"@id":"way/78553162","electrified":"contact_line","frequency":"50","gauge":"1435","maxspeed":"40 mph","name":"South Wales Main Line","name:br":"Linenn Pennañ Su Kembre","name:cy":"Prif Linell De Cymru","operator":"Network Rail","operator:wikidata":"Q1501071","passenger_lines":"4","railway":"rail","railway:aws":"yes","railway:tpws":"yes","railway:track_ref":"UR","ref":"SWM2","usage":"main","voltage":"25000"},"id":"way/78553162"},{"type":"Feature","geometry":{"type":"LineString","coordinates":[[-2.986867,51.593751],[-2.986986,51.59363],[-2.987164,51.593451],[-2.987453,51.593192],[-2.98775,51.592973],[-2.988197,51.592705],[-2.988566,51.592522],[-2.988961,51.592357],[-2.989363,51.592229],[-2.989771,51.59211],[-2.990167,51.592027],[-2.990428,51.591985]]},"properties":{"@id":"way/78553180","electrified":"contact_line","frequency":"50","gauge":"1435","maxspeed":"40 mph","name":"Welsh Marches Line","operator":"Network Rail","operator:wikidata":"Q1501071","railway":"rail","railway:aws":"yes","railway:tpws":"yes","railway:track_ref":"DH","ref":"HNL1","usage":"main","voltage":"25000"},"id":"way/78553180"},{"type":"Feature","geometry":{"type":"LineString","coordinates":[[-3.068758,51.580306],[-3.068962,51.580342],[-3.069336,51.580407],[-3.070213,51.58053],[-3.073089,51.580998],[-3.07464,51.58121],[-3.078288,51.58165],[-3.079189,51.581728],[-3.079863,51.581765],[-3.080747,51.581791],[-3.081655,51.581809],[-3.088655,51.58191],[-3.089559,51.581958],[-3.090066,51.581992],[-3.090212,51.582],[-3.09162,51.582112],[-3.092118,51.582147],[-3.092658,51.582156],[-3.093143,51.582132],[-3.093651,51.582079],[-3.094826,51.581905],[-3.095395,51.581861],[-3.095889,51.581857],[-3.096598,51.581904],[-3.097112,51.581995],[-3.097993,51.582229],[-3.098732,51.582437],[-3.099208,51.582545],[-3.099662,51.582611],[-3.100248,51.582663],[-3.100884,51.582705],[-3.101352,51.582767],[-3.101661,51.582824],[-3.102066,51.58293],[-3.102402,51.583043],[-3.102952,51.583307]]},"properties":{"@id":"way/81512822","electrified":"no","gauge":"1435","maxspeed":"20 mph","name":"Bassaleg Junction and Rhymney Line","operator":"Network Rail","operator:wikidata":"Q1501071","railway":"rail","railway:aws":"yes","railway:bidirectional":"regular","railway:preferred_direction":"both","railway:tpws":"no","railway:traffic_mode":"freight","ref":"BJR","usage":"branch"},"id":"way/81512822"},{"type":"Feature","geometry":{"type":"LineString","coordinates":[[-3.068629,51.580281],[-3.068758,51.580306]]},"properties":{"@id":"way/81512823","bridge":"yes","electrified":"no","gauge":"1435","layer":"1","maxspeed":"20 mph","name":"Bassaleg Junction and Rhymney Line","operator":"Network Rail","operator:wikidata":"Q1501071","railway":"rail","railway:aws":"yes","railway:bidirectional":"regular","railway:preferred_direction":"both","railway:tpws":"no","railway:traffic_mode":"freight","ref":"BJR","usage":"branch"},"id":"way/81512823"},{"type":"Feature","geometry":{"type":"LineString","coordinates":[[-3.20156,51.477356],[-3.201893,51.477422]]},"properties":{"@id":"way/86265190","bridge":"yes","electrified":"no","gauge":"1435","layer":"1","maxspeed":"75 mph","name":"South Wales Main Line","name:br":"Linenn Pennañ Su Kembre","name:cy":"Prif Linell De Cymru","name:en":"South Wales Main Line","operator":"Network Rail","operator:wikidata":"Q1501071","railway":"rail","ref":"SWM2","usage":"main"},"id":"way/86265190"},{"type":"Feature","geometry":{"type":"LineString","coordinates":[[-3.202568,51.476865],[-3.203115,51.477013],[-3.203931,51.477233],[-3.204695,51.477439],[-3.205205,51.477578],[-3.20553,51.477667],[-3.206021,51.477799],[-3.20651,51.477932],[-3.207508,51.478202],[-3.208086,51.478358],[-3.208874,51.478571],[-3.209346,51.478699],[-3.209805,51.478823],[-3.21018,51.478924],[-3.210692,51.479063],[-3.211024,51.479152],[-3.211384,51.479249],[-3.211748,51.479346]]},"properties":{"@id":"way/86265194","electrified":"no","gauge":"1435","maxspeed":"55 mph","name":"Cardiff City Line","name:cy":"Llinell Dinas Caerdydd","operator":"Network Rail","operator:wikidata":"Q1501071","passenger_lines":"2","railway":"rail","ref":"RAD","usage":"branch"},"id":"way/86265194"},{"type":"Feature","geometry":{"type":"LineString","coordinates":[[-3.202264,51.476782],[-3.202568,51.476865]]},"properties":{"@id":"way/86265196","bridge":"yes","electrified":"no","gauge":"1435","layer":"1","maxspeed":"55 mph","name":"Cardiff City Line","name:cy":"Llinell Dinas Caerdydd","operator":"Network Rail","operator:wikidata":"Q1501071","passenger_lines":"2","railway":"rail","ref":"RAD","usage":"branch"},"id":"way/86265196"},{"type":"Feature","geometry":{"type":"LineString","coordinates":[[-3.201893,51.477422],[-3.202288,51.477509],[-3.202618,51.477578],[-3.203227,51.477729],[-3.205068,51.478207],[-3.207456,51.478846]]},"properties":{"@id":"way/86265198","electrified":"no","gauge":"1435","maxspeed":"75 mph","name":"South Wales Main Line","name:br":"Linenn Pennañ Su Kembre","name:cy":"Prif Linell De Cymru","name:en":"South Wales Main Line","operator":"Network Rail","operator:wikidata":"Q1501071","railway":"rail","ref":"SWM2","usage":"main"},"id":"way/86265198"},{"type":"Feature","geometry":{"type":"LineString","coordinates":[[-3.21954,51.481456],[-3.220041,51.48159],[-3.22057,51.481734],[-3.221086,51.481875],[-3.221293,51.481934],[-3.221511,51.482],[-3.221726,51.482068],[-3.221834,51.482105],[-3.222127,51.482213],[-3.222308,51.482285],[-3.222555,51.482389],[-3.222835,51.482518],[-3.222978,51.482588],[-3.223187,51.482695],[-3.223422,51.482823],[-3.223567,51.482905],[-3.223621,51.482939]]},"properties":{"@id":"way/87206671","electrified":"contact_line","frequency":"50","gauge":"1435","maxspeed":"55 mph","name":"Cardiff City Line","name:cy":"Llinell Dinas Caerdydd","operator":"Transport for Wales","operator:wikidata":"Q48740007","passenger_lines":"2","railway":"rail","ref":"RAD","usage":"branch","voltage":"25000"},"id":"way/87206671"},{"type":"Feature","geometry":{"type":"LineString","coordinates":[[-3.276637,51.482102],[-3.277983,51.481589],[-3.279313,51.48116],[-3.280196,51.480946],[-3.281176,51.480765],[-3.281734,51.480687],[-3.28232,51.480633],[-3.282971,51.480598],[-3.283648,51.480589],[-3.284353,51.480613],[-3.284939,51.480648],[-3.285524,51.480708],[-3.286217,51.480802],[-3.286918,51.480938],[-3.287432,51.481059],[-3.288172,51.481261]]},"properties":{"@id":"way/87206673","electrified":"no","gauge":"1435","maxspeed":"75 mph","name":"South Wales Main Line","name:br":"Linenn Pennañ Su Kembre","name:cy":"Prif Linell De Cymru","name:en":"South Wales Main Line","operator":"Network Rail","operator:wikidata":"Q1501071","railway":"rail","ref":"SWM2","usage":"main"},"id":"way/87206673"},{"type":"Feature","geometry":{"type":"LineString","coordinates":[[-3.224611,51.483671],[-3.224752,51.483798]]},"properties":{"@id":"way/87206678","bridge":"yes","electrified":"contact_line","frequency":"50","gauge":"1435","maxspeed":"55 mph","name":"Cardiff City Line","name:cy":"Llinell Dinas Caerdydd","operator":"Transport for Wales","operator:wikidata":"Q48740007","passenger_lines":"2","railway":"rail","ref":"RAD","usage":"branch","voltage":"25000"},"id":"way/87206678"},{"type":"Feature","geometry":{"type":"LineString","coordinates":[[-3.219185,51.481358],[-3.21954,51.481456]]},"properties":{"@id":"way/87206679","bridge":"yes","electrified":"contact_line","frequency":"50","gauge":"1435","maxspeed":"55 mph","name":"Cardiff City Line","name:cy":"Llinell Dinas Caerdydd","operator":"Transport for Wales","operator:wikidata":"Q48740007","passenger_lines":"2","railway":"rail","ref":"RAD","usage":"branch","voltage":"25000"},"id":"way/87206679"},{"type":"Feature","geometry":{"type":"LineString","coordinates":[[-3.27618,51.482275],[-3.276512,51.482149],[-3.276637,51.482102]]},"properties":{"@id":"way/87206682","bridge":"yes","electrified":"no","gauge":"1435","maxspeed":"75 mph","name":"South Wales Main Line","name:br":"Linenn Pennañ Su Kembre","name:cy":"Prif Linell De Cymru","name:en":"South Wales Main Line","operator":"Network Rail","operator:wikidata":"Q1501071","railway":"rail","ref":"SWM2","usage":"main"},"id":"way/87206682"},{"type":"Feature","geometry":{"type":"LineString","coordinates":[[-3.229679,51.488336],[-3.22987,51.48853]]},"properties":{"@id":"way/87206684","bridge":"yes","electrified":"contact_line","frequency":"50","gauge":"1435","layer":"1","maxspeed":"55 mph","name":"Cardiff City Line","name:cy":"Llinell Dinas Caerdydd","operator":"Transport for Wales","operator:wikidata":"Q48740007","passenger_lines":"2","railway":"rail","ref":"RAD","usage":"branch","voltage":"25000"},"id":"way/87206684"},{"type":"Feature","geometry":{"type":"LineString","coordinates":[[-3.224752,51.483798],[-3.225019,51.484039]]},"properties":{"@id":"way/87206690","electrified":"contact_line","frequency":"50","gauge":"1435","maxspeed":"55 mph","name":"Cardiff City Line","name:cy":"Llinell Dinas Caerdydd","operator":"Transport for Wales","operator:wikidata":"Q48740007","passenger_lines":"2","railway":"rail","ref":"RAD","usage":"branch","voltage":"25000"},"id":"way/87206690"},{"type":"Feature","geometry":{"type":"LineString","coordinates":[[-3.090041,51.605221],[-3.090246,51.605262]]},"properties":{"@id":"way/88824881","bridge":"yes","electrified":"no","gauge":"1435","maxspeed":"30 mph","name":"Ebbw Valley Line","operator":"Network Rail","operator:wikidata":"Q1501071","railway":"rail","ref":"WVL","source":"NPE","usage":"branch"},"id":"way/88824881"},{"type":"Feature","geometry":{"type":"LineString","coordinates":[[-3.090246,51.605262],[-3.090826,51.605402],[-3.091599,51.605635],[-3.092188,51.605834],[-3.0931,51.606176],[-3.094183,51.606628],[-3.094902,51.606949],[-3.095589,51.607253],[-3.096046,51.607454]]},"properties":{"@id":"way/88824882","electrified":"no","gauge":"1435","maxspeed":"30 mph","name":"Ebbw Valley Line","operator":"Network Rail","operator:wikidata":"Q1501071","railway":"rail","ref":"WVL","source":"NPE","usage":"branch"},"id":"way/88824882"},{"type":"Feature","geometry":{"type":"LineString","coordinates":[[-3.096196,51.607519],[-3.096509,51.607655],[-3.096826,51.607777],[-3.097318,51.607941],[-3.097855,51.608098],[-3.098355,51.608238],[-3.098658,51.608345],[-3.098898,51.608444],[-3.099121,51.608551],[-3.099233,51.608604],[-3.099313,51.608643],[-3.099423,51.608721],[-3.099821,51.609014],[-3.10009,51.609266],[-3.100222,51.609401],[-3.100332,51.609573],[-3.100463,51.609787],[-3.100584,51.610062],[-3.100667,51.61035],[-3.100753,51.610713],[-3.100883,51.611265],[-3.100931,51.611567],[-3.100951,51.611983],[-3.10102,51.612373],[-3.101114,51.612609],[-3.101267,51.612863],[-3.101398,51.613042],[-3.101612,51.613251],[-3.101883,51.613453],[-3.102268,51.61368],[-3.102688,51.613923],[-3.103107,51.614186],[-3.103403,51.614353]]},"properties":{"@id":"way/88827661","electrified":"no","gauge":"1435","maxspeed":"30 mph","name":"Ebbw Valley Line","operator":"Network Rail","operator:wikidata":"Q1501071","railway":"rail","ref":"WVL","source":"NPE","usage":"branch"},"id":"way/88827661"},{"type":"Feature","geometry":{"type":"LineString","coordinates":[[-3.096046,51.607454],[-3.096196,51.607519]]},"properties":{"@id":"way/88827662","bridge":"yes","electrified":"no","gauge":"1435","maxspeed":"30 mph","name":"Ebbw Valley Line","operator":"Network Rail","operator:wikidata":"Q1501071","railway":"rail","ref":"WVL","source":"NPE","usage":"branch"},"id":"way/88827662"},{"type":"Feature","geometry":{"type":"LineString","coordinates":[[-3.103626,51.61445],[-3.103779,51.614506],[-3.104911,51.614876],[-3.105335,51.615055],[-3.10581,51.615301],[-3.106101,51.615491],[-3.106414,51.615717],[-3.106886,51.616036],[-3.107244,51.616295],[-3.108028,51.616835],[-3.108456,51.617037],[-3.108988,51.617254],[-3.109574,51.617434],[-3.110162,51.617569],[-3.110699,51.617661],[-3.111387,51.617719],[-3.111938,51.617737],[-3.113148,51.617752],[-3.113669,51.617785],[-3.114154,51.617841],[-3.114815,51.617949],[-3.11493,51.61797],[-3.11674,51.618311],[-3.118533,51.618645],[-3.119568,51.618853],[-3.120813,51.619116],[-3.121463,51.619274],[-3.122401,51.619514],[-3.123312,51.619788],[-3.123662,51.619883],[-3.124228,51.62004],[-3.124613,51.620173],[-3.125089,51.620374],[-3.12564,51.620631],[-3.125997,51.620816]]},"properties":{"@id":"way/89319702","electrified":"no","gauge":"1435","maxspeed":"30 mph","name":"Ebbw Valley Line","operator":"Network Rail","operator:wikidata":"Q1501071","railway":"rail","ref":"WVL","source":"NPE","usage":"branch"},"id":"way/89319702"},{"type":"Feature","geometry":{"type":"LineString","coordinates":[[-3.103403,51.614353],[-3.103626,51.61445]]},"properties":{"@id":"way/89319706","bridge":"yes","electrified":"no","gauge":"1435","maxspeed":"30 mph","name":"Ebbw Valley Line","operator":"Network Rail","operator:wikidata":"Q1501071","railway":"rail","ref":"WVL","source":"NPE","usage":"branch"},"id":"way/89319706"},{"type":"Feature","geometry":{"type":"LineString","coordinates":[[-3.140063,51.647807],[-3.139944,51.648023]]},"properties":{"@id":"way/89324817","bridge":"yes","electrified":"no","gauge":"1435","layer":"1","maxspeed":"50 mph","name":"Ebbw Valley Line","operator":"Network Rail","operator:wikidata":"Q1501071","railway":"rail","ref":"WVL","source":"NPE","usage":"branch"},"id":"way/89324817"},{"type":"Feature","geometry":{"type":"LineString","coordinates":[[-3.139944,51.648023],[-3.139707,51.648363],[-3.139495,51.648598],[-3.13884,51.649199],[-3.138405,51.649615]]},"properties":{"@id":"way/89324824","electrified":"no","gauge":"1435","maxspeed":"50 mph","name":"Ebbw Valley Line","name:cy":"Rheilffordd Dyffryn Ebwy","operator":"Network Rail","operator:wikidata":"Q1501071","railway":"rail","ref":"WVL","source":"NPE","usage":"branch"},"id":"way/89324824"},{"type":"Feature","geometry":{"type":"LineString","coordinates":[[-3.142892,51.665943],[-3.143125,51.665477],[-3.143237,51.665233],[-3.143293,51.665083],[-3.143365,51.66489],[-3.143424,51.664691],[-3.143506,51.664381],[-3.143515,51.664156],[-3.143494,51.664028],[-3.143452,51.663773],[-3.143361,51.66349],[-3.143204,51.663119],[-3.143124,51.662935],[-3.142858,51.662488],[-3.142788,51.662389],[-3.142673,51.662254],[-3.142509,51.662079],[-3.142387,51.661951],[-3.142224,51.661815],[-3.142089,51.661705],[-3.14189,51.661562],[-3.141723,51.66144],[-3.140903,51.660874],[-3.140491,51.660613],[-3.140079,51.66038],[-3.139546,51.66011]]},"properties":{"@id":"way/89325671","electrified":"no","gauge":"1435","maxspeed":"50 mph","name":"Ebbw Valley Line","name:cy":"Rheilffordd Dyffryn Ebwy","operator":"Network Rail","operator:wikidata":"Q1501071","railway":"rail","ref":"WVL","source":"NPE","usage":"branch"},"id":"way/89325671"},{"type":"Feature","geometry":{"type":"LineString","coordinates":[[-3.138405,51.649615],[-3.138217,51.649787],[-3.137979,51.650005]]},"properties":{"@id":"way/89325694","bridge":"yes","electrified":"no","gauge":"1435","layer":"1","maxspeed":"50 mph","name":"Ebbw Valley Line","operator":"Network Rail","operator:wikidata":"Q1501071","railway":"rail","ref":"WVL","source":"NPE","usage":"branch"},"id":"way/89325694"},{"type":"Feature","geometry":{"type":"LineString","coordinates":[[-3.127662,51.593879],[-3.127746,51.59401]]},"properties":{"@id":"way/89541225","bridge":"yes","electrified":"no","gauge":"1435","layer":"1","maxspeed":"20 mph","operator":"Network Rail","operator:wikidata":"Q1501071","railway":"rail","railway:aws":"yes","railway:bidirectional":"regular","railway:preferred_direction":"both","railway:tpws":"no","railway:traffic_mode":"freight","service":"siding"},"id":"way/89541225"},{"type":"Feature","geometry":{"type":"LineString","coordinates":[[-3.127746,51.59401],[-3.127871,51.594141],[-3.127984,51.594248],[-3.128115,51.594356],[-3.128243,51.594458],[-3.128518,51.594631],[-3.128665,51.594718],[-3.128965,51.594888],[-3.12935,51.595057],[-3.129477,51.595115],[-3.129951,51.595354],[-3.130061,51.59541],[-3.13032,51.59556],[-3.130386,51.595606],[-3.130447,51.595652],[-3.130576,51.595746]]},"properties":{"@id":"way/89541226","electrified":"no","gauge":"1435","maxspeed":"20 mph","operator":"Network Rail","operator:wikidata":"Q1501071","railway":"rail","railway:aws":"yes","railway:bidirectional":"regular","railway:preferred_direction":"both","railway:tpws":"no","railway:traffic_mode":"freight","service":"siding"},"id":"way/89541226"},{"type":"Feature","geometry":{"type":"LineString","coordinates":[[-3.231658,51.421081],[-3.231815,51.420937]]},"properties":{"@id":"way/102401483","bridge":"yes","electrified":"no","gauge":"1435","maxspeed":"50 mph","name":"Vale of Glamorgan Line","name:cy":"Llinell Bro Morgannwg","operator":"Network Rail","operator:wikidata":"Q1501071","passenger_lines":"2","railway":"rail","ref":"BRY","source":"NPE","usage":"branch"},"id":"way/102401483"},{"type":"Feature","geometry":{"type":"LineString","coordinates":[[-3.231815,51.420937],[-3.237294,51.416053],[-3.23764,51.415769],[-3.237984,51.415551],[-3.238308,51.415362],[-3.238971,51.415045],[-3.239651,51.414813],[-3.240408,51.414637],[-3.241479,51.414484],[-3.24341,51.41424],[-3.244344,51.414121],[-3.245044,51.414014],[-3.245207,51.413984]]},"properties":{"@id":"way/102401484","electrified":"no","gauge":"1435","maxspeed":"50 mph","name":"Vale of Glamorgan Line","name:cy":"Llinell Bro Morgannwg","operator":"Network Rail","operator:wikidata":"Q1501071","passenger_lines":"2","railway":"rail","ref":"BRY","source":"NPE","usage":"branch"},"id":"way/102401484"},{"type":"Feature","geometry":{"type":"LineString","coordinates":[[-3.248375,51.412459],[-3.248494,51.412364],[-3.248681,51.412215],[-3.24908,51.411896],[-3.249525,51.411541],[-3.249889,51.411278],[-3.250228,51.411049],[-3.251111,51.410505]]},"properties":{"@id":"way/102401485","electrified":"no","gauge":"1435","maxspeed":"40 mph","name":"Barry Line","name:cy":"Llinell Y Barri","operator":"Network Rail","operator:wikidata":"Q1501071","passenger_lines":"2","railway":"rail","ref":"BRY","source":"NPE","usage":"branch"},"id":"way/102401485"},{"type":"Feature","geometry":{"type":"LineString","coordinates":[[-3.248065,51.412704],[-3.248352,51.412477],[-3.248375,51.412459]]},"properties":{"@id":"way/102401488","bridge":"yes","electrified":"no","gauge":"1435","layer":"1","maxspeed":"40 mph","name":"Vale of Glamorgan Line","name:cy":"Llinell Bro Morgannwg","operator":"Network Rail","operator:wikidata":"Q1501071","passenger_lines":"2","railway":"rail","ref":"BRY","source":"NPE","usage":"branch"},"id":"way/102401488"},{"type":"Feature","geometry":{"type":"LineString","coordinates":[[-3.458859,51.407965],[-3.458597,51.407873],[-3.458168,51.407702],[-3.45767,51.407466],[-3.45715,51.40719],[-3.456707,51.406921],[-3.456242,51.406596],[-3.454746,51.405451],[-3.451356,51.402875],[-3.450746,51.402466],[-3.450126,51.402097],[-3.448809,51.401407],[-3.448278,51.401166],[-3.447744,51.400937],[-3.446997,51.400644],[-3.446376,51.40043],[-3.445514,51.400162],[-3.444841,51.399981],[-3.444263,51.399836],[-3.443425,51.399658],[-3.442756,51.399539],[-3.442066,51.399435],[-3.441442,51.399351],[-3.440694,51.399276],[-3.440417,51.399254],[-3.439981,51.39922],[-3.439018,51.399165],[-3.438059,51.39912],[-3.436454,51.39904],[-3.431883,51.398815],[-3.424372,51.398437],[-3.420059,51.398224],[-3.404162,51.397444]]},"properties":{"@id":"way/102404965","electrified":"no","gauge":"1435","maxspeed":"50 mph","name":"Vale of Glamorgan Line","name:cy":"Llinell Bro Morgannwg","operator":"Network Rail","operator:wikidata":"Q1501071","passenger_lines":"2","railway":"rail","ref":"VOG","source":"NPE","usage":"branch"},"id":"way/102404965"},{"type":"Feature","geometry":{"type":"LineString","coordinates":[[-3.350003,51.500423],[-3.350369,51.500718],[-3.350876,51.501161],[-3.351285,51.501494],[-3.351722,51.501831],[-3.351965,51.502008],[-3.352227,51.502195],[-3.354485,51.503723],[-3.355083,51.504117],[-3.355654,51.504504],[-3.356245,51.504903],[-3.356823,51.505301],[-3.357717,51.505894],[-3.358447,51.506398],[-3.359194,51.506882],[-3.359646,51.50718],[-3.360562,51.50785]]},"properties":{"@id":"way/102541779","electrified":"no","gauge":"1435","maxspeed":"75 mph","name":"South Wales Main Line","name:br":"Linenn Pennañ Su Kembre","name:cy":"Prif Linell De Cymru","name:en":"South Wales Main Line","operator":"Network Rail","operator:wikidata":"Q1501071","passenger_lines":"2","railway":"rail","ref":"SWM2","usage":"main"},"id":"way/102541779"},{"type":"Feature","geometry":{"type":"LineString","coordinates":[[-3.327429,51.478216],[-3.327903,51.47829],[-3.328349,51.478348],[-3.328788,51.478423],[-3.329376,51.478533],[-3.329953,51.47866],[-3.330373,51.478761],[-3.330585,51.47881],[-3.330857,51.478873],[-3.331337,51.478994],[-3.331759,51.47912],[-3.33222,51.479274],[-3.332631,51.479439],[-3.333045,51.479619],[-3.333475,51.479816],[-3.333908,51.480046],[-3.334635,51.480447],[-3.335943,51.481168],[-3.336623,51.481537],[-3.337256,51.48188],[-3.338183,51.482391],[-3.338642,51.482641],[-3.339041,51.482869],[-3.339112,51.48291],[-3.339479,51.483147],[-3.340126,51.483568],[-3.340408,51.483793],[-3.34079,51.484078],[-3.341228,51.484447],[-3.341629,51.484806],[-3.341936,51.485113],[-3.342202,51.485411],[-3.342409,51.485643],[-3.342623,51.485908],[-3.342829,51.486175],[-3.343001,51.486427],[-3.34317,51.486706],[-3.343327,51.48698],[-3.343504,51.487327],[-3.343681,51.487674],[-3.344114,51.488702],[-3.344367,51.489395],[-3.344612,51.490043],[-3.345006,51.491042],[-3.34524,51.491643],[-3.345381,51.49203],[-3.345542,51.492452],[-3.34573,51.492952],[-3.345914,51.493404],[-3.346108,51.493912],[-3.346299,51.4944]]},"properties":{"@id":"way/102541782","electrified":"no","gauge":"1435","maxspeed":"75 mph","name":"South Wales Main Line","name:br":"Linenn Pennañ Su Kembre","name:cy":"Prif Linell De Cymru","name:en":"South Wales Main Line","operator":"Network Rail","operator:wikidata":"Q1501071","passenger_lines":"2","railway":"rail","ref":"SWM2","usage":"main"},"id":"way/102541782"},{"type":"Feature","geometry":{"type":"LineString","coordinates":[[-3.34641,51.494705],[-3.34668,51.49541],[-3.346956,51.496123],[-3.34717,51.49657],[-3.347445,51.497104],[-3.347648,51.497464],[-3.347853,51.497827],[-3.348269,51.49842],[-3.348711,51.499004],[-3.349187,51.499588],[-3.349482,51.499906],[-3.349778,51.500211]]},"properties":{"@id":"way/102541783","electrified":"no","gauge":"1435","maxspeed":"75 mph","name":"South Wales Main Line","name:br":"Linenn Pennañ Su Kembre","name:cy":"Prif Linell De Cymru","name:en":"South Wales Main Line","operator":"Network Rail","operator:wikidata":"Q1501071","passenger_lines":"2","railway":"rail","ref":"SWM2","usage":"main"},"id":"way/102541783"},{"type":"Feature","geometry":{"type":"LineString","coordinates":[[-3.327109,51.478176],[-3.327429,51.478216]]},"properties":{"@id":"way/102541785","bridge":"yes","electrified":"no","gauge":"1435","maxspeed":"75 mph","name":"South Wales Main Line","name:br":"Linenn Pennañ Su Kembre","name:cy":"Prif Linell De Cymru","name:en":"South Wales Main Line","operator":"Network Rail","operator:wikidata":"Q1501071","passenger_lines":"2","railway":"rail","ref":"SWM2","usage":"main"},"id":"way/102541785"},{"type":"Feature","geometry":{"type":"LineString","coordinates":[[-3.349778,51.500211],[-3.350003,51.500423]]},"properties":{"@id":"way/102541787","bridge":"yes","electrified":"no","gauge":"1435","maxspeed":"75 mph","name":"South Wales Main Line","name:br":"Linenn Pennañ Su Kembre","name:cy":"Prif Linell De Cymru","name:en":"South Wales Main Line","operator":"Network Rail","operator:wikidata":"Q1501071","passenger_lines":"2","railway":"rail","ref":"SWM2","usage":"main"},"id":"way/102541787"},{"type":"Feature","geometry":{"type":"LineString","coordinates":[[-3.346299,51.4944],[-3.346396,51.494667],[-3.34641,51.494705]]},"properties":{"@id":"way/102541788","bridge":"yes","electrified":"no","gauge":"1435","maxspeed":"75 mph","name":"South Wales Main Line","name:br":"Linenn Pennañ Su Kembre","name:cy":"Prif Linell De Cymru","name:en":"South Wales Main Line","operator":"Network Rail","operator:wikidata":"Q1501071","passenger_lines":"2","railway":"rail","ref":"SWM2","usage":"main"},"id":"way/102541788"},{"type":"Feature","geometry":{"type":"LineString","coordinates":[[-3.360562,51.50785],[-3.360863,51.508076]]},"properties":{"@id":"way/102541913","bridge":"yes","electrified":"no","gauge":"1435","layer":"1","maxspeed":"75 mph","name":"South Wales Main Line","name:br":"Linenn Pennañ Su Kembre","name:cy":"Prif Linell De Cymru","name:en":"South Wales Main Line","operator":"Network Rail","operator:wikidata":"Q1501071","passenger_lines":"2","railway":"rail","ref":"SWM2","usage":"main"},"id":"way/102541913"},{"type":"Feature","geometry":{"type":"LineString","coordinates":[[-3.360863,51.508076],[-3.361364,51.508511],[-3.361607,51.508732],[-3.361842,51.508954],[-3.362215,51.509336],[-3.362269,51.509398],[-3.362426,51.509577],[-3.362638,51.509847],[-3.362681,51.509901],[-3.362913,51.510215],[-3.363032,51.510377],[-3.363193,51.510612],[-3.363439,51.510966],[-3.363478,51.511022],[-3.363755,51.511396],[-3.364013,51.511728],[-3.364103,51.51183],[-3.364692,51.512438],[-3.364828,51.512589],[-3.365025,51.512785],[-3.365619,51.513308],[-3.365956,51.513572],[-3.366311,51.513836],[-3.366764,51.514148],[-3.367241,51.514451],[-3.367745,51.51475],[-3.368308,51.515055],[-3.368619,51.515211],[-3.368942,51.515367],[-3.369304,51.51553],[-3.369686,51.515696],[-3.36999,51.515823],[-3.370398,51.515981],[-3.371144,51.516242]]},"properties":{"@id":"way/102541916","electrified":"no","gauge":"1435","maxspeed":"75 mph","name":"South Wales Main Line","name:br":"Linenn Pennañ Su Kembre","name:cy":"Prif Linell De Cymru","name:en":"South Wales Main Line","operator":"Network Rail","operator:wikidata":"Q1501071","passenger_lines":"2","railway":"rail","ref":"SWM2","usage":"main"},"id":"way/102541916"},{"type":"Feature","geometry":{"type":"LineString","coordinates":[[-3.376689,51.518247],[-3.377178,51.518509],[-3.377663,51.518768],[-3.378169,51.519039],[-3.378577,51.519247],[-3.378977,51.519444],[-3.379366,51.519625],[-3.37975,51.519793],[-3.379999,51.519896],[-3.380355,51.520037],[-3.380992,51.520264],[-3.381351,51.520384],[-3.381748,51.52051],[-3.382134,51.520621],[-3.382735,51.520784],[-3.383237,51.520906],[-3.384337,51.521157],[-3.384924,51.52128],[-3.385573,51.521437]]},"properties":{"@id":"way/102551898","electrified":"no","gauge":"1435","maxspeed":"75 mph","name":"South Wales Main Line","name:br":"Linenn Pennañ Su Kembre","name:cy":"Prif Linell De Cymru","name:en":"South Wales Main Line","operator":"Network Rail","operator:wikidata":"Q1501071","passenger_lines":"2","railway":"rail","ref":"SWM2","usage":"main"},"id":"way/102551898"},{"type":"Feature","geometry":{"type":"LineString","coordinates":[[-3.385573,51.521437],[-3.385916,51.521525]]},"properties":{"@id":"way/102551908","bridge":"yes","electrified":"no","gauge":"1435","layer":"2","maxspeed":"75 mph","name":"South Wales Main Line","name:br":"Linenn Pennañ Su Kembre","name:cy":"Prif Linell De Cymru","name:en":"South Wales Main Line","operator":"Network Rail","operator:wikidata":"Q1501071","passenger_lines":"2","railway":"rail","ref":"SWM2","usage":"main"},"id":"way/102551908"},{"type":"Feature","geometry":{"type":"LineString","coordinates":[[-3.385916,51.521525],[-3.386303,51.521624],[-3.386695,51.521723],[-3.387224,51.521889],[-3.387582,51.522003],[-3.38795,51.522119],[-3.388489,51.522307],[-3.389112,51.522535],[-3.389488,51.522685],[-3.389881,51.522839],[-3.390457,51.523083],[-3.391029,51.523342],[-3.391566,51.523592],[-3.392063,51.523834],[-3.392501,51.524037],[-3.392649,51.524106],[-3.392903,51.524222]]},"properties":{"@id":"way/102551917","electrified":"no","gauge":"1435","maxspeed":"75 mph","name":"South Wales Main Line","name:br":"Linenn Pennañ Su Kembre","name:cy":"Prif Linell De Cymru","name:en":"South Wales Main Line","operator":"Network Rail","operator:wikidata":"Q1501071","passenger_lines":"2","railway":"rail","ref":"SWM2","usage":"main"},"id":"way/102551917"},{"type":"Feature","geometry":{"type":"LineString","coordinates":[[-3.376385,51.51809],[-3.376689,51.518247]]},"properties":{"@id":"way/102551926","bridge":"yes","electrified":"no","gauge":"1435","maxspeed":"75 mph","name":"South Wales Main Line","name:br":"Linenn Pennañ Su Kembre","name:cy":"Prif Linell De Cymru","name:en":"South Wales Main Line","operator":"Network Rail","operator:wikidata":"Q1501071","passenger_lines":"2","railway":"rail","ref":"SWM2","usage":"main"},"id":"way/102551926"},{"type":"Feature","geometry":{"type":"LineString","coordinates":[[-3.371144,51.516242],[-3.371609,51.516397]]},"properties":{"@id":"way/102551930","bridge":"yes","electrified":"no","gauge":"1435","layer":"1","maxspeed":"75 mph","name":"South Wales Main Line","name:br":"Linenn Pennañ Su Kembre","name:cy":"Prif Linell De Cymru","name:en":"South Wales Main Line","operator":"Network Rail","operator:wikidata":"Q1501071","passenger_lines":"2","railway":"rail","ref":"SWM2","usage":"main"},"id":"way/102551930"},{"type":"Feature","geometry":{"type":"LineString","coordinates":[[-3.31668,51.651717],[-3.316478,51.651956]]},"properties":{"@id":"way/102572638","electrified":"contact_line","frequency":"50","gauge":"1435","layer":"-1","maxspeed":"55 mph","name":"Cardiff and Merthyr Line","operator":"Transport for Wales","operator:wikidata":"Q48740007","railway":"rail","ref":"CAM","source":"OS_OpenData_StreetView","usage":"branch","voltage":"25000"},"id":"way/102572638"},{"type":"Feature","geometry":{"type":"LineString","coordinates":[[-3.318193,51.659259],[-3.318608,51.659431],[-3.31899,51.659596],[-3.319435,51.659747],[-3.319642,51.65981],[-3.319904,51.659879]]},"properties":{"@id":"way/102572640","bridge":"viaduct","designation":"Goitre Coed Railway Viaduct","electrified":"no","gauge":"1435","heritage":"yes","layer":"1","maxspeed":"55 mph","name":"Cardiff and Merthyr Line","operator":"Transport for Wales","operator:wikidata":"Q48740007","railway":"rail","ref":"CAM","source":"OS_OpenData_StreetView","usage":"branch","wikidata":"Q17742958"},"id":"way/102572640"},{"type":"Feature","geometry":{"type":"LineString","coordinates":[[-3.325695,51.645637],[-3.325164,51.646018]]},"properties":{"@id":"way/102572642","electrified":"contact_line","frequency":"50","gauge":"1435","layer":"1","maxspeed":"55 mph","name":"Cardiff and Merthyr Line","operator":"Transport for Wales","operator:wikidata":"Q48740007","railway":"rail","ref":"CAM","source":"OS_OpenData_StreetView","usage":"branch","voltage":"25000"},"id":"way/102572642"},{"type":"Feature","geometry":{"type":"LineString","coordinates":[[-3.330636,51.626818],[-3.330705,51.626934],[-3.330802,51.627115],[-3.330925,51.627423],[-3.331048,51.627951],[-3.3313,51.629857],[-3.33145,51.631054],[-3.331478,51.631273],[-3.331547,51.631824],[-3.331802,51.633803],[-3.332057,51.635762],[-3.332381,51.638284]]},"properties":{"@id":"way/102572651","electrified":"contact_line","frequency":"50","gauge":"1435","maxspeed":"55 mph","name":"Cardiff and Merthyr Line","operator":"Transport for Wales","operator:wikidata":"Q48740007","railway":"rail","ref":"CAM","source":"OS_OpenData_StreetView","usage":"branch","voltage":"25000"},"id":"way/102572651"},{"type":"Feature","geometry":{"type":"LineString","coordinates":[[-3.325164,51.646018],[-3.324919,51.646191]]},"properties":{"@id":"way/102572668","bridge":"yes","electrified":"contact_line","frequency":"50","gauge":"1435","layer":"1","maxspeed":"55 mph","name":"Cardiff and Merthyr Line","operator":"Transport for Wales","operator:wikidata":"Q48740007","railway":"rail","ref":"CAM","source":"OS_OpenData_StreetView","usage":"branch","voltage":"25000"},"id":"way/102572668"},{"type":"Feature","geometry":{"type":"LineString","coordinates":[[-3.326024,51.645399],[-3.325695,51.645637]]},"properties":{"@id":"way/102572671","bridge":"yes","electrified":"contact_line","frequency":"50","gauge":"1435","heritage":"yes","layer":"1","maxspeed":"55 mph","name":"Cardiff and Merthyr Line","operator":"Transport for Wales","operator:wikidata":"Q48740007","railway":"rail","ref":"CAM","source":"OS_OpenData_StreetView","usage":"branch","voltage":"25000","wikidata":"Q29504072"},"id":"way/102572671"},{"type":"Feature","geometry":{"type":"LineString","coordinates":[[-3.315957,51.65261],[-3.315778,51.652908]]},"properties":{"@id":"way/102572674","electrified":"contact_line","frequency":"50","gauge":"1435","layer":"-1","maxspeed":"55 mph","name":"Cardiff and Merthyr Line","operator":"Transport for Wales","operator:wikidata":"Q48740007","railway":"rail","ref":"CAM","source":"OS_OpenData_StreetView","tunnel":"yes","usage":"branch","voltage":"25000"},"id":"way/102572674"},{"type":"Feature","geometry":{"type":"LineString","coordinates":[[-3.315237,51.655122],[-3.315239,51.655376],[-3.315297,51.656101],[-3.315491,51.65682],[-3.31578,51.657352],[-3.316084,51.657764],[-3.316188,51.657905],[-3.316703,51.658364],[-3.317345,51.658828],[-3.318193,51.659259]]},"properties":{"@id":"way/102572677","cutting":"yes","electrified":"contact_line","frequency":"50","gauge":"1435","layer":"1","maxspeed":"55 mph","name":"Cardiff and Merthyr Line","operator":"Transport for Wales","operator:wikidata":"Q48740007","railway":"rail","ref":"CAM","source":"OS_OpenData_StreetView","usage":"branch","voltage":"25000"},"id":"way/102572677"},{"type":"Feature","geometry":{"type":"LineString","coordinates":[[-3.316478,51.651956],[-3.315957,51.65261]]},"properties":{"@id":"way/102572702","electrified":"contact_line","frequency":"50","gauge":"1435","layer":"-1","maxspeed":"55 mph","name":"Cardiff and Merthyr Line","operator":"Transport for Wales","operator:wikidata":"Q48740007","railway":"rail","ref":"CAM","source":"OS_OpenData_StreetView","usage":"branch","voltage":"25000"},"id":"way/102572702"},{"type":"Feature","geometry":{"type":"LineString","coordinates":[[-3.324919,51.646191],[-3.324178,51.646712],[-3.323641,51.647085],[-3.322938,51.64754],[-3.320517,51.649139],[-3.318725,51.650208],[-3.31774,51.650888],[-3.317278,51.651207],[-3.316842,51.651555],[-3.31668,51.651717]]},"properties":{"@id":"way/102572703","electrified":"contact_line","frequency":"50","gauge":"1435","maxspeed":"55 mph","name":"Cardiff and Merthyr Line","operator":"Transport for Wales","operator:wikidata":"Q48740007","railway":"rail","ref":"CAM","source":"OS_OpenData_StreetView","usage":"branch","voltage":"25000"},"id":"way/102572703"},{"type":"Feature","geometry":{"type":"LineString","coordinates":[[-3.257707,51.532998],[-3.257808,51.533422],[-3.257975,51.533907],[-3.258147,51.534307],[-3.25839,51.534752],[-3.258551,51.535006],[-3.258719,51.535241],[-3.258888,51.535443],[-3.259337,51.535969]]},"properties":{"@id":"way/102678493","electrified":"no","gauge":"1435","maxspeed":"60 mph","name":"Cardiff and Merthyr Line","operator":"Transport for Wales","operator:wikidata":"Q48740007","railway":"rail","ref":"CAM","source":"npe","usage":"branch"},"id":"way/102678493"},{"type":"Feature","geometry":{"type":"LineString","coordinates":[[-3.259656,51.536305],[-3.260206,51.536927],[-3.261261,51.538234],[-3.261869,51.538987],[-3.262464,51.539716],[-3.262887,51.540205],[-3.262937,51.540261],[-3.263272,51.540621],[-3.263456,51.540821],[-3.264076,51.541383],[-3.265635,51.542682],[-3.266097,51.543068],[-3.266892,51.543725],[-3.268547,51.545095],[-3.270216,51.546478],[-3.271089,51.54711]]},"properties":{"@id":"way/102678496","electrified":"no","gauge":"1435","maxspeed":"60 mph","name":"Cardiff and Merthyr Line","operator":"Transport for Wales","operator:wikidata":"Q48740007","railway":"rail","ref":"CAM","source":"npe","usage":"branch"},"id":"way/102678496"},{"type":"Feature","geometry":{"type":"LineString","coordinates":[[-3.259337,51.535969],[-3.259656,51.536305]]},"properties":{"@id":"way/102678500","electrified":"no","gauge":"1435","maxspeed":"60 mph","name":"Cardiff and Merthyr Line","operator":"Transport for Wales","operator:wikidata":"Q48740007","railway":"rail","ref":"CAM","source":"npe","tunnel":"yes","usage":"branch"},"id":"way/102678500"},{"type":"Feature","geometry":{"type":"LineString","coordinates":[[-3.257559,51.532388],[-3.257707,51.532998]]},"properties":{"@id":"way/102678504","bridge":"yes","electrified":"no","gauge":"1435","maxspeed":"60 mph","name":"Cardiff and Merthyr Line","operator":"Transport for Wales","operator:wikidata":"Q48740007","railway":"rail","ref":"CAM","source":"npe","usage":"branch"},"id":"way/102678504"},{"type":"Feature","geometry":{"type":"LineString","coordinates":[[-3.303227,51.574621],[-3.303704,51.575056],[-3.304102,51.575355],[-3.304498,51.575627],[-3.305148,51.575979],[-3.305838,51.576274],[-3.306613,51.576533],[-3.309089,51.57719],[-3.310331,51.577598],[-3.311218,51.577934],[-3.311989,51.578251],[-3.313332,51.57886],[-3.314475,51.579379],[-3.31572,51.579945],[-3.316585,51.5804],[-3.317313,51.580845],[-3.317971,51.581289],[-3.318775,51.581908],[-3.320189,51.583109],[-3.321036,51.583896]]},"properties":{"@id":"way/102684637","electrified":"contact_line","frequency":"50","gauge":"1435","maxspeed":"60 mph","name":"Cardiff and Merthyr Line","operator":"Transport for Wales","operator:wikidata":"Q48740007","railway":"rail","ref":"CAM","source":"OS_OpenData_StreetView","usage":"branch","voltage":"25000"},"id":"way/102684637"},{"type":"Feature","geometry":{"type":"LineString","coordinates":[[-3.303009,51.574409],[-3.303227,51.574621]]},"properties":{"@id":"way/102684638","bridge":"yes","electrified":"contact_line","frequency":"50","gauge":"1435","maxspeed":"60 mph","name":"Cardiff and Merthyr Line","operator":"Transport for Wales","operator:wikidata":"Q48740007","railway":"rail","ref":"CAM","source":"OS_OpenData_StreetView","usage":"branch","voltage":"25000"},"id":"way/102684638"},{"type":"Feature","geometry":{"type":"LineString","coordinates":[[-3.211748,51.479346],[-3.212059,51.479431]]},"properties":{"@id":"way/102951303","bridge":"yes","electrified":"no","gauge":"1435","layer":"1","maxspeed":"55 mph","name":"Cardiff City Line","name:cy":"Llinell Dinas Caerdydd","operator":"Network Rail","operator:wikidata":"Q1501071","passenger_lines":"2","railway":"rail","ref":"RAD","usage":"branch"},"id":"way/102951303"},{"type":"Feature","geometry":{"type":"LineString","coordinates":[[-3.211372,51.479902],[-3.21167,51.479983]]},"properties":{"@id":"way/102951354","bridge":"yes","electrified":"no","gauge":"1435","layer":"1","maxspeed":"75 mph","name":"South Wales Main Line","name:br":"Linenn Pennañ Su Kembre","name:cy":"Prif Linell De Cymru","name:en":"South Wales Main Line","operator":"Network Rail","operator:wikidata":"Q1501071","railway":"rail","ref":"SWM2","usage":"main"},"id":"way/102951354"},{"type":"Feature","geometry":{"type":"LineString","coordinates":[[-3.212059,51.479431],[-3.219185,51.481358]]},"properties":{"@id":"way/102951424","electrified":"contact_line","frequency":"50","gauge":"1435","maxspeed":"55 mph","name":"Cardiff City Line","name:cy":"Llinell Dinas Caerdydd","operator":"Transport for Wales","operator:wikidata":"Q48740007","passenger_lines":"2","railway":"rail","ref":"RAD","usage":"branch","voltage":"25000"},"id":"way/102951424"},{"type":"Feature","geometry":{"type":"LineString","coordinates":[[-3.21372,51.433933],[-3.21397,51.433807]]},"properties":{"@id":"way/105140018","bridge":"yes","electrified":"no","gauge":"1435","maxspeed":"50 mph","name":"Vale of Glamorgan Line","name:cy":"Llinell Bro Morgannwg","operator":"Network Rail","operator:wikidata":"Q1501071","passenger_lines":"2","railway":"rail","ref":"BRY","usage":"branch"},"id":"way/105140018"},{"type":"Feature","geometry":{"type":"LineString","coordinates":[[-3.21397,51.433807],[-3.216002,51.432792],[-3.219068,51.431251],[-3.219417,51.431056],[-3.219617,51.430937],[-3.21985,51.430789],[-3.220243,51.430531],[-3.221143,51.429915],[-3.222388,51.429077],[-3.2233,51.428449],[-3.224067,51.42781]]},"properties":{"@id":"way/105140042","electrified":"no","gauge":"1435","maxspeed":"50 mph","name":"Vale of Glamorgan Line","name:cy":"Llinell Bro Morgannwg","operator":"Network Rail","operator:wikidata":"Q1501071","passenger_lines":"2","railway":"rail","ref":"BRY","usage":"branch"},"id":"way/105140042"},{"type":"Feature","geometry":{"type":"LineString","coordinates":[[-3.189891,51.467789],[-3.189964,51.468032]]},"properties":{"@id":"way/105180791","bridge":"yes","electrified":"no","gauge":"1435","maxspeed":"30 mph","name":"Vale of Glamorgan Line","name:cy":"Llinell Bro Morgannwg","operator":"Network Rail","operator:wikidata":"Q1501071","passenger_lines":"2","railway":"rail","ref":"BRY","usage":"branch"},"id":"way/105180791"},{"type":"Feature","geometry":{"type":"LineString","coordinates":[[-3.192912,51.472602],[-3.19294,51.472809],[-3.192946,51.47299],[-3.192908,51.47326],[-3.192857,51.473495],[-3.192805,51.473645],[-3.192682,51.473902],[-3.192584,51.474079],[-3.192476,51.474215],[-3.192317,51.474387],[-3.192147,51.47455],[-3.191963,51.474695],[-3.191814,51.474802],[-3.191551,51.474962],[-3.191106,51.475209],[-3.190988,51.475262],[-3.190843,51.475327],[-3.190697,51.475385],[-3.190463,51.475471],[-3.190311,51.475519],[-3.190175,51.475557],[-3.190008,51.4756],[-3.189806,51.475644],[-3.1896,51.475682],[-3.189434,51.475708],[-3.189181,51.475742],[-3.188991,51.475758],[-3.188815,51.475769],[-3.18864,51.475772],[-3.188448,51.475775],[-3.188203,51.475771],[-3.187896,51.475755],[-3.187544,51.47573]]},"properties":{"@id":"way/105180792","electrified":"no","gauge":"1435","maxspeed":"25 mph","name":"Up Barry","operator":"Network Rail","operator:wikidata":"Q1501071","passenger_lines":"2","railway":"rail","ref":"BRY","usage":"branch"},"id":"way/105180792"},{"type":"Feature","geometry":{"type":"LineString","coordinates":[[-3.190204,51.463637],[-3.190715,51.463043],[-3.191142,51.462559],[-3.19268,51.460816],[-3.193236,51.460194],[-3.193605,51.459719],[-3.193866,51.459327],[-3.194141,51.458814],[-3.194382,51.45831]]},"properties":{"@id":"way/105180795","electrified":"no","gauge":"1435","maxspeed":"50 mph","name":"Vale of Glamorgan Line","name:cy":"Llinell Bro Morgannwg","operator":"Network Rail","operator:wikidata":"Q1501071","passenger_lines":"2","railway":"rail","ref":"BRY","usage":"branch"},"id":"way/105180795"},{"type":"Feature","geometry":{"type":"LineString","coordinates":[[-3.194435,51.458319],[-3.194202,51.458826],[-3.193927,51.459342],[-3.193664,51.459736],[-3.193293,51.460213],[-3.192737,51.460835],[-3.191199,51.462578],[-3.190772,51.463062],[-3.190262,51.463655]]},"properties":{"@id":"way/105180804","electrified":"no","gauge":"1435","maxspeed":"40 mph","name":"Vale of Glamorgan Line","name:cy":"Llinell Bro Morgannwg","operator":"Network Rail","operator:wikidata":"Q1501071","passenger_lines":"2","railway":"rail","ref":"BRY","usage":"branch"},"id":"way/105180804"},{"type":"Feature","geometry":{"type":"LineString","coordinates":[[-3.189844,51.468102],[-3.189726,51.46787]]},"properties":{"@id":"way/105180805","bridge":"yes","electrified":"no","gauge":"1435","maxspeed":"30 mph","name":"Vale of Glamorgan Line","name:cy":"Llinell Bro Morgannwg","operator":"Network Rail","operator:wikidata":"Q1501071","passenger_lines":"2","railway":"rail","ref":"BRY","usage":"branch"},"id":"way/105180805"},{"type":"Feature","geometry":{"type":"LineString","coordinates":[[-3.195287,51.454589],[-3.195149,51.454194],[-3.194922,51.453725],[-3.19471,51.453347],[-3.194463,51.452955],[-3.194216,51.452605],[-3.193946,51.452257],[-3.193613,51.451869],[-3.193263,51.451504],[-3.192916,51.451193],[-3.19259,51.450938],[-3.191992,51.45051],[-3.191475,51.450141],[-3.190951,51.449766],[-3.190364,51.449352]]},"properties":{"@id":"way/105605596","electrified":"no","gauge":"1435","maxspeed":"40 mph","name":"Vale of Glamorgan Line","name:cy":"Llinell Bro Morgannwg","operator":"Network Rail","operator:wikidata":"Q1501071","passenger_lines":"2","railway":"rail","ref":"BRY","usage":"branch"},"id":"way/105605596"},{"type":"Feature","geometry":{"type":"LineString","coordinates":[[-3.194382,51.45831],[-3.19444,51.458194],[-3.194517,51.458038],[-3.194646,51.457779]]},"properties":{"@id":"way/105605597","bridge":"yes","electrified":"no","gauge":"1435","layer":"1","maxspeed":"50 mph","name":"Vale of Glamorgan Line","name:cy":"Llinell Bro Morgannwg","operator":"Network Rail","operator:wikidata":"Q1501071","passenger_lines":"2","railway":"rail","ref":"BRY","usage":"branch"},"id":"way/105605597"},{"type":"Feature","geometry":{"type":"LineString","coordinates":[[-3.026473,51.56993],[-3.027307,51.570047],[-3.027954,51.570157],[-3.028378,51.570245],[-3.028793,51.57036],[-3.029107,51.570474],[-3.029463,51.570624],[-3.029609,51.570692],[-3.029823,51.570803],[-3.030051,51.570949],[-3.030194,51.571042],[-3.030317,51.571136],[-3.030439,51.571239],[-3.030553,51.571341],[-3.030684,51.571478],[-3.030835,51.571672],[-3.030975,51.57189],[-3.031073,51.572087],[-3.031173,51.572339],[-3.031345,51.572921],[-3.031421,51.573216],[-3.031548,51.57364],[-3.031736,51.574099],[-3.031874,51.574369],[-3.031991,51.574537],[-3.032295,51.574843]]},"properties":{"@id":"way/114122315","electrified":"no","gauge":"1435","maxspeed":"20 mph","name":"Park Mile","name:cy":"Milltir y Parc","operator":"Network Rail","operator:wikidata":"Q1501071","railway":"rail","railway:aws":"yes","railway:bidirectional":"regular","railway:preferred_direction":"both","railway:tpws":"no","ref":"WVL","usage":"branch"},"id":"way/114122315"},{"type":"Feature","geometry":{"type":"LineString","coordinates":[[-3.037803,51.57872],[-3.038039,51.57887]]},"properties":{"@id":"way/114122318","bridge":"yes","electrified":"no","gauge":"1435","layer":"1","maxspeed":"20 mph","name":"Bassaleg Junction and Rhymney Line","operator":"Network Rail","operator:wikidata":"Q1501071","railway":"rail","railway:aws":"yes","railway:bidirectional":"regular","railway:preferred_direction":"both","railway:tpws":"no","railway:traffic_mode":"freight","ref":"BJR","usage":"branch"},"id":"way/114122318"},{"type":"Feature","geometry":{"type":"LineString","coordinates":[[-3.031345,51.573131],[-3.031411,51.573369],[-3.031511,51.573713],[-3.031662,51.574052],[-3.031685,51.574104],[-3.031814,51.574357],[-3.03193,51.57453],[-3.032282,51.574902]]},"properties":{"@id":"way/114122322","electrified":"no","gauge":"1435","maxspeed":"50 mph","name":"Ebbw Valley Line","name:cy":"Rheilffordd Dyffryn Ebwy","operator":"Network Rail","operator:wikidata":"Q1501071","railway":"rail","ref":"WVL","source":"NPE","tracks":"2","usage":"branch"},"id":"way/114122322"},{"type":"Feature","geometry":{"type":"LineString","coordinates":[[-3.032684,51.575226],[-3.033112,51.57562],[-3.033605,51.575959],[-3.034244,51.576386],[-3.034533,51.576587],[-3.034929,51.57686],[-3.035118,51.576991],[-3.036038,51.577628],[-3.036741,51.578098]]},"properties":{"@id":"way/114538441","electrified":"no","gauge":"1435","maxspeed":"20 mph","name":"Ebbw Valley Line","operator":"Network Rail","operator:wikidata":"Q1501071","railway":"rail","railway:aws":"yes","railway:bidirectional":"regular","railway:preferred_direction":"both","railway:tpws":"no","ref":"WVL","usage":"branch"},"id":"way/114538441"},{"type":"Feature","geometry":{"type":"LineString","coordinates":[[-3.032295,51.574843],[-3.032425,51.574987],[-3.032534,51.575089],[-3.032684,51.575226]]},"properties":{"@id":"way/114538442","bridge":"yes","electrified":"no","gauge":"1435","layer":"1","maxspeed":"20 mph","name":"Ebbw Valley Line","operator":"Network Rail","operator:wikidata":"Q1501071","railway":"rail","railway:aws":"yes","railway:bidirectional":"regular","railway:preferred_direction":"both","railway:tpws":"no","ref":"WVL","usage":"branch"},"id":"way/114538442"},{"type":"Feature","geometry":{"type":"LineString","coordinates":[[-3.326767,51.645472],[-3.326726,51.645565]]},"properties":{"@id":"way/116384187","bridge":"yes","electrified":"contact_line","frequency":"50","gauge":"1435","layer":"1","maxspeed":"35 mph","operator":"Transport for Wales","operator:wikidata":"Q48740007","passenger_lines":"1","railway":"rail","ref":"ABD","source":"OS_OpenData_StreetView","usage":"branch","voltage":"25000"},"id":"way/116384187"},{"type":"Feature","geometry":{"type":"LineString","coordinates":[[-3.352696,51.662844],[-3.35339,51.66305]]},"properties":{"@id":"way/116384193","bridge":"yes","electrified":"contact_line","frequency":"50","gauge":"1435","layer":"1","maxspeed":"35 mph","name":"Aberdare Branch","operator":"Transport for Wales","operator:wikidata":"Q48740007","passenger_lines":"1","railway":"rail","ref":"ABD","source":"Bing","usage":"branch","voltage":"25000"},"id":"way/116384193"},{"type":"Feature","geometry":{"type":"LineString","coordinates":[[-3.35339,51.66305],[-3.354058,51.663274],[-3.354687,51.663545],[-3.355217,51.663828],[-3.355842,51.664241],[-3.356419,51.66472],[-3.356908,51.665224],[-3.357107,51.66551]]},"properties":{"@id":"way/116384195","electrified":"contact_line","frequency":"50","gauge":"1435","maxspeed":"50 mph","name":"Aberdare Branch","operator":"Transport for Wales","operator:wikidata":"Q48740007","passenger_lines":"1","railway":"rail","ref":"ABD","source":"OS_OpenData_StreetView","usage":"branch","voltage":"25000"},"id":"way/116384195"},{"type":"Feature","geometry":{"type":"LineString","coordinates":[[-3.328074,51.648243],[-3.328954,51.648864],[-3.330103,51.649624],[-3.330693,51.649991],[-3.332034,51.650636],[-3.33271,51.651002],[-3.333225,51.651322],[-3.333794,51.651728],[-3.335124,51.652899],[-3.335972,51.653605],[-3.336294,51.653831],[-3.337184,51.654444],[-3.337646,51.65481],[-3.338016,51.655194],[-3.338394,51.655719],[-3.339709,51.657664],[-3.340063,51.658316],[-3.34037,51.658962],[-3.340541,51.659323],[-3.340722,51.659649],[-3.341117,51.660133],[-3.341594,51.660567],[-3.342248,51.660986],[-3.342828,51.661339],[-3.343675,51.661738],[-3.344373,51.662011],[-3.345016,51.662198],[-3.34581,51.662344],[-3.346491,51.662417],[-3.347432,51.662458],[-3.350053,51.662543],[-3.351005,51.662595]]},"properties":{"@id":"way/116384197","electrified":"contact_line","frequency":"50","gauge":"1435","maxspeed":"50 mph","name":"Aberdare Branch","operator":"Transport for Wales","operator:wikidata":"Q48740007","passenger_lines":"1","railway":"rail","ref":"ABD","source":"OS_OpenData_StreetView","usage":"branch","voltage":"25000"},"id":"way/116384197"},{"type":"Feature","geometry":{"type":"LineString","coordinates":[[-3.20154,51.477392],[-3.201219,51.477329],[-3.200673,51.477244],[-3.200105,51.477162],[-3.199516,51.477091],[-3.198884,51.477009],[-3.197979,51.476914],[-3.197667,51.476873],[-3.196935,51.476805],[-3.196041,51.476729],[-3.195324,51.476686],[-3.193843,51.476591],[-3.192741,51.476495],[-3.191666,51.476387],[-3.187593,51.475984]]},"properties":{"@id":"way/117915956","electrified":"no","gauge":"1435","maxspeed":"75 mph","name":"South Wales Main Line","name:br":"Linenn Pennañ Su Kembre","name:cy":"Prif Linell De Cymru","name:en":"South Wales Main Line","operator":"Network Rail","operator:wikidata":"Q1501071","railway":"rail","ref":"SWM2","usage":"main"},"id":"way/117915956"},{"type":"Feature","geometry":{"type":"LineString","coordinates":[[-3.201915,51.477387],[-3.202484,51.477502],[-3.202924,51.477609],[-3.203829,51.477845],[-3.205255,51.478216],[-3.206066,51.478434],[-3.206661,51.478593],[-3.206865,51.478649],[-3.207143,51.478737],[-3.207456,51.478846]]},"properties":{"@id":"way/117915957","electrified":"no","gauge":"1435","name":"South Wales Main Line","name:br":"Linenn Pennañ Su Kembre","name:cy":"Prif Linell De Cymru","name:en":"South Wales Main Line","operator":"Network Rail","operator:wikidata":"Q1501071","railway":"rail","ref":"SWM2","usage":"main"},"id":"way/117915957"},{"type":"Feature","geometry":{"type":"LineString","coordinates":[[-3.249942,51.486175],[-3.249401,51.486125],[-3.248661,51.486061],[-3.248008,51.486013],[-3.247458,51.485978],[-3.246691,51.485945],[-3.246076,51.485935],[-3.245663,51.485938],[-3.245242,51.485946],[-3.244786,51.485963],[-3.244287,51.48599],[-3.243941,51.48602],[-3.243392,51.486068],[-3.242748,51.48614],[-3.241833,51.486237],[-3.240758,51.486342],[-3.240036,51.486391],[-3.239422,51.486426],[-3.238665,51.486435],[-3.238145,51.486437],[-3.237488,51.486424],[-3.236769,51.486393],[-3.235916,51.486333],[-3.235264,51.486275],[-3.234685,51.486208],[-3.234068,51.486116],[-3.233542,51.486034],[-3.233001,51.485936],[-3.232499,51.485832],[-3.231995,51.485722],[-3.231646,51.485639],[-3.230436,51.485326],[-3.230294,51.485289],[-3.229624,51.485111],[-3.229111,51.484961],[-3.228729,51.484859],[-3.22791,51.484635],[-3.226879,51.484354],[-3.226385,51.484219],[-3.225566,51.483996],[-3.225042,51.483853],[-3.224534,51.483714],[-3.224192,51.483621],[-3.223893,51.483537],[-3.223768,51.483504],[-3.22321,51.483348],[-3.222742,51.483217],[-3.221255,51.482787],[-3.220926,51.482687],[-3.220291,51.482496],[-3.218828,51.482056],[-3.217422,51.481633],[-3.216191,51.481267],[-3.21433,51.480743],[-3.212458,51.480238],[-3.211654,51.480023]]},"properties":{"@id":"way/117915958","electrified":"no","gauge":"1435","maxspeed":"75 mph","name":"South Wales Main Line","name:br":"Linenn Pennañ Su Kembre","name:cy":"Prif Linell De Cymru","name:en":"South Wales Main Line","operator":"Network Rail","operator:wikidata":"Q1501071","railway":"rail","ref":"SWM2","usage":"main"},"id":"way/117915958"},{"type":"Feature","geometry":{"type":"LineString","coordinates":[[-3.201529,51.477423],[-3.201233,51.477371],[-3.200919,51.477315],[-3.20052,51.477256],[-3.200091,51.477198],[-3.199625,51.477143],[-3.19887,51.477047],[-3.197653,51.476922],[-3.19691,51.476846],[-3.196028,51.476766],[-3.195318,51.476722],[-3.193834,51.476624],[-3.192731,51.476528],[-3.191658,51.476418],[-3.187599,51.476017]]},"properties":{"@id":"way/117915959","electrified":"no","gauge":"1435","name":"South Wales Main Line","name:br":"Linenn Pennañ Su Kembre","name:cy":"Prif Linell De Cymru","name:en":"South Wales Main Line","operator":"Network Rail","operator:wikidata":"Q1501071","railway":"rail","ref":"SWM2","usage":"main"},"id":"way/117915959"},{"type":"Feature","geometry":{"type":"LineString","coordinates":[[-3.259738,51.485969],[-3.25868,51.486048],[-3.257511,51.486128],[-3.256005,51.486208]]},"properties":{"@id":"way/117915960","electrified":"no","gauge":"1435","maxspeed":"75 mph","name":"South Wales Main Line","name:br":"Linenn Pennañ Su Kembre","name:cy":"Prif Linell De Cymru","name:en":"South Wales Main Line","operator":"Network Rail","operator:wikidata":"Q1501071","railway":"rail","ref":"SWM2","usage":"main"},"id":"way/117915960"},{"type":"Feature","geometry":{"type":"LineString","coordinates":[[-3.201858,51.477455],[-3.20154,51.477392]]},"properties":{"@id":"way/117915961","bridge":"yes","electrified":"no","gauge":"1435","layer":"1","maxspeed":"75 mph","name":"South Wales Main Line","name:br":"Linenn Pennañ Su Kembre","name:cy":"Prif Linell De Cymru","name:en":"South Wales Main Line","operator":"Network Rail","operator:wikidata":"Q1501071","railway":"rail","ref":"SWM2","usage":"main"},"id":"way/117915961"},{"type":"Feature","geometry":{"type":"LineString","coordinates":[[-3.20158,51.477326],[-3.201915,51.477387]]},"properties":{"@id":"way/117915962","bridge":"yes","electrified":"no","gauge":"1435","layer":"1","name":"South Wales Main Line","name:br":"Linenn Pennañ Su Kembre","name:cy":"Prif Linell De Cymru","name:en":"South Wales Main Line","operator":"Network Rail","operator:wikidata":"Q1501071","railway":"rail","ref":"SWM2","usage":"main"},"id":"way/117915962"},{"type":"Feature","geometry":{"type":"LineString","coordinates":[[-3.201832,51.477486],[-3.201529,51.477423]]},"properties":{"@id":"way/117915963","bridge":"yes","electrified":"no","gauge":"1435","layer":"1","name":"South Wales Main Line","name:br":"Linenn Pennañ Su Kembre","name:cy":"Prif Linell De Cymru","name:en":"South Wales Main Line","operator":"Network Rail","operator:wikidata":"Q1501071","railway":"rail","ref":"SWM2","usage":"main"},"id":"way/117915963"},{"type":"Feature","geometry":{"type":"LineString","coordinates":[[-3.200404,51.477272],[-3.198852,51.477081],[-3.197632,51.476947],[-3.196893,51.476877],[-3.195656,51.476775],[-3.193827,51.476665],[-3.192323,51.476518],[-3.191654,51.476452],[-3.187605,51.476049]]},"properties":{"@id":"way/117915964","electrified":"contact_line","frequency":"50","gauge":"1435","name":"South Wales Main Line","name:br":"Linenn Pennañ Su Kembre","name:cy":"Prif Linell De Cymru","name:en":"South Wales Main Line","operator":"Network Rail","operator:wikidata":"Q1501071","railway":"rail","ref":"SWM2","usage":"main","voltage":"25000"},"id":"way/117915964"},{"type":"Feature","geometry":{"type":"LineString","coordinates":[[-3.187335,51.475925],[-3.187586,51.475948]]},"properties":{"@id":"way/117915965","bridge":"yes","electrified":"no","gauge":"1435","layer":"1","maxspeed":"30 mph","name":"South Wales Main Line","name:br":"Linenn Pennañ Su Kembre","name:cy":"Prif Linell De Cymru","name:en":"South Wales Main Line","operator":"Network Rail","operator:wikidata":"Q1501071","railway":"rail","ref":"SWM2","usage":"main"},"id":"way/117915965"},{"type":"Feature","geometry":{"type":"LineString","coordinates":[[-3.209539,51.479423],[-3.209783,51.479501],[-3.210116,51.479615]]},"properties":{"@id":"way/117915966","electrified":"no","gauge":"1435","maxspeed":"15 mph","name":"South Wales Main Line","operator":"Network Rail","operator:wikidata":"Q1501071","railway":"rail","ref":"SWM2","service":"crossover"},"id":"way/117915966"},{"type":"Feature","geometry":{"type":"LineString","coordinates":[[-3.187586,51.475948],[-3.187658,51.475956],[-3.191685,51.47636],[-3.192751,51.476465],[-3.193829,51.476556],[-3.195342,51.476648],[-3.196052,51.476694],[-3.196938,51.476766],[-3.197672,51.476835],[-3.198914,51.47698],[-3.200285,51.477148],[-3.20092,51.477242],[-3.20156,51.477356]]},"properties":{"@id":"way/117915967","electrified":"no","gauge":"1435","maxspeed":"75 mph","name":"South Wales Main Line","name:br":"Linenn Pennañ Su Kembre","name:cy":"Prif Linell De Cymru","name:en":"South Wales Main Line","operator":"Network Rail","operator:wikidata":"Q1501071","railway":"rail","ref":"SWM2","usage":"main"},"id":"way/117915967"},{"type":"Feature","geometry":{"type":"LineString","coordinates":[[-3.187658,51.475956],[-3.187919,51.475973],[-3.188363,51.475988],[-3.188662,51.47601]]},"properties":{"@id":"way/117916582","electrified":"no","gauge":"1435","operator":"Network Rail","operator:wikidata":"Q1501071","railway":"rail","service":"crossover"},"id":"way/117916582"},{"type":"Feature","geometry":{"type":"LineString","coordinates":[[-3.199159,51.477225],[-3.198926,51.477214],[-3.198765,51.477199],[-3.198597,51.477178],[-3.198314,51.477134],[-3.198015,51.477089],[-3.197473,51.477036],[-3.19575,51.476853],[-3.195463,51.476827],[-3.195255,51.476823],[-3.195043,51.47682],[-3.194825,51.476807],[-3.194633,51.476786],[-3.194121,51.476731],[-3.193236,51.476655],[-3.193115,51.47664],[-3.192978,51.476619],[-3.192616,51.476557],[-3.192323,51.476518]]},"properties":{"@id":"way/117916584","electrified":"contact_line","frequency":"50","gauge":"1435","name":"Brickyard Siding","railway":"rail","service":"siding","voltage":"25000"},"id":"way/117916584"},{"type":"Feature","geometry":{"type":"LineString","coordinates":[[-3.187576,51.475898],[-3.187919,51.475935],[-3.188662,51.47601],[-3.18879,51.476026],[-3.19277,51.476432],[-3.193215,51.476476],[-3.1938,51.476523],[-3.195342,51.476618],[-3.196046,51.476664],[-3.196952,51.476736],[-3.197675,51.476807],[-3.198117,51.476855],[-3.198942,51.47695],[-3.199756,51.477049],[-3.200457,51.477142],[-3.200984,51.477217],[-3.20131,51.477271],[-3.201314,51.477272],[-3.20158,51.477326]]},"properties":{"@id":"way/117916588","electrified":"no","gauge":"1435","name":"South Wales Main Line","name:br":"Linenn Pennañ Su Kembre","name:cy":"Prif Linell De Cymru","name:en":"South Wales Main Line","operator":"Network Rail","operator:wikidata":"Q1501071","railway":"rail","ref":"SWM2","usage":"main"},"id":"way/117916588"},{"type":"Feature","geometry":{"type":"LineString","coordinates":[[-3.194715,51.47646],[-3.195379,51.47651],[-3.195547,51.476522]]},"properties":{"@id":"way/117917864","electrified":"no","gauge":"1435","railway":"rail","service":"yard"},"id":"way/117917864"},{"type":"Feature","geometry":{"type":"LineString","coordinates":[[-3.194492,51.476356],[-3.195085,51.476419],[-3.195201,51.476426],[-3.19535,51.476431],[-3.195569,51.476425],[-3.195904,51.476419],[-3.195978,51.476417],[-3.196422,51.476424],[-3.196681,51.476442],[-3.197173,51.476468],[-3.197844,51.476508],[-3.198198,51.476544],[-3.198499,51.476588]]},"properties":{"@id":"way/117917867","electrified":"no","gauge":"1435","railway":"rail","service":"yard"},"id":"way/117917867"},{"type":"Feature","geometry":{"type":"LineString","coordinates":[[-3.19345,51.476254],[-3.192759,51.476185],[-3.192495,51.476149],[-3.192224,51.476109],[-3.192059,51.47608]]},"properties":{"@id":"way/117917868","electrified":"no","gauge":"1435","railway":"rail","service":"spur"},"id":"way/117917868"},{"type":"Feature","geometry":{"type":"LineString","coordinates":[[-3.193441,51.476289],[-3.19271,51.476216],[-3.192595,51.476197],[-3.192347,51.476158]]},"properties":{"@id":"way/117917871","electrified":"no","gauge":"1435","railway":"rail","service":"spur"},"id":"way/117917871"},{"type":"Feature","geometry":{"type":"LineString","coordinates":[[-3.193485,51.476125],[-3.192057,51.475981],[-3.191629,51.475951],[-3.191413,51.47595]]},"properties":{"@id":"way/117917872","electrified":"no","gauge":"1435","railway":"rail","service":"spur"},"id":"way/117917872"},{"type":"Feature","geometry":{"type":"LineString","coordinates":[[-3.195201,51.476426],[-3.195604,51.476463],[-3.196014,51.476496],[-3.196258,51.476511]]},"properties":{"@id":"way/117917874","electrified":"no","gauge":"1435","railway":"rail","service":"yard"},"id":"way/117917874"},{"type":"Feature","geometry":{"type":"LineString","coordinates":[[-3.189523,51.476051],[-3.189769,51.476063],[-3.190115,51.476099],[-3.190311,51.476109],[-3.190759,51.476123],[-3.191075,51.476143],[-3.192253,51.476263],[-3.192893,51.476326],[-3.193288,51.476366],[-3.193777,51.476417],[-3.194617,51.476508],[-3.194801,51.476519],[-3.194986,51.476524],[-3.195357,51.476526],[-3.195547,51.476522],[-3.195761,51.476517],[-3.196258,51.476511],[-3.196317,51.47651],[-3.196891,51.47651],[-3.197712,51.476553],[-3.198005,51.476573],[-3.198321,51.476595],[-3.198662,51.476638],[-3.198937,51.476691]]},"properties":{"@id":"way/117917877","electrified":"no","gauge":"1435","railway":"rail","service":"yard"},"id":"way/117917877"},{"type":"Feature","geometry":{"type":"LineString","coordinates":[[-3.18879,51.476026],[-3.189099,51.476043],[-3.189523,51.476051],[-3.189978,51.476063],[-3.19052,51.476069],[-3.190966,51.476074],[-3.191129,51.476082],[-3.191461,51.476095],[-3.191826,51.476133],[-3.192266,51.476194],[-3.192596,51.476245],[-3.192902,51.4763],[-3.19293,51.476305],[-3.193288,51.476366]]},"properties":{"@id":"way/117917879","electrified":"no","gauge":"1435","railway":"rail","service":"yard"},"id":"way/117917879"},{"type":"Feature","geometry":{"type":"LineString","coordinates":[[-3.193459,51.476222],[-3.192766,51.476149],[-3.192515,51.476117],[-3.192308,51.476074],[-3.192112,51.476046],[-3.191653,51.476007]]},"properties":{"@id":"way/117917882","electrified":"no","gauge":"1435","railway":"rail","service":"spur"},"id":"way/117917882"},{"type":"Feature","geometry":{"type":"LineString","coordinates":[[-3.192902,51.4763],[-3.19256,51.476212],[-3.192347,51.476158],[-3.192243,51.476131],[-3.192059,51.47608],[-3.191842,51.476036],[-3.191653,51.476007],[-3.191428,51.475986],[-3.191221,51.475982],[-3.190874,51.476001],[-3.190261,51.476052],[-3.189978,51.476063]]},"properties":{"@id":"way/117917884","electrified":"no","gauge":"1435","railway":"rail","service":"yard"},"id":"way/117917884"},{"type":"Feature","geometry":{"type":"LineString","coordinates":[[-3.198937,51.476691],[-3.19855,51.4766],[-3.198499,51.476588],[-3.198203,51.476524],[-3.198142,51.476514],[-3.197954,51.476482],[-3.19763,51.476444],[-3.197573,51.476439],[-3.197329,51.476418],[-3.19711,51.476396],[-3.196937,51.476379],[-3.196211,51.476356],[-3.19589,51.476316],[-3.195289,51.476204],[-3.194554,51.47613],[-3.194327,51.476108],[-3.193714,51.476047],[-3.192995,51.475974],[-3.192774,51.475953],[-3.192545,51.475926],[-3.192346,51.475915],[-3.192137,51.475912],[-3.191685,51.47593],[-3.191413,51.47595]]},"properties":{"@id":"way/117917887","electrified":"no","gauge":"1435","railway":"rail","service":"yard"},"id":"way/117917887"},{"type":"Feature","geometry":{"type":"LineString","coordinates":[[-3.193469,51.476182],[-3.192621,51.476094],[-3.192112,51.476046]]},"properties":{"@id":"way/117917890","electrified":"no","gauge":"1435","railway":"rail","service":"spur"},"id":"way/117917890"},{"type":"Feature","geometry":{"type":"LineString","coordinates":[[-3.192893,51.476326],[-3.192603,51.476277],[-3.192003,51.476194],[-3.190751,51.47608],[-3.19052,51.476069]]},"properties":{"@id":"way/117917892","electrified":"no","gauge":"1435","railway":"rail","service":"yard"},"id":"way/117917892"},{"type":"Feature","geometry":{"type":"LineString","coordinates":[[-3.191413,51.47595],[-3.191194,51.475966],[-3.190874,51.476001]]},"properties":{"@id":"way/117921622","electrified":"no","gauge":"1435","railway":"rail","service":"yard"},"id":"way/117921622"},{"type":"Feature","geometry":{"type":"LineString","coordinates":[[-3.195227,51.476067],[-3.195451,51.476064],[-3.195762,51.476054],[-3.196002,51.47606],[-3.196221,51.476079],[-3.19638,51.476108],[-3.196878,51.476224],[-3.197359,51.47633],[-3.197827,51.47644],[-3.198142,51.476514]]},"properties":{"@id":"way/117921624","electrified":"no","gauge":"1435","railway":"rail","service":"spur"},"id":"way/117921624"},{"type":"Feature","geometry":{"type":"LineString","coordinates":[[-3.193172,51.47514],[-3.192721,51.475153],[-3.192627,51.475159],[-3.192354,51.475178],[-3.192122,51.47521],[-3.191806,51.475277],[-3.191747,51.475289],[-3.191452,51.475357]]},"properties":{"@id":"way/117921625","electrified":"no","gauge":"1435","railway":"rail","service":"spur"},"id":"way/117921625"},{"type":"Feature","geometry":{"type":"LineString","coordinates":[[-3.1932,51.474997],[-3.192908,51.474986],[-3.192599,51.475003],[-3.192278,51.475046],[-3.19192,51.475138]]},"properties":{"@id":"way/117921626","electrified":"no","gauge":"1435","railway":"rail","service":"spur"},"id":"way/117921626"},{"type":"Feature","geometry":{"type":"LineString","coordinates":[[-3.193142,51.475292],[-3.192678,51.475235],[-3.192432,51.475225],[-3.192253,51.475227]]},"properties":{"@id":"way/117921627","electrified":"no","gauge":"1435","railway":"rail","service":"spur"},"id":"way/117921627"},{"type":"Feature","geometry":{"type":"LineString","coordinates":[[-3.194512,51.476283],[-3.195722,51.476406],[-3.195904,51.476419]]},"properties":{"@id":"way/117921628","electrified":"no","gauge":"1435","railway":"rail","service":"yard"},"id":"way/117921628"},{"type":"Feature","geometry":{"type":"LineString","coordinates":[[-3.18757,51.475867],[-3.188197,51.475914],[-3.18843,51.475928],[-3.18876,51.475935],[-3.188976,51.475938],[-3.189208,51.475929],[-3.189401,51.475915],[-3.189576,51.475895],[-3.189774,51.475868],[-3.190013,51.475819],[-3.190284,51.475747],[-3.190469,51.475695],[-3.190724,51.475601],[-3.190989,51.475494]]},"properties":{"@id":"way/117921629","electrified":"no","gauge":"1435","railway":"rail","service":"yard"},"id":"way/117921629"},{"type":"Feature","geometry":{"type":"LineString","coordinates":[[-3.195082,51.475898],[-3.195427,51.475931],[-3.19569,51.475964],[-3.195845,51.475991]]},"properties":{"@id":"way/117921630","electrified":"no","gauge":"1435","railway":"rail","service":"spur"},"id":"way/117921630"},{"type":"Feature","geometry":{"type":"LineString","coordinates":[[-3.193212,51.474938],[-3.192945,51.474941],[-3.192637,51.474951],[-3.192384,51.47499]]},"properties":{"@id":"way/117921631","electrified":"no","gauge":"1435","railway":"rail","service":"spur"},"id":"way/117921631"},{"type":"Feature","geometry":{"type":"LineString","coordinates":[[-3.196351,51.476245],[-3.196722,51.476286],[-3.196909,51.476313],[-3.197148,51.476361],[-3.197409,51.47641],[-3.197573,51.476439]]},"properties":{"@id":"way/117921632","electrified":"no","gauge":"1435","railway":"rail","service":"spur"},"id":"way/117921632"},{"type":"Feature","geometry":{"type":"LineString","coordinates":[[-3.194464,51.476157],[-3.194798,51.476196],[-3.19511,51.476225]]},"properties":{"@id":"way/117921633","electrified":"no","gauge":"1435","railway":"rail","service":"yard"},"id":"way/117921633"},{"type":"Feature","geometry":{"type":"LineString","coordinates":[[-3.192205,51.474948],[-3.191821,51.47504],[-3.191528,51.475137],[-3.191201,51.475285],[-3.19102,51.475369],[-3.19084,51.475441]]},"properties":{"@id":"way/117921634","electrified":"no","gauge":"1435","railway":"rail","service":"yard"},"id":"way/117921634"},{"type":"Feature","geometry":{"type":"LineString","coordinates":[[-3.194525,51.476234],[-3.195403,51.476315],[-3.195654,51.476355],[-3.195874,51.476379],[-3.196254,51.476404],[-3.196422,51.476424]]},"properties":{"@id":"way/117921635","electrified":"no","gauge":"1435","railway":"rail","service":"yard"},"id":"way/117921635"},{"type":"Feature","geometry":{"type":"LineString","coordinates":[[-3.19084,51.475441],[-3.190598,51.47553],[-3.190434,51.475584]]},"properties":{"@id":"way/117921636","electrified":"no","gauge":"1435","railway":"rail","service":"yard"},"id":"way/117921636"},{"type":"Feature","geometry":{"type":"LineString","coordinates":[[-3.188197,51.475914],[-3.187621,51.475841]]},"properties":{"@id":"way/117921637","electrified":"no","gauge":"1435","railway":"rail","service":"yard"},"id":"way/117921637"},{"type":"Feature","geometry":{"type":"LineString","coordinates":[[-3.193166,51.475171],[-3.192721,51.475153]]},"properties":{"@id":"way/117921638","electrified":"no","gauge":"1435","railway":"rail","service":"spur"},"id":"way/117921638"},{"type":"Feature","geometry":{"type":"LineString","coordinates":[[-3.19638,51.476108],[-3.196139,51.476041],[-3.195845,51.475991],[-3.195627,51.475975],[-3.195395,51.475968],[-3.195171,51.475957],[-3.195055,51.475945]]},"properties":{"@id":"way/117921639","electrified":"no","gauge":"1435","railway":"rail","service":"spur"},"id":"way/117921639"},{"type":"Feature","geometry":{"type":"LineString","coordinates":[[-3.193158,51.47521],[-3.1927,51.475195],[-3.192452,51.475209],[-3.192253,51.475227],[-3.192059,51.475244],[-3.191806,51.475277]]},"properties":{"@id":"way/117921641","electrified":"no","gauge":"1435","railway":"rail","service":"spur"},"id":"way/117921641"},{"type":"Feature","geometry":{"type":"LineString","coordinates":[[-3.193181,51.475095],[-3.192662,51.475088]]},"properties":{"@id":"way/117921642","electrified":"no","gauge":"1435","railway":"rail","service":"spur"},"id":"way/117921642"},{"type":"Feature","geometry":{"type":"LineString","coordinates":[[-3.19711,51.476396],[-3.196784,51.476392],[-3.196219,51.476379],[-3.195843,51.476341],[-3.195246,51.47625],[-3.19511,51.476225],[-3.19501,51.476207],[-3.194798,51.476166],[-3.194554,51.47613]]},"properties":{"@id":"way/117921643","electrified":"no","gauge":"1435","railway":"rail","service":"yard"},"id":"way/117921643"},{"type":"Feature","geometry":{"type":"LineString","coordinates":[[-3.189828,51.475708],[-3.189653,51.475742],[-3.189422,51.475778],[-3.189229,51.4758],[-3.188991,51.475822],[-3.188754,51.475834],[-3.188642,51.475836],[-3.188455,51.475839],[-3.188147,51.475834],[-3.187876,51.47582],[-3.187557,51.4758]]},"properties":{"@id":"way/117921644","electrified":"no","gauge":"1435","maxspeed":"25 mph","name":"Up Barry Relief","operator":"Network Rail","operator:wikidata":"Q1501071","railway":"rail","ref":"BRY","usage":"branch"},"id":"way/117921644"},{"type":"Feature","geometry":{"type":"LineString","coordinates":[[-3.195434,51.47614],[-3.195255,51.476127],[-3.195124,51.476122],[-3.195018,51.476126],[-3.194907,51.47613],[-3.194775,51.476132],[-3.194554,51.47613]]},"properties":{"@id":"way/117921645","electrified":"no","gauge":"1435","railway":"rail","service":"yard"},"id":"way/117921645"},{"type":"Feature","geometry":{"type":"LineString","coordinates":[[-3.193187,51.475061],[-3.19291,51.475068],[-3.192662,51.475088],[-3.192489,51.475102],[-3.192187,51.47514],[-3.192006,51.47518],[-3.191846,51.47523],[-3.191452,51.475357],[-3.191174,51.475432]]},"properties":{"@id":"way/117921646","electrified":"no","gauge":"1435","railway":"rail","service":"spur"},"id":"way/117921646"},{"type":"Feature","geometry":{"type":"LineString","coordinates":[[-3.190469,51.475695],[-3.190769,51.475619],[-3.191051,51.475547],[-3.191333,51.475484],[-3.191634,51.475414],[-3.191898,51.475356],[-3.192113,51.47532],[-3.192367,51.475298],[-3.192592,51.475291],[-3.192752,51.475297],[-3.193136,51.475322]]},"properties":{"@id":"way/117921647","electrified":"no","gauge":"1435","railway":"rail","service":"spur"},"id":"way/117921647"},{"type":"Feature","geometry":{"type":"LineString","coordinates":[[-3.187565,51.475838],[-3.187621,51.475841],[-3.188078,51.475875],[-3.188322,51.475887],[-3.188505,51.475892],[-3.188724,51.475885],[-3.189199,51.475863],[-3.189455,51.475843],[-3.189662,51.475814],[-3.18978,51.475793],[-3.190329,51.475664],[-3.190734,51.475564],[-3.190989,51.475494],[-3.191078,51.47547],[-3.191174,51.475432],[-3.19137,51.475356],[-3.191609,51.475235],[-3.191878,51.475079],[-3.192,51.475019],[-3.192113,51.474975],[-3.192205,51.474948]]},"properties":{"@id":"way/117921648","electrified":"no","gauge":"1435","railway":"rail","service":"yard"},"id":"way/117921648"},{"type":"Feature","geometry":{"type":"LineString","coordinates":[[-3.198907,51.476307],[-3.198703,51.476196],[-3.198545,51.476113]]},"properties":{"@id":"way/117936497","electrified":"no","gauge":"1435","railway":"rail","service":"spur"},"id":"way/117936497"},{"type":"Feature","geometry":{"type":"LineString","coordinates":[[-3.196701,51.475494],[-3.196762,51.475497],[-3.196993,51.47554],[-3.197268,51.475599],[-3.197558,51.475685],[-3.197867,51.4758],[-3.197925,51.475822],[-3.198238,51.475949]]},"properties":{"@id":"way/117936500","electrified":"no","gauge":"1435","railway":"rail","service":"spur"},"id":"way/117936500"},{"type":"Feature","geometry":{"type":"LineString","coordinates":[[-3.193482,51.474798],[-3.193836,51.474755],[-3.194056,51.474733],[-3.194457,51.474726],[-3.194629,51.474728],[-3.194881,51.474729],[-3.195385,51.474735],[-3.1959,51.474761],[-3.196345,51.474799],[-3.196526,51.474828],[-3.196689,51.474857],[-3.197076,51.474964],[-3.197153,51.474992],[-3.197341,51.475074],[-3.197504,51.475164],[-3.197624,51.475246],[-3.197768,51.475361],[-3.197882,51.475446],[-3.198031,51.475543]]},"properties":{"@id":"way/117936501","electrified":"contact_line","frequency":"50","gauge":"1435","railway":"rail","service":"yard","voltage":"25000"},"id":"way/117936501"},{"type":"Feature","geometry":{"type":"LineString","coordinates":[[-3.198169,51.475996],[-3.198786,51.47636],[-3.199139,51.476567]]},"properties":{"@id":"way/117936504","electrified":"no","gauge":"1435","railway":"rail","service":"spur"},"id":"way/117936504"},{"type":"Feature","geometry":{"type":"LineString","coordinates":[[-3.191813,51.475005],[-3.192045,51.474901],[-3.192238,51.474833],[-3.192436,51.474768],[-3.192561,51.474728],[-3.192828,51.474655],[-3.193155,51.474582],[-3.193461,51.474536],[-3.193577,51.474519],[-3.193897,51.474482],[-3.194247,51.474464],[-3.194669,51.474475],[-3.19502,51.474495],[-3.195209,51.474512],[-3.195358,51.474517],[-3.195684,51.474545],[-3.196026,51.474605],[-3.196293,51.474675],[-3.196548,51.474755],[-3.196977,51.474925]]},"properties":{"@id":"way/117936505","electrified":"no","gauge":"1435","railway":"rail","service":"yard"},"id":"way/117936505"},{"type":"Feature","geometry":{"type":"LineString","coordinates":[[-3.196754,51.475225],[-3.197092,51.475297],[-3.197307,51.475353],[-3.1976,51.475429]]},"properties":{"@id":"way/117936510","electrified":"no","gauge":"1435","railway":"rail","service":"spur"},"id":"way/117936510"},{"type":"Feature","geometry":{"type":"LineString","coordinates":[[-3.197595,51.475326],[-3.197385,51.475221],[-3.197055,51.475088],[-3.196693,51.474977],[-3.196316,51.474894],[-3.196012,51.474857],[-3.195495,51.474817],[-3.194629,51.474728]]},"properties":{"@id":"way/117936512","electrified":"contact_line","frequency":"50","gauge":"1435","railway":"rail","service":"yard","voltage":"25000"},"id":"way/117936512"},{"type":"Feature","geometry":{"type":"LineString","coordinates":[[-3.196745,51.475274],[-3.197054,51.475313],[-3.197307,51.475353]]},"properties":{"@id":"way/117936518","electrified":"no","gauge":"1435","railway":"rail","service":"spur"},"id":"way/117936518"},{"type":"Feature","geometry":{"type":"LineString","coordinates":[[-3.194896,51.474519],[-3.19467,51.474526],[-3.194429,51.47453],[-3.194063,51.47453],[-3.193718,51.474562],[-3.193457,51.474599],[-3.19317,51.474647],[-3.192785,51.474728],[-3.192573,51.474794],[-3.192358,51.474857]]},"properties":{"@id":"way/117936519","electrified":"contact_line","frequency":"50","gauge":"1435","railway":"rail","service":"yard","voltage":"25000"},"id":"way/117936519"},{"type":"Feature","geometry":{"type":"LineString","coordinates":[[-3.198128,51.476046],[-3.198303,51.476141],[-3.198468,51.476214],[-3.198671,51.476302],[-3.198786,51.47636]]},"properties":{"@id":"way/117936524","electrified":"no","gauge":"1435","railway":"rail","service":"spur"},"id":"way/117936524"},{"type":"Feature","geometry":{"type":"LineString","coordinates":[[-3.198031,51.475543],[-3.197764,51.475402],[-3.197595,51.475326],[-3.197334,51.475236],[-3.197169,51.475171],[-3.196726,51.475061],[-3.19629,51.474967],[-3.195703,51.474914],[-3.194865,51.474846],[-3.194361,51.474811],[-3.194021,51.474805],[-3.193533,51.474824]]},"properties":{"@id":"way/117936528","electrified":"contact_line","frequency":"50","gauge":"1435","railway":"rail","service":"yard","voltage":"25000"},"id":"way/117936528"},{"type":"Feature","geometry":{"type":"LineString","coordinates":[[-3.196181,51.474703],[-3.196024,51.474665],[-3.1958,51.474637],[-3.195711,51.474625],[-3.195313,51.474608],[-3.194816,51.474596],[-3.194353,51.474582],[-3.194119,51.47459],[-3.193886,51.474607],[-3.193459,51.474659],[-3.192971,51.474743],[-3.192653,51.474798],[-3.192358,51.474857],[-3.192238,51.474882],[-3.192094,51.47492]]},"properties":{"@id":"way/117936533","electrified":"contact_line","frequency":"50","gauge":"1435","railway":"rail","service":"yard","voltage":"25000"},"id":"way/117936533"},{"type":"Feature","geometry":{"type":"LineString","coordinates":[[-3.196717,51.475412],[-3.19683,51.47542],[-3.196953,51.475438],[-3.197125,51.475487],[-3.197389,51.47557],[-3.197708,51.475682],[-3.197932,51.475777]]},"properties":{"@id":"way/117936536","electrified":"no","gauge":"1435","railway":"rail","service":"spur"},"id":"way/117936536"},{"type":"Feature","geometry":{"type":"LineString","coordinates":[[-3.19668,51.475603],[-3.196752,51.475612],[-3.197024,51.475642]]},"properties":{"@id":"way/117936537","electrified":"no","gauge":"1435","railway":"rail","service":"spur"},"id":"way/117936537"},{"type":"Feature","geometry":{"type":"LineString","coordinates":[[-3.193156,51.474822],[-3.193482,51.474798],[-3.193855,51.474777],[-3.194252,51.474768],[-3.194459,51.474775],[-3.194847,51.474805],[-3.19567,51.474871],[-3.196253,51.474926],[-3.196565,51.474987],[-3.196846,51.475055],[-3.197044,51.47512],[-3.197169,51.475171]]},"properties":{"@id":"way/117936541","electrified":"contact_line","frequency":"50","gauge":"1435","railway":"rail","service":"yard","voltage":"25000"},"id":"way/117936541"},{"type":"Feature","geometry":{"type":"LineString","coordinates":[[-3.192917,51.474825],[-3.193256,51.474782],[-3.193784,51.474718],[-3.194016,51.474696],[-3.194194,51.474686],[-3.194448,51.474682],[-3.19494,51.474688],[-3.195637,51.474706],[-3.195793,51.474718],[-3.196228,51.474768],[-3.196526,51.474828]]},"properties":{"@id":"way/117936543","electrified":"contact_line","frequency":"50","gauge":"1435","railway":"rail","service":"yard","voltage":"25000"},"id":"way/117936543"},{"type":"Feature","geometry":{"type":"LineString","coordinates":[[-3.198839,51.476334],[-3.198545,51.476113],[-3.198238,51.475949],[-3.197932,51.475777],[-3.197705,51.475652],[-3.197554,51.475571],[-3.197408,51.475507],[-3.197243,51.475438],[-3.197077,51.475402],[-3.196868,51.47536],[-3.196732,51.475338]]},"properties":{"@id":"way/117936547","electrified":"no","gauge":"1435","railway":"rail","service":"spur"},"id":"way/117936547"},{"type":"Feature","geometry":{"type":"LineString","coordinates":[[-3.195675,51.474788],[-3.196036,51.474814],[-3.196371,51.474864],[-3.196653,51.474929],[-3.196881,51.474996],[-3.1971,51.475079],[-3.197385,51.475221]]},"properties":{"@id":"way/117936548","electrified":"contact_line","frequency":"50","gauge":"1435","railway":"rail","service":"yard","voltage":"25000"},"id":"way/117936548"},{"type":"Feature","geometry":{"type":"LineString","coordinates":[[-3.192094,51.47492],[-3.192298,51.474849],[-3.192584,51.474755],[-3.192871,51.474679],[-3.193201,51.474609],[-3.193423,51.474569],[-3.193728,51.47453],[-3.194035,51.474504],[-3.194286,51.474499],[-3.194559,51.474501],[-3.194896,51.474519],[-3.195062,51.474515],[-3.195209,51.474512]]},"properties":{"@id":"way/117936551","electrified":"contact_line","frequency":"50","gauge":"1435","railway":"rail","service":"yard","voltage":"25000"},"id":"way/117936551"},{"type":"Feature","geometry":{"type":"LineString","coordinates":[[-3.196685,51.475575],[-3.196736,51.475581],[-3.197024,51.475642],[-3.197251,51.475667],[-3.1975,51.475711],[-3.197654,51.475745],[-3.197867,51.4758]]},"properties":{"@id":"way/117936553","electrified":"no","gauge":"1435","railway":"rail","service":"spur"},"id":"way/117936553"},{"type":"Feature","geometry":{"type":"LineString","coordinates":[[-3.198572,51.476047],[-3.198727,51.476186],[-3.198907,51.476307],[-3.199037,51.47637],[-3.199117,51.476412],[-3.199182,51.476441],[-3.199255,51.476474],[-3.199454,51.476548],[-3.199601,51.476594],[-3.199841,51.476657],[-3.200153,51.476739],[-3.200529,51.476836],[-3.200741,51.476888],[-3.200932,51.476934],[-3.201119,51.476976],[-3.201277,51.477004],[-3.201467,51.477036],[-3.201689,51.477072]]},"properties":{"@id":"way/117936558","electrified":"no","gauge":"1435","railway":"rail","service":"spur"},"id":"way/117936558"},{"type":"Feature","geometry":{"type":"LineString","coordinates":[[-3.196526,51.474828],[-3.19634,51.474771],[-3.195878,51.474701],[-3.195404,51.474674],[-3.194992,51.474663],[-3.1947,51.474652],[-3.194268,51.474647],[-3.194043,51.474659],[-3.193797,51.474682],[-3.193387,51.474728],[-3.192948,51.47479],[-3.192629,51.47484],[-3.192489,51.474875]]},"properties":{"@id":"way/117936560","electrified":"contact_line","frequency":"50","gauge":"1435","railway":"rail","service":"yard","voltage":"25000"},"id":"way/117936560"},{"type":"Feature","geometry":{"type":"LineString","coordinates":[[-3.192653,51.474798],[-3.192934,51.474732],[-3.193308,51.474653],[-3.19354,51.474619],[-3.193816,51.474586],[-3.194054,51.474565],[-3.194332,51.474553],[-3.194615,51.474556],[-3.194895,51.474568],[-3.195359,51.474585],[-3.195563,51.474604],[-3.1958,51.474637]]},"properties":{"@id":"way/117936564","electrified":"contact_line","frequency":"50","gauge":"1435","railway":"rail","service":"yard","voltage":"25000"},"id":"way/117936564"},{"type":"Feature","geometry":{"type":"LineString","coordinates":[[-3.192971,51.474743],[-3.193273,51.474711],[-3.193471,51.47469],[-3.193839,51.474641],[-3.194098,51.474623],[-3.194437,51.474616],[-3.194889,51.474631],[-3.195563,51.474647],[-3.195838,51.474664],[-3.196181,51.474703]]},"properties":{"@id":"way/117936568","electrified":"contact_line","frequency":"50","gauge":"1435","railway":"rail","service":"yard","voltage":"25000"},"id":"way/117936568"},{"type":"Feature","geometry":{"type":"LineString","coordinates":[[-3.197817,51.475305],[-3.197869,51.475337],[-3.197991,51.475413],[-3.198228,51.475541],[-3.198459,51.475657],[-3.198737,51.475781],[-3.199166,51.475933],[-3.199446,51.47603],[-3.199631,51.476095],[-3.199779,51.476147],[-3.200147,51.476272],[-3.200551,51.4764],[-3.20086,51.476497]]},"properties":{"@id":"way/117939981","electrified":"no","gauge":"1435","railway":"rail","service":"spur"},"id":"way/117939981"},{"type":"Feature","geometry":{"type":"LineString","coordinates":[[-3.19221,51.471435],[-3.192429,51.471643],[-3.192623,51.471821],[-3.192868,51.472035],[-3.193148,51.472263],[-3.193449,51.4725],[-3.193915,51.472859],[-3.194433,51.473244],[-3.194735,51.473455],[-3.195105,51.473709],[-3.195404,51.473909],[-3.195749,51.474121],[-3.196134,51.474345],[-3.19656,51.474574],[-3.196864,51.474733],[-3.197061,51.474832]]},"properties":{"@id":"way/117939982","electrified":"no","gauge":"1435","maxspeed":"25 mph","name":"Penarth Curve","operator":"Network Rail","operator:wikidata":"Q1501071","railway":"rail","ref":"CPL","usage":"branch"},"id":"way/117939982"},{"type":"Feature","geometry":{"type":"LineString","coordinates":[[-3.192688,51.472051],[-3.192844,51.472271],[-3.192978,51.472501],[-3.193044,51.47268],[-3.193064,51.472811],[-3.193058,51.473041],[-3.193038,51.473232],[-3.19301,51.473383],[-3.19295,51.473578],[-3.192877,51.473752],[-3.192798,51.473919],[-3.19272,51.474053],[-3.192592,51.47424],[-3.192479,51.474381],[-3.192333,51.47452],[-3.192133,51.474691],[-3.192056,51.474747],[-3.191989,51.474792],[-3.19185,51.474883],[-3.191456,51.475112]]},"properties":{"@id":"way/117939983","electrified":"no","gauge":"1435","maxspeed":"20 mph","name":"Up Barry Relief","operator":"Network Rail","operator:wikidata":"Q1501071","railway":"rail","ref":"BRY","service":"siding"},"id":"way/117939983"},{"type":"Feature","geometry":{"type":"LineString","coordinates":[[-3.188829,51.475801],[-3.189003,51.47579],[-3.189193,51.475774],[-3.189454,51.475742],[-3.189673,51.475703],[-3.189828,51.475674],[-3.190022,51.475631],[-3.190191,51.475591],[-3.190337,51.475548],[-3.190495,51.475499],[-3.190755,51.475402],[-3.190879,51.475355],[-3.191008,51.475295]]},"properties":{"@id":"way/117939984","electrified":"no","gauge":"1435","maxspeed":"25 mph","name":"Down Barry Relief","operator":"Network Rail","operator:wikidata":"Q1501071","railway":"rail","ref":"BRY","usage":"branch"},"id":"way/117939984"},{"type":"Feature","geometry":{"type":"LineString","coordinates":[[-3.190458,51.469213],[-3.190195,51.46882]]},"properties":{"@id":"way/117939985","gauge":"1435","name":"Vale of Glamorgan Line","operator":"Network Rail","operator:wikidata":"Q1501071","railway":"rail"},"id":"way/117939985"},{"type":"Feature","geometry":{"type":"LineString","coordinates":[[-3.197769,51.475206],[-3.197574,51.475134],[-3.197348,51.47506],[-3.197153,51.474992]]},"properties":{"@id":"way/117939986","electrified":"no","gauge":"1435","railway":"rail","service":"yard"},"id":"way/117939986"},{"type":"Feature","geometry":{"type":"LineString","coordinates":[[-3.198117,51.475527],[-3.198356,51.475666],[-3.198628,51.475793],[-3.199103,51.475954],[-3.19936,51.476041],[-3.200108,51.476298]]},"properties":{"@id":"way/117939987","electrified":"no","gauge":"1435","railway":"rail","service":"spur"},"id":"way/117939987"},{"type":"Feature","geometry":{"type":"LineString","coordinates":[[-3.19742,51.475041],[-3.197574,51.475134],[-3.197674,51.475202],[-3.197817,51.475305],[-3.19799,51.47544],[-3.198117,51.475527],[-3.198274,51.475636],[-3.198568,51.475837],[-3.198869,51.47605],[-3.199077,51.4762]]},"properties":{"@id":"way/117939988","electrified":"no","gauge":"1435","railway":"rail","service":"spur"},"id":"way/117939988"},{"type":"Feature","geometry":{"type":"LineString","coordinates":[[-3.198577,51.475521],[-3.198106,51.475354]]},"properties":{"@id":"way/117939989","electrified":"no","gauge":"1435","maxspeed":"15 mph","name":"Radyr Branch","operator":"Network Rail","operator:wikidata":"Q1501071","railway":"rail","ref":"RAD","service":"crossover"},"id":"way/117939989"},{"type":"Feature","geometry":{"type":"LineString","coordinates":[[-3.191825,51.471043],[-3.191985,51.471206]]},"properties":{"@id":"way/117939990","bridge":"yes","electrified":"no","gauge":"1435","maxspeed":"20 mph","name":"Vale of Glamorgan Line","name:cy":"Llinell Bro Morgannwg","operator":"Network Rail","operator:wikidata":"Q1501071","passenger_lines":"2","railway":"rail","ref":"BRY","usage":"branch"},"id":"way/117939990"},{"type":"Feature","geometry":{"type":"LineString","coordinates":[[-3.189964,51.468032],[-3.190025,51.468285],[-3.190138,51.468592],[-3.190256,51.468835],[-3.190366,51.469046],[-3.190458,51.469213],[-3.190501,51.46929],[-3.190611,51.469486],[-3.190695,51.469631],[-3.19087,51.469912],[-3.191036,51.470155],[-3.191142,51.470291],[-3.191366,51.47055],[-3.191518,51.47071],[-3.191763,51.470967],[-3.191825,51.471043]]},"properties":{"@id":"way/117939992","electrified":"no","gauge":"1435","maxspeed":"20 mph","name":"Vale of Glamorgan Line","name:cy":"Llinell Bro Morgannwg","operator":"Network Rail","operator:wikidata":"Q1501071","passenger_lines":"2","railway":"rail","ref":"BRY","usage":"branch"},"id":"way/117939992"},{"type":"Feature","geometry":{"type":"LineString","coordinates":[[-3.199251,51.4758],[-3.199754,51.476026]]},"properties":{"@id":"way/117941108","electrified":"no","gauge":"1435","maxspeed":"15 mph","operator":"Network Rail","operator:wikidata":"Q1501071","railway":"rail","service":"crossover"},"id":"way/117941108"},{"type":"Feature","geometry":{"type":"LineString","coordinates":[[-3.200695,51.477098],[-3.200956,51.477158],[-3.201314,51.477235],[-3.201516,51.477271]]},"properties":{"@id":"way/117941109","electrified":"no","gauge":"1435","railway":"rail","service":"yard"},"id":"way/117941109"},{"type":"Feature","geometry":{"type":"LineString","coordinates":[[-3.20131,51.477271],[-3.201096,51.477221],[-3.200933,51.477171],[-3.200695,51.477098],[-3.200267,51.476997],[-3.200009,51.476938],[-3.199806,51.476878],[-3.199569,51.476794],[-3.199354,51.476678],[-3.199139,51.476567],[-3.199001,51.47647],[-3.198839,51.476334],[-3.198703,51.476196],[-3.198572,51.476047],[-3.198463,51.475935],[-3.198283,51.475782],[-3.198128,51.475677],[-3.19796,51.475585],[-3.197905,51.475559],[-3.19772,51.475474],[-3.1976,51.475429],[-3.197358,51.475338],[-3.197084,51.475245],[-3.196685,51.475149],[-3.196312,51.475068],[-3.195991,51.47503],[-3.194059,51.47488],[-3.193745,51.47486],[-3.193493,51.474857],[-3.193232,51.474865],[-3.193029,51.474885],[-3.192687,51.47493],[-3.192384,51.47499],[-3.192126,51.475065],[-3.19192,51.475138],[-3.191896,51.475147],[-3.19154,51.47529],[-3.19137,51.475356]]},"properties":{"@id":"way/117941110","electrified":"no","gauge":"1435","railway":"rail","service":"yard"},"id":"way/117941110"},{"type":"Feature","geometry":{"type":"LineString","coordinates":[[-3.200009,51.476938],[-3.198937,51.476691]]},"properties":{"@id":"way/117941111","electrified":"no","gauge":"1435","railway":"rail","service":"yard"},"id":"way/117941111"},{"type":"Feature","geometry":{"type":"LineString","coordinates":[[-3.21917,51.481318],[-3.219524,51.481414]]},"properties":{"@id":"way/117941419","bridge":"yes","electrified":"contact_line","frequency":"50","gauge":"1435","maxspeed":"55 mph","name":"Cardiff City Line","name:cy":"Llinell Dinas Caerdydd","operator":"Transport for Wales","operator:wikidata":"Q48740007","passenger_lines":"2","railway":"rail","ref":"RAD","usage":"branch","voltage":"25000"},"id":"way/117941419"},{"type":"Feature","geometry":{"type":"LineString","coordinates":[[-3.225113,51.484062],[-3.225387,51.484313]]},"properties":{"@id":"way/117941420","bridge":"yes","electrified":"contact_line","frequency":"50","gauge":"1435","layer":"1","maxspeed":"55 mph","name":"Cardiff City Line","name:cy":"Llinell Dinas Caerdydd","operator":"Transport for Wales","operator:wikidata":"Q48740007","passenger_lines":"2","railway":"rail","ref":"RAD","usage":"branch","voltage":"25000"},"id":"way/117941420"},{"type":"Feature","geometry":{"type":"LineString","coordinates":[[-3.211765,51.479313],[-3.21208,51.479402]]},"properties":{"@id":"way/117941421","bridge":"yes","electrified":"no","gauge":"1435","maxspeed":"55 mph","name":"Radyr Branch","operator":"Network Rail","operator:wikidata":"Q1501071","passenger_lines":"2","railway":"rail","ref":"RAD","usage":"branch"},"id":"way/117941421"},{"type":"Feature","geometry":{"type":"LineString","coordinates":[[-3.22484,51.483819],[-3.225032,51.48399],[-3.225113,51.484062]]},"properties":{"@id":"way/117941422","electrified":"contact_line","frequency":"50","gauge":"1435","maxspeed":"55 mph","name":"Cardiff City Line","name:cy":"Llinell Dinas Caerdydd","operator":"Transport for Wales","operator:wikidata":"Q48740007","passenger_lines":"2","railway":"rail","ref":"RAD","usage":"branch","voltage":"25000"},"id":"way/117941422"},{"type":"Feature","geometry":{"type":"LineString","coordinates":[[-3.219524,51.481414],[-3.219842,51.4815],[-3.220062,51.481562],[-3.22059,51.481705],[-3.221124,51.481852],[-3.221322,51.481908],[-3.221538,51.481973],[-3.221775,51.482048],[-3.222036,51.482142],[-3.222237,51.482218],[-3.222372,51.482273],[-3.22261,51.482374],[-3.222883,51.4825],[-3.22312,51.482618],[-3.223284,51.482702],[-3.223462,51.4828],[-3.223626,51.482896],[-3.22366,51.482917]]},"properties":{"@id":"way/117941423","electrified":"contact_line","frequency":"50","gauge":"1435","maxspeed":"55 mph","name":"Cardiff City Line","name:cy":"Llinell Dinas Caerdydd","operator":"Transport for Wales","operator:wikidata":"Q48740007","passenger_lines":"2","railway":"rail","ref":"RAD","usage":"branch","voltage":"25000"},"id":"way/117941423"},{"type":"Feature","geometry":{"type":"LineString","coordinates":[[-3.21208,51.479402],[-3.21242,51.479494],[-3.213148,51.479688],[-3.21371,51.47984],[-3.214382,51.480021],[-3.214959,51.480178],[-3.215763,51.480398],[-3.216278,51.480539],[-3.21717,51.480782],[-3.218192,51.481058],[-3.219073,51.481292],[-3.21917,51.481318]]},"properties":{"@id":"way/117941424","electrified":"contact_line","frequency":"50","gauge":"1435","maxspeed":"55 mph","name":"Cardiff City Line","name:cy":"Llinell Dinas Caerdydd","operator":"Transport for Wales","operator:wikidata":"Q48740007","passenger_lines":"2","railway":"rail","ref":"RAD","usage":"branch","voltage":"25000"},"id":"way/117941424"},{"type":"Feature","geometry":{"type":"LineString","coordinates":[[-3.225387,51.484313],[-3.225688,51.484588],[-3.225981,51.484854],[-3.226245,51.485093],[-3.226582,51.485398],[-3.226982,51.485762],[-3.227226,51.485982],[-3.2275,51.486231],[-3.227712,51.486424],[-3.227981,51.486665],[-3.228053,51.48673]]},"properties":{"@id":"way/117941425","electrified":"contact_line","frequency":"50","gauge":"1435","maxspeed":"55 mph","name":"Cardiff City Line","name:cy":"Llinell Dinas Caerdydd","operator":"Transport for Wales","operator:wikidata":"Q48740007","passenger_lines":"2","railway":"rail","ref":"RAD","usage":"branch","voltage":"25000"},"id":"way/117941425"},{"type":"Feature","geometry":{"type":"LineString","coordinates":[[-3.224703,51.483695],[-3.22484,51.483819]]},"properties":{"@id":"way/117941426","bridge":"yes","electrified":"contact_line","frequency":"50","gauge":"1435","maxspeed":"55 mph","name":"Cardiff City Line","name:cy":"Llinell Dinas Caerdydd","operator":"Transport for Wales","operator:wikidata":"Q48740007","passenger_lines":"2","railway":"rail","ref":"RAD","usage":"branch","voltage":"25000"},"id":"way/117941426"},{"type":"Feature","geometry":{"type":"LineString","coordinates":[[-3.228494,51.487132],[-3.228354,51.487004],[-3.228178,51.486843]]},"properties":{"@id":"way/117942081","electrified":"contact_line","frequency":"50","gauge":"1435","maxspeed":"55 mph","name":"Cardiff City Line","name:cy":"Llinell Dinas Caerdydd","operator":"Transport for Wales","operator:wikidata":"Q48740007","passenger_lines":"2","railway":"rail","ref":"RAD","usage":"branch","voltage":"25000"},"id":"way/117942081"},{"type":"Feature","geometry":{"type":"LineString","coordinates":[[-3.228765,51.487379],[-3.228494,51.487132]]},"properties":{"@id":"way/117942082","bridge":"yes","electrified":"contact_line","frequency":"50","gauge":"1435","layer":"1","maxspeed":"55 mph","name":"Cardiff City Line","name:cy":"Llinell Dinas Caerdydd","operator":"Transport for Wales","operator:wikidata":"Q48740007","passenger_lines":"2","railway":"rail","ref":"RAD","usage":"branch","voltage":"25000"},"id":"way/117942082"},{"type":"Feature","geometry":{"type":"LineString","coordinates":[[-3.229729,51.488318],[-3.229627,51.488215],[-3.229463,51.488049],[-3.229279,51.487869],[-3.229015,51.487615],[-3.228765,51.487379]]},"properties":{"@id":"way/117942083","electrified":"contact_line","frequency":"50","gauge":"1435","maxspeed":"55 mph","name":"Cardiff City Line","name:cy":"Llinell Dinas Caerdydd","operator":"Transport for Wales","operator:wikidata":"Q48740007","passenger_lines":"2","railway":"rail","ref":"RAD","usage":"branch","voltage":"25000"},"id":"way/117942083"},{"type":"Feature","geometry":{"type":"LineString","coordinates":[[-3.228178,51.486843],[-3.228053,51.48673]]},"properties":{"@id":"way/117942084","bridge":"yes","electrified":"contact_line","frequency":"50","gauge":"1435","layer":"1","maxspeed":"55 mph","name":"Cardiff City Line","name:cy":"Llinell Dinas Caerdydd","operator":"Transport for Wales","operator:wikidata":"Q48740007","passenger_lines":"2","railway":"rail","ref":"RAD","usage":"branch","voltage":"25000"},"id":"way/117942084"},{"type":"Feature","geometry":{"type":"LineString","coordinates":[[-3.229729,51.488318],[-3.229919,51.488514]]},"properties":{"@id":"way/117942085","bridge":"yes","electrified":"contact_line","frequency":"50","gauge":"1435","layer":"1","maxspeed":"55 mph","name":"Cardiff City Line","name:cy":"Llinell Dinas Caerdydd","operator":"Transport for Wales","operator:wikidata":"Q48740007","passenger_lines":"2","railway":"rail","ref":"RAD","usage":"branch","voltage":"25000"},"id":"way/117942085"},{"type":"Feature","geometry":{"type":"LineString","coordinates":[[-3.295996,51.571142],[-3.296194,51.57122]]},"properties":{"@id":"way/117974148","bridge":"yes","electrified":"contact_line","frequency":"50","gauge":"1435","maxspeed":"60 mph","name":"Cardiff and Merthyr Line","operator":"Transport for Wales","operator:wikidata":"Q48740007","railway":"rail","ref":"CAM","source":"OS_OpenData_StreetView","usage":"branch","voltage":"25000"},"id":"way/117974148"},{"type":"Feature","geometry":{"type":"LineString","coordinates":[[-3.296194,51.57122],[-3.299776,51.572554],[-3.300708,51.572922],[-3.301156,51.573107],[-3.301556,51.573319],[-3.302033,51.57359],[-3.302408,51.573861],[-3.303009,51.574409]]},"properties":{"@id":"way/117974149","electrified":"contact_line","frequency":"50","gauge":"1435","maxspeed":"60 mph","name":"Cardiff and Merthyr Line","operator":"Transport for Wales","operator:wikidata":"Q48740007","railway":"rail","ref":"CAM","source":"OS_OpenData_StreetView","usage":"branch","voltage":"25000"},"id":"way/117974149"},{"type":"Feature","geometry":{"type":"LineString","coordinates":[[-3.17723,51.475921],[-3.177045,51.475926]]},"properties":{"@id":"way/118511148","bridge":"yes","electrified":"contact_line","frequency":"50","gauge":"1435","layer":"1","maxspeed":"15 mph","name":"Line A","operator":"Network Rail","operator:wikidata":"Q1501071","railway":"rail","ref":"SWM2","tracks":"2","usage":"main","voltage":"25000"},"id":"way/118511148"},{"type":"Feature","geometry":{"type":"LineString","coordinates":[[-3.177045,51.475926],[-3.176813,51.475941],[-3.176665,51.475952],[-3.176485,51.475967]]},"properties":{"@id":"way/118511149","electrified":"contact_line","frequency":"50","gauge":"1435","maxspeed":"15 mph","name":"Line A","operator":"Network Rail","operator:wikidata":"Q1501071","railway":"rail","ref":"SWM2","tracks":"2","usage":"main","voltage":"25000"},"id":"way/118511149"},{"type":"Feature","geometry":{"type":"LineString","coordinates":[[-3.260118,51.485944],[-3.259738,51.485969]]},"properties":{"@id":"way/118566256","bridge":"yes","electrified":"no","gauge":"1435","maxspeed":"75 mph","name":"South Wales Main Line","name:br":"Linenn Pennañ Su Kembre","name:cy":"Prif Linell De Cymru","name:en":"South Wales Main Line","operator":"Network Rail","operator:wikidata":"Q1501071","railway":"rail","ref":"SWM2","usage":"main"},"id":"way/118566256"},{"type":"Feature","geometry":{"type":"LineString","coordinates":[[-3.259671,51.485933],[-3.260058,51.48591]]},"properties":{"@id":"way/118566257","bridge":"yes","electrified":"no","gauge":"1435","maxspeed":"75 mph","name":"South Wales Main Line","name:br":"Linenn Pennañ Su Kembre","name:cy":"Prif Linell De Cymru","name:en":"South Wales Main Line","operator":"Network Rail","operator:wikidata":"Q1501071","railway":"rail","ref":"SWM2","usage":"main"},"id":"way/118566257"},{"type":"Feature","geometry":{"type":"LineString","coordinates":[[-3.260058,51.48591],[-3.260945,51.485851],[-3.261813,51.485796],[-3.262996,51.485719],[-3.263566,51.485681],[-3.264287,51.485619],[-3.264634,51.485585],[-3.265173,51.485524],[-3.265534,51.485475],[-3.265846,51.48543],[-3.26631,51.485358],[-3.266815,51.485266],[-3.267193,51.485193],[-3.267675,51.485088],[-3.267965,51.485021],[-3.268489,51.484886],[-3.268931,51.484761],[-3.269143,51.484699],[-3.269624,51.484552],[-3.269679,51.484535],[-3.269741,51.484516],[-3.271574,51.483953],[-3.272877,51.483513],[-3.273887,51.483148],[-3.276021,51.482336],[-3.27618,51.482275]]},"properties":{"@id":"way/118566259","electrified":"no","gauge":"1435","maxspeed":"75 mph","name":"South Wales Main Line","name:br":"Linenn Pennañ Su Kembre","name:cy":"Prif Linell De Cymru","name:en":"South Wales Main Line","operator":"Network Rail","operator:wikidata":"Q1501071","railway":"rail","ref":"SWM2","usage":"main"},"id":"way/118566259"},{"type":"Feature","geometry":{"type":"LineString","coordinates":[[-3.276185,51.482325],[-3.275267,51.482673],[-3.274167,51.483093],[-3.27358,51.483312],[-3.27274,51.483611],[-3.272389,51.483735],[-3.271847,51.483913],[-3.271273,51.484095],[-3.270801,51.48424],[-3.269813,51.484536],[-3.269742,51.484558],[-3.26968,51.484577],[-3.269626,51.484593],[-3.269567,51.484609],[-3.269088,51.484753],[-3.268712,51.484858],[-3.268367,51.484952],[-3.268073,51.48503],[-3.267665,51.485128],[-3.267134,51.485242],[-3.266639,51.48534],[-3.266144,51.485426],[-3.265742,51.485486],[-3.265228,51.485558],[-3.26487,51.485601],[-3.264546,51.485636],[-3.264092,51.48568],[-3.263566,51.485721],[-3.263007,51.485759],[-3.261781,51.485839],[-3.260619,51.485914],[-3.260118,51.485944]]},"properties":{"@id":"way/118566744","electrified":"no","gauge":"1435","maxspeed":"75 mph","name":"South Wales Main Line","name:br":"Linenn Pennañ Su Kembre","name:cy":"Prif Linell De Cymru","name:en":"South Wales Main Line","operator":"Network Rail","operator:wikidata":"Q1501071","railway":"rail","ref":"SWM2","usage":"main"},"id":"way/118566744"},{"type":"Feature","geometry":{"type":"LineString","coordinates":[[-3.28866,51.481469],[-3.288206,51.481332]]},"properties":{"@id":"way/118598506","bridge":"viaduct","electrified":"no","gauge":"1435","layer":"2","maxspeed":"75 mph","name":"South Wales Main Line","name:br":"Linenn Pennañ Su Kembre","name:cy":"Prif Linell De Cymru","name:en":"South Wales Main Line","operator":"Network Rail","operator:wikidata":"Q1501071","railway":"rail","ref":"SWM2","usage":"main"},"id":"way/118598506"},{"type":"Feature","geometry":{"type":"LineString","coordinates":[[-3.288206,51.481332],[-3.28773,51.481193],[-3.286961,51.480994],[-3.286345,51.480874],[-3.285956,51.48081],[-3.285532,51.480749],[-3.285196,51.480711],[-3.284823,51.480675],[-3.284464,51.480653],[-3.284129,51.480639],[-3.283804,51.480631],[-3.283233,51.480631],[-3.282495,51.480663],[-3.281862,51.480711],[-3.281219,51.480803],[-3.280542,51.480919],[-3.279867,51.481067],[-3.27936,51.481199],[-3.278719,51.481398],[-3.278137,51.481593],[-3.277367,51.481877],[-3.276623,51.482157]]},"properties":{"@id":"way/118598508","electrified":"no","gauge":"1435","maxspeed":"75 mph","name":"South Wales Main Line","name:br":"Linenn Pennañ Su Kembre","name:cy":"Prif Linell De Cymru","name:en":"South Wales Main Line","operator":"Network Rail","operator:wikidata":"Q1501071","railway":"rail","ref":"SWM2","usage":"main"},"id":"way/118598508"},{"type":"Feature","geometry":{"type":"LineString","coordinates":[[-3.276623,51.482157],[-3.276185,51.482325]]},"properties":{"@id":"way/118598509","bridge":"yes","electrified":"no","gauge":"1435","maxspeed":"75 mph","name":"South Wales Main Line","name:br":"Linenn Pennañ Su Kembre","name:cy":"Prif Linell De Cymru","name:en":"South Wales Main Line","operator":"Network Rail","operator:wikidata":"Q1501071","railway":"rail","ref":"SWM2","usage":"main"},"id":"way/118598509"},{"type":"Feature","geometry":{"type":"LineString","coordinates":[[-3.288172,51.481261],[-3.288652,51.481407]]},"properties":{"@id":"way/118598510","bridge":"viaduct","electrified":"no","gauge":"1435","layer":"2","maxspeed":"75 mph","name":"South Wales Main Line","name:br":"Linenn Pennañ Su Kembre","name:cy":"Prif Linell De Cymru","name:en":"South Wales Main Line","operator":"Network Rail","operator:wikidata":"Q1501071","railway":"rail","ref":"SWM2","usage":"main"},"id":"way/118598510"},{"type":"Feature","geometry":{"type":"LineString","coordinates":[[-3.288652,51.481407],[-3.289502,51.481674],[-3.290242,51.481908],[-3.291173,51.482193],[-3.291843,51.482382],[-3.292313,51.482502],[-3.29279,51.482613],[-3.293577,51.482777],[-3.294053,51.482862],[-3.294354,51.482905],[-3.294929,51.482989],[-3.295488,51.483059],[-3.296037,51.483125],[-3.296803,51.483194],[-3.297534,51.48323],[-3.298155,51.483246],[-3.29836,51.483251],[-3.298448,51.483254],[-3.298821,51.483253],[-3.299387,51.483243]]},"properties":{"@id":"way/118598511","electrified":"no","gauge":"1435","maxspeed":"75 mph","name":"South Wales Main Line","name:br":"Linenn Pennañ Su Kembre","name:cy":"Prif Linell De Cymru","name:en":"South Wales Main Line","operator":"Network Rail","operator:wikidata":"Q1501071","railway":"rail","ref":"SWM2","usage":"main"},"id":"way/118598511"},{"type":"Feature","geometry":{"type":"LineString","coordinates":[[-3.187605,51.476049],[-3.187355,51.476025]]},"properties":{"@id":"way/118599288","bridge":"yes","electrified":"contact_line","frequency":"50","gauge":"1435","layer":"1","name":"South Wales Main Line","name:br":"Linenn Pennañ Su Kembre","name:cy":"Prif Linell De Cymru","name:en":"South Wales Main Line","operator":"Network Rail","operator:wikidata":"Q1501071","railway":"rail","ref":"SWM2","usage":"main","voltage":"25000"},"id":"way/118599288"},{"type":"Feature","geometry":{"type":"LineString","coordinates":[[-3.187599,51.476017],[-3.187348,51.475989]]},"properties":{"@id":"way/118599289","bridge":"yes","electrified":"no","gauge":"1435","layer":"1","name":"South Wales Main Line","name:br":"Linenn Pennañ Su Kembre","name:cy":"Prif Linell De Cymru","name:en":"South Wales Main Line","operator":"Network Rail","operator:wikidata":"Q1501071","railway":"rail","ref":"SWM2","usage":"main"},"id":"way/118599289"},{"type":"Feature","geometry":{"type":"LineString","coordinates":[[-3.187544,51.47573],[-3.187293,51.475711]]},"properties":{"@id":"way/118599290","bridge":"yes","electrified":"no","gauge":"1435","layer":"1","maxspeed":"25 mph","name":"Up Barry","operator":"Network Rail","operator:wikidata":"Q1501071","passenger_lines":"2","railway":"rail","ref":"BRY","usage":"branch"},"id":"way/118599290"},{"type":"Feature","geometry":{"type":"LineString","coordinates":[[-3.18732,51.475846],[-3.18757,51.475867]]},"properties":{"@id":"way/118599292","bridge":"yes","electrified":"no","gauge":"1435","layer":"1","railway":"rail","service":"yard"},"id":"way/118599292"},{"type":"Feature","geometry":{"type":"LineString","coordinates":[[-3.187314,51.475816],[-3.187565,51.475838]]},"properties":{"@id":"way/118599293","bridge":"yes","electrified":"no","gauge":"1435","layer":"1","railway":"rail","service":"yard"},"id":"way/118599293"},{"type":"Feature","geometry":{"type":"LineString","coordinates":[[-3.187557,51.4758],[-3.187307,51.475782]]},"properties":{"@id":"way/118599294","bridge":"yes","electrified":"no","gauge":"1435","layer":"1","name":"Barry Line","operator":"Network Rail","operator:wikidata":"Q1501071","railway":"rail","ref":"BRY","usage":"branch"},"id":"way/118599294"},{"type":"Feature","geometry":{"type":"LineString","coordinates":[[-3.187593,51.475984],[-3.187342,51.475958]]},"properties":{"@id":"way/118599296","bridge":"yes","electrified":"no","gauge":"1435","layer":"1","maxspeed":"30 mph","name":"South Wales Main Line","name:br":"Linenn Pennañ Su Kembre","name:cy":"Prif Linell De Cymru","name:en":"South Wales Main Line","operator":"Network Rail","operator:wikidata":"Q1501071","railway":"rail","ref":"SWM2","usage":"main"},"id":"way/118599296"},{"type":"Feature","geometry":{"type":"LineString","coordinates":[[-3.187301,51.475751],[-3.18755,51.475765]]},"properties":{"@id":"way/118599298","bridge":"yes","electrified":"no","gauge":"1435","layer":"1","name":"Barry Line","operator":"Network Rail","operator:wikidata":"Q1501071","railway":"rail","ref":"BRY","usage":"branch"},"id":"way/118599298"},{"type":"Feature","geometry":{"type":"LineString","coordinates":[[-3.187326,51.475877],[-3.187576,51.475898]]},"properties":{"@id":"way/118599299","bridge":"yes","electrified":"no","gauge":"1435","layer":"1","name":"South Wales Main Line","name:br":"Linenn Pennañ Su Kembre","name:cy":"Prif Linell De Cymru","name:en":"South Wales Main Line","operator":"Network Rail","operator:wikidata":"Q1501071","railway":"rail","ref":"SWM2","usage":"main"},"id":"way/118599299"},{"type":"Feature","geometry":{"type":"LineString","coordinates":[[-3.177084,51.475783],[-3.176787,51.475818],[-3.176434,51.475871]]},"properties":{"@id":"way/118601525","electrified":"contact_line","frequency":"50","gauge":"1435","maxspeed":"20 mph","name":"Line C","operator":"Network Rail","operator:wikidata":"Q1501071","railway":"rail","ref":"SWM2","usage":"main","voltage":"25000"},"id":"way/118601525"},{"type":"Feature","geometry":{"type":"LineString","coordinates":[[-3.184473,51.475645],[-3.184702,51.475649],[-3.185015,51.475646],[-3.185436,51.475646],[-3.185776,51.475643],[-3.186272,51.475638],[-3.186676,51.475639],[-3.186867,51.475649]]},"properties":{"@id":"way/118601528","electrified":"no","gauge":"1435","maxspeed":"15 mph","operator":"Network Rail","operator:wikidata":"Q1501071","railway":"rail","service":"crossover"},"id":"way/118601528"},{"type":"Feature","geometry":{"type":"LineString","coordinates":[[-3.183567,51.475616],[-3.183882,51.475623],[-3.184158,51.47562]]},"properties":{"@id":"way/118601532","electrified":"contact_line","frequency":"50","gauge":"1435","maxspeed":"15 mph","operator":"Network Rail","operator:wikidata":"Q1501071","railway":"rail","service":"crossover","voltage":"25000"},"id":"way/118601532"},{"type":"Feature","geometry":{"type":"LineString","coordinates":[[-3.18455,51.475578],[-3.184692,51.475593],[-3.185015,51.475646],[-3.185276,51.475687],[-3.18554,51.47573]]},"properties":{"@id":"way/118601533","electrified":"contact_line","frequency":"50","gauge":"1435","maxspeed":"15 mph","operator":"Network Rail","operator:wikidata":"Q1501071","railway":"rail","service":"crossover","voltage":"25000"},"id":"way/118601533"},{"type":"Feature","geometry":{"type":"LineString","coordinates":[[-3.176454,51.475908],[-3.176073,51.475987],[-3.175877,51.476035],[-3.175669,51.476087]]},"properties":{"@id":"way/118601535","bridge":"yes","electrified":"contact_line","frequency":"50","gauge":"1435","layer":"1","maxspeed":"15 mph","name":"Line B","operator":"Network Rail","operator:wikidata":"Q1501071","railway":"rail","ref":"SWM2","usage":"main","voltage":"25000"},"id":"way/118601535"},{"type":"Feature","geometry":{"type":"LineString","coordinates":[[-3.183162,51.475703],[-3.182765,51.475694],[-3.182621,51.475695],[-3.182409,51.475693],[-3.182278,51.475695],[-3.182106,51.4757],[-3.181928,51.475707],[-3.18184,51.475712]]},"properties":{"@id":"way/118601539","bridge":"yes","electrified":"contact_line","frequency":"50","gauge":"1435","layer":"1","maxspeed":"15 mph","name":"Line A","operator":"Network Rail","operator:wikidata":"Q1501071","railway":"rail","ref":"SWM2","usage":"main","voltage":"25000"},"id":"way/118601539"},{"type":"Feature","geometry":{"type":"LineString","coordinates":[[-3.185987,51.475835],[-3.185176,51.475805]]},"properties":{"@id":"way/118601547","electrified":"contact_line","frequency":"50","gauge":"1435","maxspeed":"15 mph","name":"South Wales Main Line","name:br":"Linenn Pennañ Su Kembre","name:cy":"Prif Linell De Cymru","name:en":"South Wales Main Line","operator":"Network Rail","operator:wikidata":"Q1501071","railway":"rail","service":"crossover","voltage":"25000"},"id":"way/118601547"},{"type":"Feature","geometry":{"type":"LineString","coordinates":[[-3.183701,51.475662],[-3.183299,51.475665],[-3.183161,51.475671]]},"properties":{"@id":"way/118601548","electrified":"contact_line","frequency":"50","gauge":"1435","maxspeed":"15 mph","operator":"Network Rail","operator:wikidata":"Q1501071","railway":"rail","service":"crossover","voltage":"25000"},"id":"way/118601548"},{"type":"Feature","geometry":{"type":"LineString","coordinates":[[-3.17923,51.475663],[-3.181809,51.475584]]},"properties":{"@id":"way/118601555","electrified":"contact_line","frequency":"50","gauge":"1435","maxspeed":"20 mph","name":"Line D","operator":"Network Rail","operator:wikidata":"Q1501071","railway":"rail","ref":"SWM2","usage":"main","voltage":"25000"},"id":"way/118601555"},{"type":"Feature","geometry":{"type":"LineString","coordinates":[[-3.184976,51.475788],[-3.184831,51.475782],[-3.184362,51.475774],[-3.184114,51.475762]]},"properties":{"@id":"way/118601560","electrified":"contact_line","frequency":"50","gauge":"1435","maxspeed":"15 mph","operator":"Network Rail","operator:wikidata":"Q1501071","railway":"rail","service":"crossover","voltage":"25000"},"id":"way/118601560"},{"type":"Feature","geometry":{"type":"LineString","coordinates":[[-3.183587,51.475583],[-3.184158,51.47562],[-3.184473,51.475645],[-3.185013,51.475693],[-3.18554,51.47573]]},"properties":{"@id":"way/118601568","electrified":"contact_line","frequency":"50","gauge":"1435","maxspeed":"30 mph","name":"South Wales Main Line","name:br":"Linenn Pennañ Su Kembre","name:cy":"Prif Linell De Cymru","name:en":"South Wales Main Line","operator":"Network Rail","operator:wikidata":"Q1501071","railway":"rail","ref":"SWM2","usage":"main","voltage":"25000"},"id":"way/118601568"},{"type":"Feature","geometry":{"type":"LineString","coordinates":[[-3.177263,51.475805],[-3.177073,51.475824]]},"properties":{"@id":"way/118601571","bridge":"yes","electrified":"contact_line","frequency":"50","gauge":"1435","layer":"1","maxspeed":"15 mph","name":"Line B","operator":"Network Rail","operator:wikidata":"Q1501071","railway":"rail","ref":"SWM2","usage":"main","voltage":"25000"},"id":"way/118601571"},{"type":"Feature","geometry":{"type":"LineString","coordinates":[[-3.186942,51.475685],[-3.186625,51.475674],[-3.186287,51.475679],[-3.185925,51.475683],[-3.185599,51.475684],[-3.185276,51.475687],[-3.185013,51.475693],[-3.184657,51.475696],[-3.184246,51.475695],[-3.183982,51.475686]]},"properties":{"@id":"way/118601573","electrified":"no","fixme":"only part of this is electrified, but not sure where the limit of wiring is?","gauge":"1435","maxspeed":"15 mph","operator":"Network Rail","operator:wikidata":"Q1501071","railway":"rail","service":"crossover"},"id":"way/118601573"},{"type":"Feature","geometry":{"type":"LineString","coordinates":[[-3.183653,51.475726],[-3.183163,51.475727]]},"properties":{"@id":"way/118601577","electrified":"contact_line","frequency":"50","gauge":"1435","maxspeed":"15 mph","name":"South Wales Main Line","name:br":"Linenn Pennañ Su Kembre","name:cy":"Prif Linell De Cymru","operator":"Network Rail","operator:wikidata":"Q1501071","railway":"rail","ref":"SWM2","usage":"branch","voltage":"25000"},"id":"way/118601577"},{"type":"Feature","geometry":{"type":"LineString","coordinates":[[-3.186313,51.475711],[-3.186406,51.475723],[-3.187019,51.475814],[-3.187197,51.475834],[-3.18732,51.475846]]},"properties":{"@id":"way/118604199","electrified":"no","gauge":"1435","maxspeed":"15 mph","operator":"Network Rail","operator:wikidata":"Q1501071","railway":"rail","service":"yard"},"id":"way/118604199"},{"type":"Feature","geometry":{"type":"LineString","coordinates":[[-3.173923,51.476468],[-3.174198,51.476381]]},"properties":{"@id":"way/118604201","electrified":"contact_line","frequency":"50","gauge":"1435","maxspeed":"15 mph","name":"Line E","operator":"Network Rail","operator:wikidata":"Q1501071","passenger_lines":"6","railway":"rail","ref":"SWM2","usage":"main","voltage":"25000"},"id":"way/118604201"},{"type":"Feature","geometry":{"type":"LineString","coordinates":[[-3.186496,51.475695],[-3.186637,51.475711],[-3.186897,51.475754],[-3.187196,51.475803],[-3.187314,51.475816]]},"properties":{"@id":"way/118604202","electrified":"no","gauge":"1435","maxspeed":"15 mph","operator":"Network Rail","operator:wikidata":"Q1501071","railway":"rail","service":"yard"},"id":"way/118604202"},{"type":"Feature","geometry":{"type":"LineString","coordinates":[[-3.178207,51.475395],[-3.177943,51.475437],[-3.177712,51.475482],[-3.177532,51.475523],[-3.177337,51.475567]]},"properties":{"@id":"way/118604203","electrified":"no","gauge":"1435","maxspeed":"15 mph","name":"Cardiff Valley Line","operator":"Network Rail","operator:wikidata":"Q1501071","railway":"rail","ref":"SWM2","service":"crossover"},"id":"way/118604203"},{"type":"Feature","geometry":{"type":"LineString","coordinates":[[-3.187293,51.475711],[-3.186942,51.475685],[-3.186272,51.475638],[-3.185937,51.475612],[-3.185714,51.475601],[-3.185311,51.475596],[-3.184962,51.475581]]},"properties":{"@id":"way/118604204","electrified":"no","gauge":"1435","maxspeed":"15 mph","name":"Up Barry","operator":"Network Rail","operator:wikidata":"Q1501071","passenger_lines":"2","railway":"rail","ref":"BRY","usage":"branch"},"id":"way/118604204"},{"type":"Feature","geometry":{"type":"LineString","coordinates":[[-3.18184,51.475712],[-3.181698,51.475721],[-3.181561,51.475731],[-3.181362,51.475751],[-3.181024,51.475793],[-3.180856,51.475809],[-3.180686,51.475821],[-3.180392,51.475834],[-3.179027,51.475873]]},"properties":{"@id":"way/118606188","electrified":"contact_line","frequency":"50","gauge":"1435","maxspeed":"15 mph","name":"Line A","operator":"Network Rail","operator:wikidata":"Q1501071","railway":"rail","ref":"SWM2","usage":"main","voltage":"25000"},"id":"way/118606188"},{"type":"Feature","geometry":{"type":"LineString","coordinates":[[-3.183163,51.475727],[-3.182991,51.475726],[-3.182766,51.475722],[-3.182408,51.475724],[-3.182275,51.475726],[-3.182126,51.47573],[-3.181991,51.475736],[-3.181847,51.475743]]},"properties":{"@id":"way/118606189","bridge":"yes","electrified":"contact_line","frequency":"50","gauge":"1435","layer":"1","maxspeed":"15 mph","name":"Platform Loop","operator":"Network Rail","operator:wikidata":"Q1501071","railway":"rail","ref":"SWM2","usage":"branch","voltage":"25000"},"id":"way/118606189"},{"type":"Feature","geometry":{"type":"LineString","coordinates":[[-3.183161,51.475671],[-3.182765,51.475694],[-3.182408,51.475724]]},"properties":{"@id":"way/118606190","bridge":"yes","electrified":"contact_line","frequency":"50","gauge":"1435","layer":"1","maxspeed":"15 mph","operator":"Network Rail","operator:wikidata":"Q1501071","railway":"rail","service":"crossover","voltage":"25000"},"id":"way/118606190"},{"type":"Feature","geometry":{"type":"LineString","coordinates":[[-3.181847,51.475743],[-3.181701,51.475751],[-3.181567,51.475762],[-3.181474,51.475771],[-3.181071,51.47582],[-3.180849,51.475841],[-3.180698,51.475852],[-3.180562,51.475858],[-3.180305,51.475866],[-3.179817,51.47588],[-3.177221,51.475953]]},"properties":{"@id":"way/118606192","electrified":"contact_line","frequency":"50","gauge":"1435","maxspeed":"15 mph","name":"Platform Loop","operator":"Network Rail","operator:wikidata":"Q1501071","railway":"rail","ref":"SWM2","usage":"branch","voltage":"25000"},"id":"way/118606192"},{"type":"Feature","geometry":{"type":"LineString","coordinates":[[-3.182834,51.47537],[-3.183142,51.475406]]},"properties":{"@id":"way/118606193","bridge":"yes","electrified":"no","gauge":"1435","layer":"2","maxspeed":"15 mph","operator":"Network Rail","operator:wikidata":"Q1501071","railway":"rail","service":"crossover"},"id":"way/118606193"},{"type":"Feature","geometry":{"type":"LineString","coordinates":[[-3.007286,51.569075],[-3.007378,51.569558],[-3.007523,51.570327],[-3.007682,51.571092],[-3.007824,51.571812],[-3.007945,51.572461],[-3.008057,51.573134],[-3.008181,51.573843],[-3.008269,51.574509],[-3.008296,51.574901],[-3.008261,51.57551],[-3.008221,51.575798],[-3.008122,51.576198],[-3.007985,51.576705],[-3.007829,51.577041],[-3.007537,51.5776],[-3.007194,51.578203],[-3.006997,51.578547]]},"properties":{"@id":"way/118606838","electrified":"contact_line","frequency":"50","gauge":"1435","name":"South Wales Main Line","name:br":"Linenn Pennañ Su Kembre","name:cy":"Prif Linell De Cymru","operator":"Network Rail","operator:wikidata":"Q1501071","railway":"rail","railway:track_ref":"UM","ref":"SWM2","usage":"main","voltage":"25000"},"id":"way/118606838"},{"type":"Feature","geometry":{"type":"LineString","coordinates":[[-3.166816,51.478341],[-3.165273,51.478753],[-3.164425,51.479001],[-3.16404,51.479119],[-3.163667,51.479239],[-3.163518,51.479288],[-3.163235,51.479387],[-3.162987,51.479476],[-3.162801,51.479546],[-3.16214,51.479805],[-3.160304,51.48064],[-3.158125,51.481637],[-3.156691,51.482405],[-3.156054,51.482818],[-3.155383,51.483276],[-3.154748,51.483756],[-3.154164,51.484226],[-3.153854,51.484487],[-3.152967,51.485232],[-3.152749,51.485416],[-3.152564,51.485576],[-3.151766,51.486266],[-3.150652,51.487253],[-3.15028,51.487581],[-3.149773,51.488031],[-3.149477,51.488292],[-3.148938,51.488763],[-3.148475,51.489165],[-3.147994,51.48958],[-3.146944,51.490444],[-3.146868,51.490505],[-3.146164,51.491068],[-3.145351,51.491726],[-3.144753,51.492202],[-3.144495,51.492412],[-3.144339,51.492537],[-3.143604,51.493124],[-3.142952,51.493645],[-3.142288,51.494179],[-3.141869,51.494507],[-3.141406,51.49487],[-3.14098,51.495194],[-3.140604,51.495463],[-3.140366,51.495624],[-3.140175,51.495754],[-3.139638,51.496101],[-3.139015,51.496489],[-3.138385,51.496851],[-3.137604,51.497254],[-3.137038,51.49753],[-3.136414,51.497816]]},"properties":{"@id":"way/118607256","electrified":"contact_line","frequency":"50","gauge":"1435","maxspeed":"40 mph","name":"South Wales Main Line","name:br":"Linenn Pennañ Su Kembre","name:cy":"Prif Linell De Cymru","operator":"Network Rail","operator:wikidata":"Q1501071","passenger_lines":"4","railway":"rail","railway:track_ref":"Up Relief","ref":"SWM2","source":"npe","tracks":"4","usage":"main","voltage":"25000"},"id":"way/118607256"},{"type":"Feature","geometry":{"type":"LineString","coordinates":[[-3.170164,51.477635],[-3.169894,51.477695],[-3.169331,51.47782],[-3.168907,51.477917],[-3.168625,51.477986],[-3.16848,51.478021],[-3.168262,51.47808],[-3.167683,51.478239],[-3.167104,51.478406],[-3.166956,51.478444],[-3.166841,51.478475]]},"properties":{"@id":"way/118607257","electrified":"contact_line","frequency":"50","gauge":"1435","name":"South Wales Main Line","name:br":"Linenn Pennañ Su Kembre","name:cy":"Prif Linell De Cymru","operator":"Network Rail","operator:wikidata":"Q1501071","passenger_lines":"4","railway":"rail","ref":"SWM2","source":"npe","tracks":"4","usage":"main","voltage":"25000"},"id":"way/118607257"},{"type":"Feature","geometry":{"type":"LineString","coordinates":[[-3.175626,51.476033],[-3.175958,51.475946],[-3.176203,51.475886]]},"properties":{"@id":"way/118690496","bridge":"yes","electrified":"contact_line","frequency":"50","gauge":"1435","layer":"1","maxspeed":"20 mph","name":"South Wales Main Line","name:br":"Linenn Pennañ Su Kembre","name:cy":"Prif Linell De Cymru","operator":"Network Rail","operator:wikidata":"Q1501071","railway":"rail","ref":"SWM2","usage":"main","voltage":"25000"},"id":"way/118690496"},{"type":"Feature","geometry":{"type":"LineString","coordinates":[[-3.031345,51.573131],[-3.031225,51.572859],[-3.031169,51.572683],[-3.031104,51.572473],[-3.031021,51.572248],[-3.030917,51.572019],[-3.030726,51.571704],[-3.030504,51.571447],[-3.030412,51.571352],[-3.030273,51.571234],[-3.030164,51.571155],[-3.03004,51.571062],[-3.029883,51.570966],[-3.029543,51.570772],[-3.029408,51.570703],[-3.028948,51.570514],[-3.02879,51.570458],[-3.028423,51.570351],[-3.027885,51.570226],[-3.02768,51.570183],[-3.027521,51.570157],[-3.027105,51.570086],[-3.026917,51.570059],[-3.026622,51.570022],[-3.026302,51.569992],[-3.025962,51.569971],[-3.025589,51.569962],[-3.025249,51.569972],[-3.024964,51.569984],[-3.02468,51.57001],[-3.024352,51.570041],[-3.023903,51.570089],[-3.023285,51.570161],[-3.022917,51.570219],[-3.022521,51.570292],[-3.022317,51.570335],[-3.021961,51.570402],[-3.021765,51.57044]]},"properties":{"@id":"way/118690497","electrified":"no","gauge":"1435","maxspeed":"50 mph","name":"Ebbw Valley Line","name:cy":"Rheilffordd Dyffryn Ebwy","operator":"Network Rail","operator:wikidata":"Q1501071","railway":"rail","ref":"WVL","source":"NPE","tracks":"2","usage":"branch"},"id":"way/118690497"},{"type":"Feature","geometry":{"type":"LineString","coordinates":[[-3.175649,51.476062],[-3.175851,51.476005],[-3.176048,51.475955],[-3.176258,51.475904]]},"properties":{"@id":"way/118691446","bridge":"yes","electrified":"contact_line","frequency":"50","gauge":"1435","layer":"1","maxspeed":"20 mph","name":"South Wales Main Line","name:br":"Linenn Pennañ Su Kembre","name:cy":"Prif Linell De Cymru","operator":"Network Rail","operator:wikidata":"Q1501071","railway":"rail","ref":"SWM2","usage":"main","voltage":"25000"},"id":"way/118691446"},{"type":"Feature","geometry":{"type":"LineString","coordinates":[[-3.172432,51.476916],[-3.172683,51.47684],[-3.173352,51.476639]]},"properties":{"@id":"way/118691447","electrified":"contact_line","frequency":"50","gauge":"1435","maxspeed":"40 mph","name":"Line E","operator":"Network Rail","operator:wikidata":"Q1501071","passenger_lines":"6","railway":"rail","ref":"SWM2","usage":"main","voltage":"25000"},"id":"way/118691447"},{"type":"Feature","geometry":{"type":"LineString","coordinates":[[-3.181769,51.47542],[-3.18218,51.475415],[-3.182502,51.475423],[-3.183147,51.47547]]},"properties":{"@id":"way/118691448","bridge":"yes","electrified":"contact_line","frequency":"50","gauge":"1435","layer":"1","maxspeed":"15 mph","name":"Up Barry Relief","operator":"Network Rail","operator:wikidata":"Q1501071","railway":"rail","ref":"SWM2","usage":"branch","voltage":"25000"},"id":"way/118691448"},{"type":"Feature","geometry":{"type":"LineString","coordinates":[[-3.173609,51.476513],[-3.172408,51.476881]]},"properties":{"@id":"way/118691662","bridge":"yes","electrified":"no","gauge":"1435","layer":"1","maxspeed":"15 mph","name":"Up Llandaff","operator":"Network Rail","operator:wikidata":"Q1501071","passenger_lines":"6","railway":"rail","ref":"CEJ","source":"npe","usage":"branch"},"id":"way/118691662"},{"type":"Feature","geometry":{"type":"LineString","coordinates":[[-3.176485,51.475967],[-3.176134,51.476011],[-3.175669,51.476087]]},"properties":{"@id":"way/118693959","bridge":"yes","electrified":"contact_line","frequency":"50","gauge":"1435","layer":"1","maxspeed":"15 mph","name":"Line A","operator":"Network Rail","operator:wikidata":"Q1501071","railway":"rail","ref":"SWM2","tracks":"2","usage":"main","voltage":"25000"},"id":"way/118693959"},{"type":"Feature","geometry":{"type":"LineString","coordinates":[[-3.176402,51.475809],[-3.17705,51.475669],[-3.177126,51.475654]]},"properties":{"@id":"way/118693960","electrified":"contact_line","frequency":"50","gauge":"1435","maxspeed":"15 mph","name":"South Wales Main Line","name:br":"Linenn Pennañ Su Kembre","name:cy":"Prif Linell De Cymru","operator":"Network Rail","operator:wikidata":"Q1501071","railway":"rail","ref":"SWM2","usage":"branch","voltage":"25000"},"id":"way/118693960"},{"type":"Feature","geometry":{"type":"LineString","coordinates":[[-3.174492,51.476366],[-3.175324,51.47615],[-3.175649,51.476062]]},"properties":{"@id":"way/118693961","electrified":"contact_line","frequency":"50","gauge":"1435","maxspeed":"20 mph","name":"South Wales Main Line","name:br":"Linenn Pennañ Su Kembre","name:cy":"Prif Linell De Cymru","operator":"Network Rail","operator:wikidata":"Q1501071","railway":"rail","ref":"SWM2","usage":"main","voltage":"25000"},"id":"way/118693961"},{"type":"Feature","geometry":{"type":"LineString","coordinates":[[-3.175559,51.47596],[-3.175046,51.476099],[-3.174568,51.476228],[-3.174417,51.476273]]},"properties":{"@id":"way/118693962","electrified":"no","gauge":"1435","maxspeed":"15 mph","name":"Up Llandaff","operator":"Network Rail","operator:wikidata":"Q1501071","passenger_lines":"2","railway":"rail","ref":"CEJ","source":"npe","usage":"branch"},"id":"way/118693962"},{"type":"Feature","geometry":{"type":"LineString","coordinates":[[-3.176203,51.475886],[-3.176416,51.475837]]},"properties":{"@id":"way/118693963","bridge":"yes","electrified":"contact_line","frequency":"50","gauge":"1435","layer":"1","maxspeed":"15 mph","name":"South Wales Main Line","name:br":"Linenn Pennañ Su Kembre","name:cy":"Prif Linell De Cymru","operator":"Network Rail","operator:wikidata":"Q1501071","railway":"rail","ref":"SWM2","service":"crossover","voltage":"25000"},"id":"way/118693963"},{"type":"Feature","geometry":{"type":"LineString","coordinates":[[-3.176203,51.475886],[-3.176421,51.475845]]},"properties":{"@id":"way/118693964","bridge":"yes","electrified":"contact_line","frequency":"50","gauge":"1435","layer":"1","maxspeed":"20 mph","name":"South Wales Main Line","name:cy":"Prif Linell De Cymru","operator":"Network Rail","operator:wikidata":"Q1501071","passenger_lines":"4","railway":"rail","ref":"SWM2","source":"npe","tracks":"4","usage":"main","voltage":"25000"},"id":"way/118693964"},{"type":"Feature","geometry":{"type":"LineString","coordinates":[[-3.176491,51.47598],[-3.176134,51.476011]]},"properties":{"@id":"way/118693965","bridge":"yes","electrified":"contact_line","frequency":"50","gauge":"1435","layer":"1","maxspeed":"15 mph","name":"South Wales Main Line","name:cy":"Prif Linell De Cymru","operator":"Network Rail","operator:wikidata":"Q1501071","railway":"rail","ref":"SWM2","usage":"branch","voltage":"25000"},"id":"way/118693965"},{"type":"Feature","geometry":{"type":"LineString","coordinates":[[-3.175669,51.476087],[-3.175336,51.476179]]},"properties":{"@id":"way/118693966","electrified":"contact_line","frequency":"50","gauge":"1435","maxspeed":"15 mph","name":"South Wales Main Line","name:br":"Linenn Pennañ Su Kembre","name:cy":"Prif Linell De Cymru","operator":"Network Rail","operator:wikidata":"Q1501071","railway":"rail","ref":"SWM2","tracks":"2","usage":"main","voltage":"25000"},"id":"way/118693966"},{"type":"Feature","geometry":{"type":"LineString","coordinates":[[-3.174474,51.476339],[-3.175282,51.47612],[-3.1755,51.476064],[-3.175626,51.476033]]},"properties":{"@id":"way/118693967","electrified":"contact_line","frequency":"50","gauge":"1435","maxspeed":"20 mph","name":"South Wales Main Line","name:br":"Linenn Pennañ Su Kembre","name:cy":"Prif Linell De Cymru","operator":"Network Rail","operator:wikidata":"Q1501071","railway":"rail","ref":"SWM2","usage":"main","voltage":"25000"},"id":"way/118693967"},{"type":"Feature","geometry":{"type":"LineString","coordinates":[[-3.177073,51.475824],[-3.176892,51.475844],[-3.176642,51.475877],[-3.176454,51.475908]]},"properties":{"@id":"way/118693968","electrified":"contact_line","frequency":"50","gauge":"1435","maxspeed":"15 mph","name":"Line B","operator":"Network Rail","operator:wikidata":"Q1501071","railway":"rail","ref":"SWM2","usage":"main","voltage":"25000"},"id":"way/118693968"},{"type":"Feature","geometry":{"type":"LineString","coordinates":[[-3.175591,51.476002],[-3.175732,51.475966],[-3.176185,51.475856]]},"properties":{"@id":"way/118693969","bridge":"yes","electrified":"contact_line","frequency":"50","gauge":"1435","layer":"1","maxspeed":"15 mph","name":"South Wales Main Line","name:br":"Linenn Pennañ Su Kembre","name:cy":"Prif Linell De Cymru","operator":"Network Rail","operator:wikidata":"Q1501071","railway":"rail","ref":"SWM2","usage":"main","voltage":"25000"},"id":"way/118693969"},{"type":"Feature","geometry":{"type":"LineString","coordinates":[[-3.17439,51.476246],[-3.174582,51.476189],[-3.175055,51.47605],[-3.175532,51.475927]]},"properties":{"@id":"way/118693970","electrified":"no","gauge":"1435","maxspeed":"15 mph","name":"Down Llandaff","operator":"Network Rail","operator:wikidata":"Q1501071","passenger_lines":"2","railway":"rail","ref":"CEJ","usage":"branch"},"id":"way/118693970"},{"type":"Feature","geometry":{"type":"LineString","coordinates":[[-3.175532,51.475927],[-3.175742,51.475876],[-3.175973,51.475825],[-3.176367,51.475741]]},"properties":{"@id":"way/118693971","bridge":"yes","electrified":"no","gauge":"1435","layer":"1","maxspeed":"15 mph","name":"Cardiff Valley Line","operator":"Network Rail","operator:wikidata":"Q1501071","passenger_lines":"2","railway":"rail","ref":"CEJ","usage":"branch"},"id":"way/118693971"},{"type":"Feature","geometry":{"type":"LineString","coordinates":[[-3.174474,51.476339],[-3.174224,51.476413]]},"properties":{"@id":"way/118694286","bridge":"yes","electrified":"contact_line","frequency":"50","gauge":"1435","layer":"1","name":"Line D","operator":"Network Rail","operator:wikidata":"Q1501071","passenger_lines":"6","railway":"rail","ref":"SWM2","usage":"main","voltage":"25000"},"id":"way/118694286"},{"type":"Feature","geometry":{"type":"LineString","coordinates":[[-3.172486,51.476983],[-3.172669,51.476926],[-3.173668,51.476614]]},"properties":{"@id":"way/118694385","electrified":"contact_line","frequency":"50","gauge":"1435","maxspeed":"40 mph","name":"Line C","operator":"Network Rail","operator:wikidata":"Q1501071","passenger_lines":"6","railway":"rail","ref":"SWM2","usage":"main","voltage":"25000"},"id":"way/118694385"},{"type":"Feature","geometry":{"type":"LineString","coordinates":[[-3.173959,51.476528],[-3.174244,51.476441]]},"properties":{"@id":"way/118694386","electrified":"contact_line","frequency":"50","gauge":"1435","maxspeed":"20 mph","name":"Line C","operator":"Network Rail","operator:wikidata":"Q1501071","passenger_lines":"6","railway":"rail","ref":"SWM2","usage":"main","voltage":"25000"},"id":"way/118694386"},{"type":"Feature","geometry":{"type":"LineString","coordinates":[[-3.174441,51.476309],[-3.17456,51.476276],[-3.174992,51.476159],[-3.175508,51.476021],[-3.175591,51.476002]]},"properties":{"@id":"way/118694387","electrified":"contact_line","frequency":"50","gauge":"1435","maxspeed":"15 mph","name":"South Wales Main Line","name:br":"Linenn Pennañ Su Kembre","name:cy":"Prif Linell De Cymru","operator":"Network Rail","operator:wikidata":"Q1501071","railway":"rail","ref":"SWM2","usage":"main","voltage":"25000"},"id":"way/118694387"},{"type":"Feature","geometry":{"type":"LineString","coordinates":[[-3.173941,51.476499],[-3.173879,51.476517],[-3.173653,51.476585]]},"properties":{"@id":"way/118694388","bridge":"yes","electrified":"contact_line","frequency":"50","gauge":"1435","layer":"1","name":"South Wales Main Line","name:cy":"Prif Linell De Cymru","operator":"Network Rail","operator:wikidata":"Q1501071","passenger_lines":"6","railway":"rail","ref":"SWM2","usage":"main","voltage":"25000"},"id":"way/118694388"},{"type":"Feature","geometry":{"type":"LineString","coordinates":[[-3.173881,51.476397],[-3.174149,51.476317]]},"properties":{"@id":"way/118694389","electrified":"no","gauge":"1435","maxspeed":"15 mph","name":"Down Llandaff","operator":"Network Rail","operator:wikidata":"Q1501071","passenger_lines":"6","railway":"rail","ref":"CEJ","usage":"branch"},"id":"way/118694389"},{"type":"Feature","geometry":{"type":"LineString","coordinates":[[-3.173687,51.476647],[-3.172514,51.47701]]},"properties":{"@id":"way/118694390","electrified":"contact_line","frequency":"50","gauge":"1435","name":"Line B","operator":"Network Rail","operator:wikidata":"Q1501071","passenger_lines":"6","railway":"rail","ref":"SWM2","usage":"main","voltage":"25000"},"id":"way/118694390"},{"type":"Feature","geometry":{"type":"LineString","coordinates":[[-3.174517,51.476395],[-3.174265,51.476469]]},"properties":{"@id":"way/118694391","bridge":"yes","electrified":"contact_line","frequency":"50","gauge":"1435","layer":"1","maxspeed":"20 mph","name":"Line B","operator":"Network Rail","operator:wikidata":"Q1501071","passenger_lines":"6","railway":"rail","ref":"SWM2","usage":"main","voltage":"25000"},"id":"way/118694391"},{"type":"Feature","geometry":{"type":"LineString","coordinates":[[-3.174417,51.476273],[-3.174169,51.476347]]},"properties":{"@id":"way/118694392","bridge":"yes","electrified":"no","gauge":"1435","layer":"1","maxspeed":"15 mph","name":"Up Llandaff","operator":"Network Rail","operator:wikidata":"Q1501071","passenger_lines":"6","railway":"rail","ref":"CEJ","usage":"branch"},"id":"way/118694392"},{"type":"Feature","geometry":{"type":"LineString","coordinates":[[-3.174244,51.476441],[-3.174492,51.476366]]},"properties":{"@id":"way/118694393","bridge":"yes","electrified":"contact_line","frequency":"50","gauge":"1435","layer":"1","maxspeed":"20 mph","name":"Line C","operator":"Network Rail","operator:wikidata":"Q1501071","passenger_lines":"6","railway":"rail","ref":"SWM2","usage":"main","voltage":"25000"},"id":"way/118694393"},{"type":"Feature","geometry":{"type":"LineString","coordinates":[[-3.174169,51.476347],[-3.173897,51.476425]]},"properties":{"@id":"way/118694394","electrified":"no","gauge":"1435","maxspeed":"15 mph","name":"Up Llandaff","operator":"Network Rail","operator:wikidata":"Q1501071","passenger_lines":"6","railway":"rail","ref":"CEJ","source":"npe","usage":"branch"},"id":"way/118694394"},{"type":"Feature","geometry":{"type":"LineString","coordinates":[[-3.174265,51.476469],[-3.173976,51.476558]]},"properties":{"@id":"way/118694395","electrified":"contact_line","frequency":"50","gauge":"1435","maxspeed":"20 mph","name":"Line B","operator":"Network Rail","operator:wikidata":"Q1501071","passenger_lines":"6","railway":"rail","ref":"SWM2","usage":"main","voltage":"25000"},"id":"way/118694395"},{"type":"Feature","geometry":{"type":"LineString","coordinates":[[-3.173668,51.476614],[-3.173902,51.476545],[-3.173959,51.476528]]},"properties":{"@id":"way/118694396","bridge":"yes","electrified":"contact_line","frequency":"50","gauge":"1435","layer":"1","maxspeed":"20 mph","name":"South Wales Main Line","name:cy":"Prif Linell De Cymru","operator":"Network Rail","operator:wikidata":"Q1501071","passenger_lines":"6","railway":"rail","ref":"SWM2","usage":"main","voltage":"25000"},"id":"way/118694396"},{"type":"Feature","geometry":{"type":"LineString","coordinates":[[-3.174224,51.476413],[-3.174078,51.476458],[-3.173941,51.476499]]},"properties":{"@id":"way/118694397","electrified":"contact_line","frequency":"50","gauge":"1435","name":"Line D","operator":"Network Rail","operator:wikidata":"Q1501071","passenger_lines":"6","railway":"rail","ref":"SWM2","usage":"main","voltage":"25000"},"id":"way/118694397"},{"type":"Feature","geometry":{"type":"LineString","coordinates":[[-3.174149,51.476317],[-3.17439,51.476246]]},"properties":{"@id":"way/118694398","bridge":"yes","electrified":"no","gauge":"1435","layer":"1","maxspeed":"15 mph","name":"Down Llandaff","operator":"Network Rail","operator:wikidata":"Q1501071","passenger_lines":"6","railway":"rail","ref":"SWM2","usage":"branch"},"id":"way/118694398"},{"type":"Feature","geometry":{"type":"LineString","coordinates":[[-3.172384,51.476849],[-3.172668,51.476762],[-3.173253,51.476584],[-3.173589,51.476485]]},"properties":{"@id":"way/118694399","bridge":"yes","electrified":"no","gauge":"1435","layer":"1","maxspeed":"15 mph","name":"Down Llandaff","operator":"Network Rail","operator:wikidata":"Q1501071","passenger_lines":"6","railway":"rail","ref":"CEJ","usage":"branch"},"id":"way/118694399"},{"type":"Feature","geometry":{"type":"LineString","coordinates":[[-3.173976,51.476558],[-3.173687,51.476647]]},"properties":{"@id":"way/118694400","bridge":"yes","electrified":"contact_line","frequency":"50","gauge":"1435","layer":"1","maxspeed":"20 mph","name":"South Wales Main Line","name:cy":"Prif Linell De Cymru","operator":"Network Rail","operator:wikidata":"Q1501071","passenger_lines":"6","railway":"rail","ref":"SWM2","usage":"main","voltage":"25000"},"id":"way/118694400"},{"type":"Feature","geometry":{"type":"LineString","coordinates":[[-3.173589,51.476485],[-3.1738,51.476421],[-3.173881,51.476397]]},"properties":{"@id":"way/118694401","bridge":"yes","electrified":"no","gauge":"1435","layer":"1","maxspeed":"15 mph","name":"Down Llandaff","operator":"Network Rail","operator:wikidata":"Q1501071","passenger_lines":"6","railway":"rail","ref":"CEJ","usage":"branch"},"id":"way/118694401"},{"type":"Feature","geometry":{"type":"LineString","coordinates":[[-3.173653,51.476585],[-3.173413,51.476654],[-3.172568,51.47691],[-3.17247,51.476942]]},"properties":{"@id":"way/118694402","electrified":"contact_line","frequency":"50","gauge":"1435","name":"Line D","operator":"Network Rail","operator:wikidata":"Q1501071","passenger_lines":"6","railway":"rail","ref":"SWM2","usage":"main","voltage":"25000"},"id":"way/118694402"},{"type":"Feature","geometry":{"type":"LineString","coordinates":[[-3.174198,51.476381],[-3.174441,51.476309]]},"properties":{"@id":"way/118694403","bridge":"yes","electrified":"contact_line","frequency":"50","gauge":"1435","layer":"1","maxspeed":"15 mph","name":"Line E","operator":"Network Rail","operator:wikidata":"Q1501071","passenger_lines":"6","railway":"rail","ref":"SWM2","usage":"main","voltage":"25000"},"id":"way/118694403"},{"type":"Feature","geometry":{"type":"LineString","coordinates":[[-3.17151,51.477127],[-3.171307,51.47745]]},"properties":{"@id":"way/118694612","bridge":"yes","electrified":"no","gauge":"1435","layer":"1","maxspeed":"25 mph","name":"Cardiff Bay Branch","operator":"Transport for Wales","operator:wikidata":"Q48740007","passenger_lines":"2","railway":"rail","railway:aws":"yes","railway:tpws":"yes","ref":"CAM","usage":"branch"},"id":"way/118694612"},{"type":"Feature","geometry":{"type":"LineString","coordinates":[[-3.172408,51.476881],[-3.172146,51.476986],[-3.171868,51.477138]]},"properties":{"@id":"way/118694613","bridge":"yes","electrified":"no","gauge":"1435","layer":"1","maxspeed":"15 mph","name":"Up Llandaff","operator":"Network Rail","operator:wikidata":"Q1501071","passenger_lines":"2","railway":"rail","ref":"CEJ","usage":"branch"},"id":"way/118694613"},{"type":"Feature","geometry":{"type":"LineString","coordinates":[[-3.17118,51.477756],[-3.171299,51.477597],[-3.171412,51.477451]]},"properties":{"@id":"way/118694614","electrified":"no","gauge":"1435","name":"Cardiff Valley Line","operator":"Transport for Wales","operator:wikidata":"Q48740007","passenger_lines":"2","railway":"rail","ref":"CEJ","usage":"branch"},"id":"way/118694614"},{"type":"Feature","geometry":{"type":"LineString","coordinates":[[-3.171412,51.477451],[-3.171606,51.477264],[-3.171759,51.477153],[-3.171818,51.477117]]},"properties":{"@id":"way/118694616","bridge":"yes","electrified":"no","gauge":"1435","layer":"1","maxspeed":"15 mph","name":"Down Llandaff","operator":"Transport for Wales","operator:wikidata":"Q48740007","passenger_lines":"2","railway":"rail","ref":"CEJ","usage":"branch"},"id":"way/118694616"},{"type":"Feature","geometry":{"type":"LineString","coordinates":[[-3.176367,51.475741],[-3.176535,51.475704],[-3.177151,51.475565]]},"properties":{"@id":"way/118694817","electrified":"no","gauge":"1435","maxspeed":"15 mph","name":"Cardiff Valley Line","operator":"Network Rail","operator:wikidata":"Q1501071","passenger_lines":"2","railway":"rail","ref":"SWM2","usage":"branch"},"id":"way/118694817"},{"type":"Feature","geometry":{"type":"LineString","coordinates":[[-3.177335,51.475572],[-3.177261,51.475584]]},"properties":{"@id":"way/118694818","bridge":"yes","electrified":"no","gauge":"1435","layer":"1","maxspeed":"15 mph","operator":"Network Rail","operator:wikidata":"Q1501071","passenger_lines":"2","railway":"rail","ref":"SWM2","usage":"branch"},"id":"way/118694818"},{"type":"Feature","geometry":{"type":"LineString","coordinates":[[-3.177036,51.475959],[-3.176674,51.475974],[-3.176491,51.47598]]},"properties":{"@id":"way/118694819","electrified":"contact_line","frequency":"50","gauge":"1435","maxspeed":"15 mph","name":"Platform Loop","operator":"Network Rail","operator:wikidata":"Q1501071","railway":"rail","ref":"SWM2","usage":"branch","voltage":"25000"},"id":"way/118694819"},{"type":"Feature","geometry":{"type":"LineString","coordinates":[[-3.176945,51.475733],[-3.177106,51.475711]]},"properties":{"@id":"way/118694820","electrified":"contact_line","frequency":"50","gauge":"1435","maxspeed":"15 mph","name":"South Wales Main Line","name:br":"Linenn Pennañ Su Kembre","name:cy":"Prif Linell De Cymru","operator":"Network Rail","operator:wikidata":"Q1501071","railway":"rail","ref":"SWM2","usage":"main","voltage":"25000"},"id":"way/118694820"},{"type":"Feature","geometry":{"type":"LineString","coordinates":[[-3.177151,51.475565],[-3.17735,51.475524]]},"properties":{"@id":"way/118694821","bridge":"yes","electrified":"no","gauge":"1435","layer":"1","maxspeed":"15 mph","name":"Cardiff Valley Line","operator":"Network Rail","operator:wikidata":"Q1501071","passenger_lines":"2","railway":"rail","ref":"SWM2","usage":"branch"},"id":"way/118694821"},{"type":"Feature","geometry":{"type":"LineString","coordinates":[[-3.177221,51.475953],[-3.177036,51.475959]]},"properties":{"@id":"way/118694822","bridge":"yes","electrified":"contact_line","frequency":"50","gauge":"1435","layer":"1","maxspeed":"15 mph","name":"Platform Loop","operator":"Network Rail","operator:wikidata":"Q1501071","railway":"rail","ref":"SWM2","usage":"branch","voltage":"25000"},"id":"way/118694822"},{"type":"Feature","geometry":{"type":"LineString","coordinates":[[-3.177323,51.475613],[-3.177525,51.475576],[-3.17775,51.475546],[-3.177866,51.475536],[-3.178059,51.475525],[-3.179331,51.475491]]},"properties":{"@id":"way/118694825","electrified":"contact_line","frequency":"50","gauge":"1435","maxspeed":"15 mph","name":"Up Barry Relief","operator":"Network Rail","operator:wikidata":"Q1501071","railway":"rail","ref":"SWM2","usage":"branch","voltage":"25000"},"id":"way/118694825"},{"type":"Feature","geometry":{"type":"LineString","coordinates":[[-3.176421,51.475845],[-3.176604,51.475812],[-3.176827,51.475781],[-3.177095,51.475749]]},"properties":{"@id":"way/118694826","electrified":"contact_line","frequency":"50","gauge":"1435","maxspeed":"20 mph","name":"Line D","operator":"Network Rail","operator:wikidata":"Q1501071","passenger_lines":"4","railway":"rail","ref":"SWM2","source":"npe","tracks":"4","usage":"main","voltage":"25000"},"id":"way/118694826"},{"type":"Feature","geometry":{"type":"LineString","coordinates":[[-3.177106,51.475711],[-3.177298,51.475692]]},"properties":{"@id":"way/118694827","bridge":"yes","electrified":"contact_line","frequency":"50","gauge":"1435","layer":"1","maxspeed":"15 mph","name":"Line E","operator":"Network Rail","operator:wikidata":"Q1501071","railway":"rail","ref":"SWM2","usage":"main","voltage":"25000"},"id":"way/118694827"},{"type":"Feature","geometry":{"type":"LineString","coordinates":[[-3.177095,51.475749],[-3.177286,51.475731]]},"properties":{"@id":"way/118694828","bridge":"yes","electrified":"contact_line","frequency":"50","gauge":"1435","layer":"1","maxspeed":"20 mph","name":"Line D","operator":"Network Rail","operator:wikidata":"Q1501071","passenger_lines":"4","railway":"rail","ref":"SWM2","source":"npe","tracks":"4","usage":"main","voltage":"25000"},"id":"way/118694828"},{"type":"Feature","geometry":{"type":"LineString","coordinates":[[-3.177139,51.47561],[-3.176386,51.475774]]},"properties":{"@id":"way/118694829","electrified":"no","gauge":"1435","maxspeed":"15 mph","name":"Cardiff Valley Line","operator":"Network Rail","operator:wikidata":"Q1501071","passenger_lines":"2","railway":"rail","ref":"SWM2","usage":"branch"},"id":"way/118694829"},{"type":"Feature","geometry":{"type":"LineString","coordinates":[[-3.181818,51.475624],[-3.178063,51.475729],[-3.177875,51.475734],[-3.177737,51.475738],[-3.177556,51.475747],[-3.177275,51.475766]]},"properties":{"@id":"way/118694830","electrified":"contact_line","frequency":"50","gauge":"1435","maxspeed":"30 mph","name":"Line C","operator":"Network Rail","operator:wikidata":"Q1501071","railway":"rail","ref":"SWM2","usage":"main","voltage":"25000"},"id":"way/118694830"},{"type":"Feature","geometry":{"type":"LineString","coordinates":[[-3.177126,51.475654],[-3.177323,51.475613]]},"properties":{"@id":"way/118694831","bridge":"yes","electrified":"contact_line","frequency":"50","gauge":"1435","layer":"1","maxspeed":"15 mph","name":"South Wales Main Line","name:br":"Linenn Pennañ Su Kembre","name:cy":"Prif Linell De Cymru","operator":"Network Rail","operator:wikidata":"Q1501071","railway":"rail","ref":"SWM2","usage":"branch","voltage":"25000"},"id":"way/118694831"},{"type":"Feature","geometry":{"type":"LineString","coordinates":[[-3.177275,51.475766],[-3.177084,51.475783]]},"properties":{"@id":"way/118694834","bridge":"yes","electrified":"contact_line","frequency":"50","gauge":"1435","layer":"1","maxspeed":"20 mph","name":"Line C","operator":"Network Rail","operator:wikidata":"Q1501071","railway":"rail","ref":"SWM2","usage":"main","voltage":"25000"},"id":"way/118694834"},{"type":"Feature","geometry":{"type":"LineString","coordinates":[[-3.171887,51.476611],[-3.17179,51.476738],[-3.171748,51.476788]]},"properties":{"@id":"way/118694932","electrified":"no","embankment":"yes","gauge":"1435","maxspeed":"20 mph","name":"Cardiff Bay Branch","operator":"Transport for Wales","operator:wikidata":"Q48740007","passenger_lines":"2","railway":"rail","railway:aws":"yes","railway:tpws":"yes","ref":"CAM","usage":"branch"},"id":"way/118694932"},{"type":"Feature","geometry":{"type":"LineString","coordinates":[[-3.171307,51.47745],[-3.171171,51.477679]]},"properties":{"@id":"way/118694956","electrified":"no","embankment":"yes","gauge":"1435","maxspeed":"25 mph","name":"Cardiff Bay Branch","operator":"Transport for Wales","operator:wikidata":"Q48740007","passenger_lines":"2","railway":"rail","railway:aws":"yes","railway:tpws":"yes","ref":"CAM","usage":"branch"},"id":"way/118694956"},{"type":"Feature","geometry":{"type":"LineString","coordinates":[[-3.170574,51.47863],[-3.170648,51.478516],[-3.17076,51.478343]]},"properties":{"@id":"way/118694957","bridge":"yes","electrified":"no","gauge":"1435","layer":"1","maxspeed":"25 mph","name":"Cardiff Bay Branch","operator":"Transport for Wales","operator:wikidata":"Q48740007","passenger_lines":"3","railway":"rail","ref":"CAM","usage":"branch"},"id":"way/118694957"},{"type":"Feature","geometry":{"type":"LineString","coordinates":[[-3.136398,51.497788],[-3.136676,51.497664],[-3.137216,51.497403],[-3.137835,51.497099],[-3.138303,51.496846],[-3.138779,51.496582],[-3.139412,51.496204],[-3.140063,51.495781],[-3.140663,51.495374],[-3.141021,51.495111],[-3.141285,51.494918],[-3.1416,51.494673],[-3.142126,51.494256],[-3.142759,51.493754],[-3.143238,51.493367],[-3.143426,51.493216],[-3.143864,51.492862],[-3.143952,51.492793],[-3.14456,51.492311],[-3.144999,51.491958],[-3.145445,51.4916],[-3.14577,51.491338],[-3.146159,51.491028],[-3.146701,51.490591],[-3.147005,51.490345],[-3.147524,51.489918],[-3.148192,51.489357],[-3.148921,51.488732],[-3.149778,51.487977],[-3.150091,51.487699],[-3.150496,51.487337],[-3.150705,51.487156],[-3.150758,51.487109],[-3.150932,51.486954],[-3.151196,51.48672],[-3.15162,51.486344],[-3.152062,51.485949],[-3.152289,51.485755],[-3.152687,51.485413],[-3.152969,51.485172],[-3.153389,51.484826],[-3.153862,51.484429],[-3.154395,51.483997],[-3.154767,51.483689],[-3.155125,51.483423],[-3.155486,51.483159],[-3.155827,51.482924],[-3.156197,51.482682],[-3.156473,51.482513],[-3.156535,51.482475],[-3.156925,51.482242],[-3.157095,51.482145],[-3.157643,51.481847],[-3.158006,51.481663],[-3.158528,51.48141],[-3.158862,51.481258],[-3.159304,51.481053],[-3.159961,51.480755],[-3.160412,51.480544],[-3.160957,51.480295],[-3.161485,51.480057],[-3.162143,51.479767],[-3.162728,51.47953],[-3.163226,51.479348],[-3.163642,51.479214],[-3.163868,51.479139],[-3.164441,51.478962],[-3.165201,51.478734],[-3.165742,51.478587],[-3.166295,51.478439],[-3.166796,51.478312],[-3.167132,51.478224],[-3.167307,51.478182],[-3.167758,51.478073],[-3.168432,51.477914],[-3.168986,51.477789],[-3.16942,51.477691],[-3.1701,51.477541],[-3.170793,51.477385],[-3.170928,51.477352],[-3.171197,51.477281]]},"properties":{"@id":"way/118695864","electrified":"contact_line","frequency":"50","gauge":"1435","maxspeed":"40 mph","name":"South Wales Main Line","name:br":"Linenn Pennañ Su Kembre","name:cy":"Prif Linell De Cymru","operator":"Network Rail","operator:wikidata":"Q1501071","passenger_lines":"4","railway":"rail","railway:track_ref":"Down Relief","ref":"SWM2","usage":"main","voltage":"25000"},"id":"way/118695864"},{"type":"Feature","geometry":{"type":"LineString","coordinates":[[-3.156054,51.482818],[-3.156473,51.482513]]},"properties":{"@id":"way/118695865","electrified":"contact_line","frequency":"50","gauge":"1435","name":"South Wales Main Line","operator":"Network Rail","operator:wikidata":"Q1501071","railway":"rail","service":"crossover","voltage":"25000"},"id":"way/118695865"},{"type":"Feature","geometry":{"type":"LineString","coordinates":[[-3.141645,51.494445],[-3.141446,51.494602],[-3.141115,51.494866],[-3.140781,51.495113],[-3.140758,51.49513],[-3.140376,51.495402],[-3.139931,51.495697],[-3.139371,51.496052],[-3.138843,51.496372],[-3.138427,51.496611],[-3.13789,51.496903],[-3.136972,51.497376],[-3.136807,51.497464],[-3.136629,51.497565],[-3.136471,51.497653]]},"properties":{"@id":"way/118696175","electrified":"contact_line","frequency":"50","gauge":"1435","maxspeed":"15 mph","name":"Pengam Sidings","operator":"Network Rail","operator:wikidata":"Q1501071","railway":"rail","railway:track_ref":"No.3 Up/Down Reception","railway:traffic_mode":"freight","ref":"SWM2","service":"siding","voltage":"25000"},"id":"way/118696175"},{"type":"Feature","geometry":{"type":"LineString","coordinates":[[-3.141645,51.494445],[-3.141803,51.49434],[-3.141948,51.494257],[-3.142065,51.494185]]},"properties":{"@id":"way/118696176","electrified":"contact_line","frequency":"50","gauge":"1435","name":"Pengam Sidings","operator":"Network Rail","operator:wikidata":"Q1501071","railway":"rail","railway:traffic_mode":"freight","ref":"SWM2","service":"yard","voltage":"25000"},"id":"way/118696176"},{"type":"Feature","geometry":{"type":"LineString","coordinates":[[-3.143952,51.492793],[-3.144339,51.492537]]},"properties":{"@id":"way/118696177","electrified":"contact_line","frequency":"50","gauge":"1435","name":"South Wales Main Line","name:br":"Linenn Pennañ Su Kembre","name:cy":"Prif Linell De Cymru","operator":"Network Rail","operator:wikidata":"Q1501071","railway":"rail","service":"crossover","voltage":"25000"},"id":"way/118696177"},{"type":"Feature","geometry":{"type":"LineString","coordinates":[[-3.145972,51.48728],[-3.146015,51.487494],[-3.146073,51.48779],[-3.146135,51.488062],[-3.146178,51.488286],[-3.146214,51.488577],[-3.146218,51.488836],[-3.146199,51.489097],[-3.146163,51.489355],[-3.146108,51.489639],[-3.146039,51.489868],[-3.145912,51.490158],[-3.1457,51.490523],[-3.145512,51.490791],[-3.14533,51.491012],[-3.145181,51.491175],[-3.144924,51.491424],[-3.144885,51.491456],[-3.144736,51.491581],[-3.144484,51.491787],[-3.144236,51.491986],[-3.144051,51.492136],[-3.143857,51.492302],[-3.143644,51.492511],[-3.143432,51.492753],[-3.143262,51.492977],[-3.143223,51.493025],[-3.142987,51.493321],[-3.142806,51.493528],[-3.142567,51.493769],[-3.14242,51.493902]]},"properties":{"@id":"way/118696178","electrified":"no","gauge":"1435","name":"Roath Dock Branch","operator":"Network Rail","operator:wikidata":"Q1501071","railway":"rail","railway:traffic_mode":"freight","ref":"ROC","ref:lor":"GW790","usage":"branch"},"id":"way/118696178"},{"type":"Feature","geometry":{"type":"LineString","coordinates":[[-3.143238,51.493367],[-3.142947,51.493556],[-3.14276,51.49367],[-3.142663,51.493734],[-3.14242,51.493902]]},"properties":{"@id":"way/118696179","electrified":"contact_line","frequency":"50","gauge":"1435","operator":"Network Rail","operator:wikidata":"Q1501071","railway":"rail","railway:traffic_mode":"freight","service":"crossover","voltage":"25000"},"id":"way/118696179"},{"type":"Feature","geometry":{"type":"LineString","coordinates":[[-3.141895,51.494327],[-3.141772,51.494442],[-3.141682,51.494525],[-3.141615,51.494597],[-3.141484,51.494692],[-3.141359,51.494786],[-3.141034,51.495032],[-3.140573,51.495364],[-3.140216,51.495611],[-3.13968,51.495964],[-3.139177,51.496272],[-3.1387,51.496554],[-3.138186,51.496837],[-3.137781,51.497055],[-3.137291,51.497311],[-3.137106,51.49739],[-3.136984,51.497431],[-3.136718,51.497551]]},"properties":{"@id":"way/118696180","electrified":"contact_line","frequency":"50","gauge":"1435","maxspeed":"15 mph","name":"Pengam Sidings","operator":"Network Rail","operator:wikidata":"Q1501071","railway":"rail","railway:track_ref":"No.1 Up/Down Reception","railway:traffic_mode":"freight","ref":"SWM2","usage":"branch","voltage":"25000"},"id":"way/118696180"},{"type":"Feature","geometry":{"type":"LineString","coordinates":[[-3.166841,51.478475],[-3.166403,51.478593],[-3.165903,51.478733],[-3.165299,51.478901],[-3.164881,51.479018],[-3.164406,51.479151],[-3.163976,51.479274],[-3.163741,51.479345],[-3.163259,51.479494],[-3.162713,51.479685],[-3.162067,51.479937],[-3.16118,51.480324],[-3.160428,51.48067],[-3.159743,51.480986],[-3.158769,51.481428],[-3.158,51.481799],[-3.157259,51.482201],[-3.156782,51.48248],[-3.155899,51.483029],[-3.155534,51.48328],[-3.155041,51.483643],[-3.154598,51.484013],[-3.154042,51.484505],[-3.153712,51.48481],[-3.153674,51.484846],[-3.153221,51.485249],[-3.152784,51.485629],[-3.152249,51.486085],[-3.151629,51.486605],[-3.151066,51.487092],[-3.150297,51.487743],[-3.149607,51.488327],[-3.148963,51.488874],[-3.148495,51.489272],[-3.147784,51.489882],[-3.147174,51.490405],[-3.146412,51.491016],[-3.145619,51.49165],[-3.145021,51.492126],[-3.144318,51.492685],[-3.143697,51.493178],[-3.143302,51.493491],[-3.142924,51.493791],[-3.142445,51.494173],[-3.141851,51.494642],[-3.141427,51.494969],[-3.140811,51.495421],[-3.140281,51.495785],[-3.139754,51.496132],[-3.13908,51.496549],[-3.137967,51.497165],[-3.13724,51.497526],[-3.137103,51.497593],[-3.136464,51.497902]]},"properties":{"@id":"way/118696444","electrified":"contact_line","frequency":"50","gauge":"1435","maxspeed":"75 mph","name":"South Wales Main Line","name:br":"Linenn Pennañ Su Kembre","name:cy":"Prif Linell De Cymru","operator":"Network Rail","operator:wikidata":"Q1501071","railway":"rail","railway:track_ref":"Up Main","ref":"SWM2","usage":"main","voltage":"25000"},"id":"way/118696444"},{"type":"Feature","geometry":{"type":"LineString","coordinates":[[-3.135652,51.498015],[-3.136353,51.49771]]},"properties":{"@id":"way/118696453","bridge":"yes","electrified":"contact_line","frequency":"50","gauge":"1435","layer":"1","maxspeed":"15 mph","name":"Pengam Sidings","operator":"Network Rail","operator:wikidata":"Q1501071","railway":"rail","railway:traffic_mode":"freight","ref":"SWM2","usage":"branch","voltage":"25000"},"id":"way/118696453"},{"type":"Feature","geometry":{"type":"LineString","coordinates":[[-3.135751,51.498178],[-3.136212,51.497978],[-3.136447,51.497872]]},"properties":{"@id":"way/118696455","bridge":"yes","electrified":"contact_line","frequency":"50","gauge":"1435","layer":"1","maxspeed":"75 mph","name":"South Wales Main Line","name:br":"Linenn Pennañ Su Kembre","name:cy":"Prif Linell De Cymru","operator":"Network Rail","operator:wikidata":"Q1501071","railway":"rail","railway:track_ref":"Down Main","ref":"SWM2","usage":"main","voltage":"25000"},"id":"way/118696455"},{"type":"Feature","geometry":{"type":"LineString","coordinates":[[-3.137103,51.497593],[-3.136612,51.497791]]},"properties":{"@id":"way/118696456","electrified":"contact_line","frequency":"50","gauge":"1435","maxspeed":"25 mph","operator":"Network Rail","operator:wikidata":"Q1501071","railway":"rail","service":"crossover","voltage":"25000"},"id":"way/118696456"},{"type":"Feature","geometry":{"type":"LineString","coordinates":[[-3.135701,51.498095],[-3.136398,51.497788]]},"properties":{"@id":"way/118696461","bridge":"yes","electrified":"contact_line","frequency":"50","gauge":"1435","layer":"1","maxspeed":"40 mph","name":"South Wales Main Line","name:br":"Linenn Pennañ Su Kembre","name:cy":"Prif Linell De Cymru","operator":"Network Rail","operator:wikidata":"Q1501071","railway":"rail","railway:track_ref":"Down Relief","ref":"SWM2","usage":"main","voltage":"25000"},"id":"way/118696461"},{"type":"Feature","geometry":{"type":"LineString","coordinates":[[-3.006493,51.564231],[-3.006487,51.563768],[-3.00651,51.563041],[-3.006539,51.56255],[-3.006603,51.561987],[-3.006672,51.561555],[-3.006731,51.561269],[-3.00683,51.560805],[-3.006919,51.560525],[-3.007041,51.560118],[-3.007218,51.559582],[-3.007379,51.559079],[-3.007631,51.558262],[-3.007922,51.557398],[-3.008049,51.557019],[-3.008297,51.556308],[-3.008488,51.555835],[-3.008667,51.555456],[-3.008902,51.555016],[-3.009172,51.554585],[-3.009432,51.55421],[-3.009637,51.553944],[-3.009807,51.553733],[-3.010117,51.55338],[-3.010322,51.553166],[-3.01073,51.552766],[-3.011139,51.552408],[-3.011563,51.552069],[-3.012049,51.551717],[-3.012542,51.551387],[-3.01284,51.551207],[-3.013066,51.551075],[-3.013546,51.550812],[-3.014134,51.550511],[-3.014765,51.55021],[-3.015228,51.549997],[-3.015859,51.549703],[-3.016444,51.549434],[-3.017023,51.549164],[-3.017598,51.548899],[-3.01818,51.54863],[-3.018762,51.548361],[-3.019221,51.548148],[-3.020205,51.54769],[-3.021225,51.547221],[-3.021818,51.546944],[-3.023055,51.546371],[-3.024362,51.545745],[-3.025152,51.545375],[-3.026398,51.544796],[-3.027129,51.544467],[-3.027645,51.544237],[-3.028336,51.543927],[-3.029162,51.543565],[-3.029912,51.543221],[-3.030888,51.542775],[-3.031785,51.542357],[-3.033357,51.541633],[-3.034181,51.541248],[-3.034901,51.540914],[-3.035618,51.540581],[-3.036364,51.540222],[-3.03756,51.539668],[-3.038453,51.539258],[-3.039156,51.538927],[-3.039793,51.538632],[-3.040449,51.53833],[-3.041707,51.537745],[-3.042546,51.537358],[-3.043135,51.537088],[-3.044244,51.536568],[-3.045312,51.536076],[-3.046009,51.535761],[-3.047068,51.535273],[-3.048705,51.53452],[-3.050432,51.5337],[-3.051883,51.533035],[-3.053035,51.532499],[-3.054353,51.53189],[-3.055053,51.531566],[-3.055979,51.531139],[-3.056508,51.530903],[-3.057532,51.530423],[-3.058366,51.530033],[-3.058845,51.529807],[-3.059568,51.529472],[-3.06027,51.529154],[-3.060903,51.528865],[-3.062322,51.528217],[-3.063063,51.52788],[-3.06406,51.527416],[-3.064658,51.527143],[-3.065549,51.526736],[-3.067182,51.525985],[-3.067842,51.525673],[-3.068447,51.525355],[-3.069474,51.524883],[-3.071321,51.524022],[-3.073693,51.522922],[-3.075107,51.522269],[-3.077062,51.521356],[-3.07883,51.520542],[-3.080379,51.519821],[-3.082149,51.518999],[-3.083032,51.518591],[-3.084201,51.518044],[-3.085602,51.517394],[-3.086433,51.517014],[-3.087686,51.516433],[-3.089024,51.515812],[-3.090764,51.515006],[-3.091889,51.514485],[-3.093056,51.513939],[-3.094469,51.513284],[-3.095889,51.512625],[-3.097367,51.511938],[-3.098245,51.511529],[-3.098967,51.511192],[-3.100305,51.510573],[-3.101725,51.509916],[-3.103461,51.509108],[-3.104372,51.508686],[-3.105391,51.508214],[-3.106804,51.507581],[-3.107204,51.507419],[-3.107792,51.507198],[-3.108403,51.506987],[-3.108995,51.506793],[-3.109754,51.506553],[-3.110088,51.506449],[-3.111128,51.506122],[-3.111839,51.5059],[-3.112325,51.505744],[-3.113481,51.505382],[-3.114692,51.505],[-3.115765,51.504658],[-3.117671,51.504058],[-3.119978,51.503328],[-3.121297,51.502914],[-3.122464,51.502547],[-3.123741,51.502141],[-3.124969,51.501759],[-3.126117,51.501397],[-3.126816,51.501177]]},"properties":{"@id":"way/118696462","electrified":"contact_line","frequency":"50","gauge":"1435","maxspeed":"95 mph","name":"South Wales Main Line","name:br":"Linenn Pennañ Su Kembre","name:cy":"Prif Linell De Cymru","operator":"Network Rail","operator:wikidata":"Q1501071","passenger_lines":"4","railway":"rail","railway:track_ref":"Down Main","ref":"SWM2","usage":"main","voltage":"25000"},"id":"way/118696462"},{"type":"Feature","geometry":{"type":"LineString","coordinates":[[-3.177263,51.475805],[-3.177442,51.47579],[-3.177602,51.475782],[-3.177733,51.475774],[-3.177879,51.475768],[-3.178853,51.475741]]},"properties":{"@id":"way/118710720","electrified":"contact_line","frequency":"50","gauge":"1435","maxspeed":"15 mph","name":"Line B","operator":"Network Rail","operator:wikidata":"Q1501071","railway":"rail","ref":"SWM2","usage":"main","voltage":"25000"},"id":"way/118710720"},{"type":"Feature","geometry":{"type":"LineString","coordinates":[[-3.187355,51.476025],[-3.187277,51.476017],[-3.186718,51.475961],[-3.186392,51.475938],[-3.185955,51.475903],[-3.185668,51.475882],[-3.184114,51.475762]]},"properties":{"@id":"way/118710722","electrified":"contact_line","frequency":"50","gauge":"1435","maxspeed":"15 mph","name":"South Wales Main Line","name:br":"Linenn Pennañ Su Kembre","name:cy":"Prif Linell De Cymru","name:en":"South Wales Main Line","operator":"Network Rail","operator:wikidata":"Q1501071","railway":"rail","ref":"SWM2","usage":"main","voltage":"25000"},"id":"way/118710722"},{"type":"Feature","geometry":{"type":"LineString","coordinates":[[-3.187348,51.475989],[-3.186796,51.475934],[-3.18644,51.475901],[-3.185752,51.47585],[-3.185176,51.475805],[-3.184976,51.475788]]},"properties":{"@id":"way/118710723","electrified":"contact_line","frequency":"50","gauge":"1435","maxspeed":"30 mph","name":"South Wales Main Line","name:br":"Linenn Pennañ Su Kembre","name:cy":"Prif Linell De Cymru","name:en":"South Wales Main Line","operator":"Network Rail","operator:wikidata":"Q1501071","railway":"rail","ref":"SWM2","usage":"main","voltage":"25000"},"id":"way/118710723"},{"type":"Feature","geometry":{"type":"LineString","coordinates":[[-3.183145,51.475438],[-3.182493,51.475391],[-3.182173,51.475382],[-3.181761,51.475389]]},"properties":{"@id":"way/118710982","bridge":"yes","electrified":"no","gauge":"1435","layer":"1","maxspeed":"15 mph","name":"Up Barry","operator":"Network Rail","operator:wikidata":"Q1501071","passenger_lines":"2","railway":"rail","ref":"SWM2","usage":"branch"},"id":"way/118710982"},{"type":"Feature","geometry":{"type":"LineString","coordinates":[[-3.183154,51.475586],[-3.183567,51.475616],[-3.184153,51.47566]]},"properties":{"@id":"way/118710983","electrified":"contact_line","frequency":"50","gauge":"1435","maxspeed":"30 mph","name":"South Wales Main Line","name:br":"Linenn Pennañ Su Kembre","name:cy":"Prif Linell De Cymru","name:en":"South Wales Main Line","operator":"Network Rail","operator:wikidata":"Q1501071","railway":"rail","ref":"SWM2","usage":"main","voltage":"25000"},"id":"way/118710983"},{"type":"Feature","geometry":{"type":"LineString","coordinates":[[-3.181761,51.475389],[-3.181518,51.475394],[-3.179327,51.475463]]},"properties":{"@id":"way/118710984","electrified":"no","gauge":"1435","maxspeed":"15 mph","name":"Up Barry","operator":"Network Rail","operator:wikidata":"Q1501071","passenger_lines":"2","railway":"rail","ref":"SWM2","usage":"branch"},"id":"way/118710984"},{"type":"Feature","geometry":{"type":"LineString","coordinates":[[-3.183142,51.475406],[-3.183669,51.475478]]},"properties":{"@id":"way/118710985","electrified":"no","gauge":"1435","maxspeed":"15 mph","operator":"Network Rail","operator:wikidata":"Q1501071","railway":"rail","service":"crossover"},"id":"way/118710985"},{"type":"Feature","geometry":{"type":"LineString","coordinates":[[-3.181809,51.475584],[-3.182282,51.475575],[-3.182778,51.475571],[-3.183154,51.475586]]},"properties":{"@id":"way/118710986","bridge":"yes","electrified":"contact_line","frequency":"50","gauge":"1435","layer":"1","maxspeed":"20 mph","name":"South Wales Main Line","name:br":"Linenn Pennañ Su Kembre","name:cy":"Prif Linell De Cymru","name:en":"South Wales Main Line","operator":"Network Rail","operator:wikidata":"Q1501071","railway":"rail","ref":"SWM2","usage":"main","voltage":"25000"},"id":"way/118710986"},{"type":"Feature","geometry":{"type":"LineString","coordinates":[[-3.183152,51.475557],[-3.182773,51.475539],[-3.182275,51.475543],[-3.181801,51.475553]]},"properties":{"@id":"way/118710987","bridge":"yes","electrified":"contact_line","frequency":"50","gauge":"1435","layer":"1","maxspeed":"15 mph","name":"South Wales Main Line","name:br":"Linenn Pennañ Su Kembre","name:cy":"Prif Linell De Cymru","name:en":"South Wales Main Line","operator":"Network Rail","operator:wikidata":"Q1501071","railway":"rail","ref":"SWM2","usage":"main","voltage":"25000"},"id":"way/118710987"},{"type":"Feature","geometry":{"type":"LineString","coordinates":[[-3.181749,51.475338],[-3.182052,51.475344],[-3.182512,51.475349],[-3.182703,51.475358],[-3.182834,51.47537]]},"properties":{"@id":"way/118710988","bridge":"yes","electrified":"no","gauge":"1435","layer":"1","maxspeed":"15 mph","name":"Down Barry","operator":"Network Rail","operator:wikidata":"Q1501071","passenger_lines":"2","railway":"rail","ref":"SWM2","usage":"branch"},"id":"way/118710988"},{"type":"Feature","geometry":{"type":"LineString","coordinates":[[-3.186313,51.475711],[-3.185925,51.475683],[-3.185436,51.475646],[-3.18455,51.475578]]},"properties":{"@id":"way/118710989","electrified":"contact_line","frequency":"50","gauge":"1435","maxspeed":"15 mph","name":"Up Barry Relief","operator":"Network Rail","operator:wikidata":"Q1501071","railway":"rail","ref":"BRY","usage":"branch","voltage":"25000"},"id":"way/118710989"},{"type":"Feature","geometry":{"type":"LineString","coordinates":[[-3.183141,51.475393],[-3.185114,51.475545],[-3.185406,51.475561],[-3.185721,51.475567],[-3.18601,51.475581]]},"properties":{"@id":"way/118710991","electrified":"no","gauge":"1435","maxspeed":"15 mph","name":"Down Barry","operator":"Network Rail","operator:wikidata":"Q1501071","passenger_lines":"2","railway":"rail","ref":"SWM2","usage":"branch"},"id":"way/118710991"},{"type":"Feature","geometry":{"type":"LineString","coordinates":[[-3.183156,51.475627],[-3.182788,51.475612],[-3.182466,51.475609],[-3.181818,51.475624]]},"properties":{"@id":"way/118710992","bridge":"yes","electrified":"contact_line","frequency":"50","gauge":"1435","layer":"1","maxspeed":"30 mph","name":"South Wales Main Line","name:br":"Linenn Pennañ Su Kembre","name:cy":"Prif Linell De Cymru","name:en":"South Wales Main Line","operator":"Network Rail","operator:wikidata":"Q1501071","railway":"rail","ref":"SWM2","usage":"main","voltage":"25000"},"id":"way/118710992"},{"type":"Feature","geometry":{"type":"LineString","coordinates":[[-3.187342,51.475958],[-3.186849,51.475906],[-3.186357,51.475866],[-3.185987,51.475835],[-3.183982,51.475686],[-3.183701,51.475662],[-3.183277,51.475633],[-3.183156,51.475627]]},"properties":{"@id":"way/118710993","electrified":"contact_line","frequency":"50","gauge":"1435","maxspeed":"30 mph","name":"South Wales Main Line","name:br":"Linenn Pennañ Su Kembre","name:cy":"Prif Linell De Cymru","name:en":"South Wales Main Line","operator":"Network Rail","operator:wikidata":"Q1501071","railway":"rail","ref":"SWM2","usage":"main","voltage":"25000"},"id":"way/118710993"},{"type":"Feature","geometry":{"type":"LineString","coordinates":[[-3.17886,51.475641],[-3.181801,51.475553]]},"properties":{"@id":"way/118710994","electrified":"contact_line","frequency":"50","gauge":"1435","maxspeed":"15 mph","name":"Line E","operator":"Network Rail","operator:wikidata":"Q1501071","railway":"rail","ref":"SWM2","usage":"main","voltage":"25000"},"id":"way/118710994"},{"type":"Feature","geometry":{"type":"LineString","coordinates":[[-3.097203,51.511738],[-3.096837,51.511867],[-3.096561,51.511989],[-3.09627,51.51213],[-3.09556,51.512463],[-3.094414,51.512995],[-3.093286,51.513523],[-3.092262,51.514],[-3.091239,51.514476],[-3.090272,51.514928],[-3.090122,51.515005],[-3.089718,51.515239],[-3.089438,51.515402],[-3.089036,51.515629]]},"properties":{"@id":"way/118717579","name":"Wentloog Freight Terminal","railway":"rail","service":"siding"},"id":"way/118717579"},{"type":"Feature","geometry":{"type":"LineString","coordinates":[[-3.096837,51.511867],[-3.096559,51.511963],[-3.096355,51.512049],[-3.095995,51.512216],[-3.095087,51.512644],[-3.094136,51.513087],[-3.09333,51.513458],[-3.092319,51.513936],[-3.091275,51.514417],[-3.090557,51.514757],[-3.090186,51.514931],[-3.090074,51.514995],[-3.089938,51.515082],[-3.089718,51.515239]]},"properties":{"@id":"way/118717580","name":"Wentloog Freight Terminal","railway":"rail","service":"siding"},"id":"way/118717580"},{"type":"Feature","geometry":{"type":"LineString","coordinates":[[-3.005889,51.579997],[-3.006064,51.57969],[-3.00619,51.579472],[-3.006496,51.578938],[-3.006917,51.578208],[-3.007288,51.57757],[-3.007583,51.577025],[-3.007849,51.576407],[-3.00791,51.576259],[-3.007969,51.576066],[-3.008052,51.575651],[-3.008068,51.575515],[-3.008081,51.575058],[-3.008081,51.574701],[-3.008033,51.574204],[-3.007972,51.573706],[-3.00787,51.573098],[-3.007749,51.572462],[-3.007561,51.571429],[-3.007379,51.57054],[-3.007266,51.569968],[-3.007079,51.569005],[-3.006945,51.568357],[-3.006909,51.568192],[-3.00687,51.568013],[-3.006716,51.567161],[-3.00663,51.56667]]},"properties":{"@id":"way/118717581","electrified":"contact_line","frequency":"50","gauge":"1435","maxspeed":"40 mph","name":"South Wales Main Line","name:br":"Linenn Pennañ Su Kembre","name:cy":"Prif Linell De Cymru","operator":"Network Rail","operator:wikidata":"Q1501071","railway":"rail","railway:track_ref":"DR","ref":"SWM2","usage":"main","voltage":"25000"},"id":"way/118717581"},{"type":"Feature","geometry":{"type":"LineString","coordinates":[[-3.136464,51.497902],[-3.13577,51.49821]]},"properties":{"@id":"way/118717583","bridge":"yes","electrified":"contact_line","frequency":"50","gauge":"1435","layer":"1","maxspeed":"75 mph","name":"South Wales Main Line","name:br":"Linenn Pennañ Su Kembre","name:cy":"Prif Linell De Cymru","operator":"Network Rail","operator:wikidata":"Q1501071","railway":"rail","railway:track_ref":"Up Main","ref":"SWM2","usage":"main","voltage":"25000"},"id":"way/118717583"},{"type":"Feature","geometry":{"type":"LineString","coordinates":[[-3.087812,51.516196],[-3.087561,51.516298],[-3.087323,51.516382],[-3.087055,51.516491],[-3.086584,51.516705],[-3.086262,51.516872],[-3.085892,51.517074]]},"properties":{"@id":"way/118717584","railway":"rail","service":"spur"},"id":"way/118717584"},{"type":"Feature","geometry":{"type":"LineString","coordinates":[[-3.131981,51.499498],[-3.131617,51.499643],[-3.131383,51.499738]]},"properties":{"@id":"way/118717585","electrified":"contact_line","frequency":"50","gauge":"1435","maxspeed":"25 mph","name":"South Wales Main Line","name:br":"Linenn Pennañ Su Kembre","name:cy":"Prif Linell De Cymru","operator":"Network Rail","operator:wikidata":"Q1501071","passenger_lines":"4","railway":"rail","ref":"SWM2","service":"crossover","source":"npe","tracks":"4","voltage":"25000"},"id":"way/118717585"},{"type":"Feature","geometry":{"type":"LineString","coordinates":[[-3.133094,51.499099],[-3.132883,51.499181],[-3.132762,51.499233],[-3.132613,51.499292]]},"properties":{"@id":"way/118717586","electrified":"contact_line","frequency":"50","gauge":"1435","maxspeed":"25 mph","operator":"Network Rail","operator:wikidata":"Q1501071","railway":"rail","service":"crossover","voltage":"25000"},"id":"way/118717586"},{"type":"Feature","geometry":{"type":"LineString","coordinates":[[-3.134409,51.498634],[-3.134542,51.498569],[-3.134641,51.498519],[-3.13477,51.498452],[-3.134916,51.498375],[-3.13517,51.498247],[-3.135447,51.498113],[-3.135652,51.498015]]},"properties":{"@id":"way/118717587","electrified":"contact_line","frequency":"50","gauge":"1435","maxspeed":"15 mph","name":"Pengam Sidings","operator":"Network Rail","operator:wikidata":"Q1501071","railway":"rail","railway:traffic_mode":"freight","ref":"SWM2","usage":"branch","voltage":"25000"},"id":"way/118717587"},{"type":"Feature","geometry":{"type":"LineString","coordinates":[[-3.097514,51.511628],[-3.097203,51.511738],[-3.097005,51.511827],[-3.096445,51.512088],[-3.095493,51.512528],[-3.094298,51.513087],[-3.092291,51.514025],[-3.09135,51.514464],[-3.090247,51.514982],[-3.090161,51.515027],[-3.089925,51.515159],[-3.08951,51.515409]]},"properties":{"@id":"way/118717588","name":"Wentloog Freight Terminal","railway":"rail","service":"siding"},"id":"way/118717588"},{"type":"Feature","geometry":{"type":"LineString","coordinates":[[-3.085564,51.51733],[-3.085113,51.517572]]},"properties":{"@id":"way/118717590","electrified":"contact_line","frequency":"50","gauge":"1435","maxspeed":"20 mph","name":"South Wales Main Line","operator":"Network Rail","operator:wikidata":"Q1501071","railway":"rail","ref":"SWM2","service":"crossover","voltage":"25000"},"id":"way/118717590"},{"type":"Feature","geometry":{"type":"LineString","coordinates":[[-3.140865,51.47508],[-3.140889,51.475226],[-3.140913,51.475328],[-3.140984,51.475491],[-3.141037,51.475593],[-3.141159,51.475797],[-3.141251,51.475934],[-3.14134,51.476041],[-3.141474,51.47619],[-3.141762,51.476506],[-3.142165,51.476946],[-3.142552,51.477371],[-3.142977,51.477836],[-3.143395,51.478299],[-3.143683,51.47861],[-3.144027,51.478993],[-3.144288,51.479292],[-3.144376,51.479402],[-3.144458,51.479515],[-3.144554,51.479663],[-3.144683,51.479873],[-3.144764,51.479995],[-3.144826,51.480106],[-3.14489,51.48026],[-3.144936,51.480469],[-3.144959,51.480624],[-3.144972,51.480705],[-3.144988,51.480775],[-3.145021,51.480908]]},"properties":{"@id":"way/118722993","electrified":"no","gauge":"1435","name":"Tidal Sidings","railway":"rail","railway:traffic_mode":"freight","ref":"DOK","service":"yard"},"id":"way/118722993"},{"type":"Feature","geometry":{"type":"LineString","coordinates":[[-3.141108,51.474634],[-3.141255,51.474955],[-3.141331,51.475089],[-3.141395,51.475189],[-3.14158,51.475404],[-3.141892,51.475746],[-3.142156,51.476033],[-3.142438,51.476344],[-3.142804,51.476742],[-3.143022,51.476992],[-3.143183,51.4772],[-3.143383,51.477486],[-3.143469,51.477592],[-3.143662,51.477774],[-3.143745,51.477855],[-3.143923,51.47801],[-3.144182,51.478189],[-3.144402,51.478349]]},"properties":{"@id":"way/118722994","electrified":"no","gauge":"1435","local_ref":"17","railway":"rail","railway:traffic_mode":"freight","service":"yard","usage":"industrial"},"id":"way/118722994"},{"type":"Feature","geometry":{"type":"LineString","coordinates":[[-3.144447,51.48023],[-3.144624,51.480431],[-3.144805,51.480668]]},"properties":{"@id":"way/118722995","electrified":"no","gauge":"1435","name":"Tidal Sidings","railway":"rail","railway:traffic_mode":"freight","ref":"DOK","service":"yard"},"id":"way/118722995"},{"type":"Feature","geometry":{"type":"LineString","coordinates":[[-3.143961,51.478572],[-3.144219,51.478861],[-3.144628,51.479307],[-3.144689,51.479386],[-3.144737,51.479467],[-3.144774,51.479569],[-3.144799,51.479707],[-3.144817,51.47985],[-3.144861,51.48007],[-3.14489,51.48026]]},"properties":{"@id":"way/118722996","electrified":"no","gauge":"1435","name":"Tidal Sidings","railway":"rail","railway:traffic_mode":"freight","ref":"DOK","service":"yard"},"id":"way/118722996"},{"type":"Feature","geometry":{"type":"LineString","coordinates":[[-3.14104,51.474449],[-3.141074,51.474629],[-3.141124,51.474787],[-3.14119,51.474947],[-3.141269,51.475087],[-3.141347,51.475199],[-3.141515,51.475391],[-3.141848,51.475761],[-3.142107,51.476045],[-3.142415,51.47638],[-3.142759,51.476756],[-3.142892,51.476908],[-3.142989,51.477019],[-3.143108,51.47717],[-3.143281,51.477402],[-3.143367,51.477497],[-3.143469,51.477592]]},"properties":{"@id":"way/118722997","electrified":"no","gauge":"1435","local_ref":"18","railway":"rail","railway:traffic_mode":"freight","service":"yard","usage":"industrial"},"id":"way/118722997"},{"type":"Feature","geometry":{"type":"LineString","coordinates":[[-3.141114,51.473743],[-3.141046,51.473974],[-3.141024,51.47407],[-3.141013,51.474177],[-3.141012,51.474231],[-3.141019,51.474333],[-3.14104,51.474449],[-3.141108,51.474634],[-3.14122,51.474816],[-3.141336,51.475007],[-3.141433,51.475152],[-3.141526,51.475275],[-3.141664,51.475434],[-3.141935,51.475731],[-3.142215,51.476043],[-3.142576,51.476432],[-3.14289,51.476777],[-3.143063,51.476978],[-3.14317,51.47711],[-3.143263,51.477243],[-3.143398,51.477429],[-3.143499,51.477558],[-3.143639,51.477699],[-3.143933,51.477943],[-3.144182,51.478162],[-3.144402,51.478349],[-3.144496,51.47843],[-3.144586,51.478534],[-3.144706,51.478702],[-3.144769,51.478814],[-3.144819,51.47892],[-3.144862,51.479113],[-3.144928,51.479466],[-3.145,51.479864],[-3.145069,51.480249],[-3.145095,51.480518],[-3.145099,51.480556],[-3.145112,51.480713],[-3.14511,51.480948],[-3.14511,51.481166],[-3.145107,51.481298],[-3.145113,51.481436],[-3.14512,51.481498],[-3.145141,51.481619]]},"properties":{"@id":"way/118722998","electrified":"no","gauge":"1435","local_ref":"16","name":"Roath Branch","railway":"rail","railway:traffic_mode":"freight","ref":"ROA","ref:lor":"GW790","usage":"branch"},"id":"way/118722998"},{"type":"Feature","geometry":{"type":"LineString","coordinates":[[-3.141206,51.476297],[-3.141317,51.476559],[-3.141393,51.476741],[-3.14144,51.476866],[-3.141494,51.476994],[-3.141558,51.477099],[-3.141646,51.477214],[-3.141848,51.477444],[-3.142184,51.477805],[-3.142482,51.478131],[-3.142954,51.478646],[-3.14341,51.479152],[-3.143749,51.479521],[-3.143983,51.479783],[-3.144182,51.480003],[-3.144411,51.480259],[-3.144653,51.48052],[-3.144778,51.480641],[-3.144805,51.480668],[-3.144871,51.480758],[-3.144902,51.480812],[-3.144944,51.480874],[-3.144977,51.480941],[-3.14502,51.481037],[-3.145056,51.481171],[-3.145113,51.481436]]},"properties":{"@id":"way/118722999","electrified":"no","gauge":"1435","name":"Tidal Sidings","railway":"rail","railway:traffic_mode":"freight","ref":"DOK","service":"yard"},"id":"way/118722999"},{"type":"Feature","geometry":{"type":"LineString","coordinates":[[-3.141206,51.476297],[-3.141412,51.47661],[-3.141515,51.476762],[-3.141642,51.476901],[-3.141876,51.477151],[-3.142086,51.477386],[-3.14228,51.477598],[-3.142574,51.477921],[-3.142904,51.478283],[-3.143145,51.478551],[-3.143423,51.478855],[-3.143825,51.479295],[-3.144063,51.479557],[-3.144372,51.479898],[-3.144527,51.480108],[-3.144598,51.480225],[-3.144703,51.480383]]},"properties":{"@id":"way/118723000","electrified":"no","gauge":"1435","name":"Tidal Sidings","railway":"rail","railway:traffic_mode":"freight","ref":"DOK","service":"yard"},"id":"way/118723000"},{"type":"Feature","geometry":{"type":"LineString","coordinates":[[-3.145088,51.481623],[-3.145117,51.481777]]},"properties":{"@id":"way/118723001","bridge":"yes","electrified":"no","gauge":"1435","layer":"1","name":"Tidal Sidings","railway":"rail","railway:traffic_mode":"freight","service":"yard"},"id":"way/118723001"},{"type":"Feature","geometry":{"type":"LineString","coordinates":[[-3.145907,51.486024],[-3.145929,51.486138]]},"properties":{"@id":"way/118723002","bridge":"yes","electrified":"no","gauge":"1435","layer":"1","name":"Roath Branch","operator":"Network Rail","operator:wikidata":"Q1501071","railway":"rail","railway:traffic_mode":"freight","ref":"ROA","ref:lor":"GW790","usage":"branch"},"id":"way/118723002"},{"type":"Feature","geometry":{"type":"LineString","coordinates":[[-3.145117,51.481777],[-3.145145,51.481896],[-3.145197,51.482052],[-3.145254,51.482224]]},"properties":{"@id":"way/118723004","electrified":"no","gauge":"1435","maxspeed":"15 mph","name":"Tidal Sidings","railway":"rail","railway:traffic_mode":"freight","service":"yard"},"id":"way/118723004"},{"type":"Feature","geometry":{"type":"LineString","coordinates":[[-3.140816,51.474826],[-3.140814,51.475016],[-3.14081,51.475192],[-3.140811,51.475305],[-3.140825,51.475388],[-3.140846,51.475484],[-3.140895,51.475593],[-3.140969,51.475744],[-3.141064,51.475909],[-3.141127,51.476013],[-3.141212,51.476145],[-3.141286,51.476261],[-3.141455,51.476435],[-3.141614,51.476609],[-3.141848,51.47687],[-3.142119,51.477165],[-3.142393,51.477466],[-3.142695,51.4778],[-3.143058,51.4782],[-3.143538,51.478725],[-3.14397,51.479199],[-3.144147,51.479399],[-3.144267,51.479547],[-3.144342,51.479658],[-3.144396,51.479747],[-3.144526,51.479951],[-3.144694,51.480174],[-3.144797,51.480297],[-3.144874,51.480419],[-3.144959,51.480624]]},"properties":{"@id":"way/118723005","electrified":"no","gauge":"1435","name":"Tidal Sidings","railway":"rail","railway:traffic_mode":"freight","ref":"DOK","service":"yard"},"id":"way/118723005"},{"type":"Feature","geometry":{"type":"LineString","coordinates":[[-3.141323,51.47577],[-3.141448,51.475908],[-3.142143,51.476673],[-3.142736,51.477319],[-3.143167,51.477795],[-3.143484,51.478147],[-3.143936,51.478641],[-3.144309,51.479054],[-3.144593,51.479369],[-3.144656,51.479451],[-3.144699,51.479532],[-3.14475,51.479649],[-3.144817,51.47985]]},"properties":{"@id":"way/118723006","electrified":"no","gauge":"1435","name":"Tidal Sidings","railway":"rail","railway:traffic_mode":"freight","ref":"DOK","service":"yard"},"id":"way/118723006"},{"type":"Feature","geometry":{"type":"LineString","coordinates":[[-3.145301,51.482482],[-3.145316,51.482759],[-3.145317,51.482836],[-3.14532,51.482888],[-3.145366,51.48315],[-3.145447,51.483558],[-3.145511,51.483925],[-3.145607,51.484433],[-3.145659,51.484729],[-3.14573,51.485115],[-3.145787,51.485418],[-3.145848,51.485728],[-3.145907,51.486024]]},"properties":{"@id":"way/118723007","electrified":"no","gauge":"1435","maxspeed":"15 mph","name":"Roath Branch","operator":"Network Rail","operator:wikidata":"Q1501071","railway":"rail","railway:traffic_mode":"freight","ref":"ROA","ref:lor":"GW790","usage":"branch"},"id":"way/118723007"},{"type":"Feature","geometry":{"type":"LineString","coordinates":[[-3.141046,51.473974],[-3.141003,51.474112],[-3.140966,51.47425],[-3.140944,51.474378],[-3.140935,51.474481],[-3.140939,51.474566],[-3.140953,51.474674],[-3.140967,51.474733],[-3.140997,51.47482],[-3.141033,51.474906],[-3.141094,51.475024],[-3.141185,51.475184],[-3.141267,51.475327],[-3.141337,51.475429],[-3.141394,51.475507],[-3.141641,51.475793],[-3.141912,51.476083],[-3.142236,51.476441],[-3.142517,51.476747],[-3.142721,51.476971],[-3.142984,51.477261],[-3.14312,51.477414],[-3.143244,51.477535],[-3.143385,51.477672],[-3.143407,51.477691],[-3.143555,51.477819],[-3.143699,51.47792],[-3.143877,51.478029],[-3.144182,51.478189]]},"properties":{"@id":"way/118723008","electrified":"no","gauge":"1435","local_ref":"22","railway":"rail","railway:traffic_mode":"freight","service":"yard","usage":"industrial"},"id":"way/118723008"},{"type":"Feature","geometry":{"type":"LineString","coordinates":[[-3.140997,51.47482],[-3.141035,51.474993],[-3.141058,51.475073],[-3.141094,51.47518],[-3.14116,51.475304],[-3.141323,51.475511],[-3.141449,51.475651],[-3.14159,51.475805],[-3.141851,51.476107],[-3.14217,51.476464],[-3.14233,51.476644],[-3.142649,51.477008],[-3.14309,51.477505],[-3.143181,51.477596],[-3.143265,51.477668],[-3.143381,51.477754],[-3.143399,51.477767],[-3.143507,51.477839],[-3.143668,51.477923],[-3.143877,51.478029]]},"properties":{"@id":"way/118723011","electrified":"no","gauge":"1435","railway":"rail","railway:traffic_mode":"freight","service":"yard","usage":"industrial"},"id":"way/118723011"},{"type":"Feature","geometry":{"type":"LineString","coordinates":[[-3.141393,51.476741],[-3.141462,51.476857],[-3.14154,51.476975],[-3.141618,51.477098],[-3.14167,51.47717],[-3.141727,51.477242],[-3.141916,51.477449],[-3.142315,51.477888],[-3.142529,51.478122],[-3.143004,51.478639],[-3.143457,51.479146],[-3.143802,51.479521],[-3.14402,51.479759],[-3.144228,51.479991],[-3.144447,51.48023]]},"properties":{"@id":"way/118723274","electrified":"no","gauge":"1435","name":"Tidal Sidings","railway":"rail","railway:traffic_mode":"freight","ref":"DOK","service":"yard"},"id":"way/118723274"},{"type":"Feature","geometry":{"type":"LineString","coordinates":[[-3.140913,51.475328],[-3.140942,51.475489],[-3.14097,51.475602],[-3.141005,51.47569],[-3.141068,51.475811],[-3.14114,51.475923],[-3.14124,51.476051],[-3.141401,51.476232],[-3.141649,51.4765],[-3.141727,51.476585],[-3.142087,51.47698],[-3.142468,51.4774],[-3.142913,51.477892],[-3.143311,51.478332],[-3.143585,51.478632],[-3.143936,51.479016],[-3.14427,51.479394],[-3.144491,51.479648],[-3.144683,51.479873]]},"properties":{"@id":"way/118723275","electrified":"no","gauge":"1435","name":"Tidal Sidings","railway":"rail","railway:traffic_mode":"freight","ref":"DOK","service":"yard"},"id":"way/118723275"},{"type":"Feature","geometry":{"type":"LineString","coordinates":[[-3.144526,51.479951],[-3.144297,51.479691],[-3.14418,51.479562],[-3.143875,51.479219],[-3.143446,51.478746],[-3.142993,51.478251],[-3.142597,51.477814],[-3.142281,51.477472],[-3.142016,51.47718],[-3.141753,51.476894],[-3.141543,51.476655],[-3.14147,51.476552],[-3.141366,51.476388],[-3.141286,51.476261]]},"properties":{"@id":"way/118723276","electrified":"no","gauge":"1435","name":"Tidal Sidings","railway":"rail","railway:traffic_mode":"freight","service":"yard"},"id":"way/118723276"},{"type":"Feature","geometry":{"type":"LineString","coordinates":[[-3.141366,51.476388],[-3.141464,51.476513],[-3.1416,51.476652],[-3.141799,51.476883],[-3.142057,51.477164],[-3.142341,51.477472],[-3.142636,51.477795],[-3.143041,51.478241],[-3.1435,51.478751],[-3.143916,51.479209],[-3.144238,51.479561],[-3.144292,51.47962],[-3.144396,51.479747]]},"properties":{"@id":"way/118723278","electrified":"no","gauge":"1435","railway":"rail","railway:traffic_mode":"freight","service":"yard","usage":"industrial"},"id":"way/118723278"},{"type":"Feature","geometry":{"type":"LineString","coordinates":[[-3.139172,51.477329],[-3.139546,51.477652],[-3.139723,51.477817]]},"properties":{"@id":"way/118725934","electrified":"no","gauge":"1435","railway":"rail","railway:traffic_mode":"freight","service":"spur","usage":"industrial"},"id":"way/118725934"},{"type":"Feature","geometry":{"type":"LineString","coordinates":[[-3.142342,51.472045],[-3.142217,51.472232],[-3.142054,51.472478],[-3.141986,51.472624],[-3.141938,51.472724],[-3.141815,51.472912],[-3.141681,51.473117],[-3.141623,51.473234],[-3.141587,51.473336],[-3.14155,51.47349],[-3.141495,51.473825],[-3.141424,51.474191],[-3.141411,51.474312],[-3.14141,51.47441],[-3.141428,51.474533],[-3.141499,51.474788],[-3.141516,51.474892],[-3.141559,51.475008],[-3.141658,51.475219]]},"properties":{"@id":"way/118725952","electrified":"no","gauge":"1435","railway":"rail","railway:traffic_mode":"freight","ref":"DOK","service":"yard"},"id":"way/118725952"},{"type":"Feature","geometry":{"type":"LineString","coordinates":[[-3.138874,51.4801],[-3.138976,51.480034],[-3.139198,51.479896],[-3.139366,51.47979],[-3.13947,51.479733],[-3.139551,51.4797],[-3.139609,51.479679],[-3.139698,51.479648],[-3.139838,51.479617],[-3.140068,51.479577],[-3.140609,51.479488],[-3.140958,51.47943],[-3.141286,51.47937],[-3.141457,51.479353],[-3.141582,51.479344],[-3.141679,51.479341],[-3.141813,51.479337],[-3.141975,51.479342],[-3.142121,51.479347],[-3.142371,51.479363],[-3.142497,51.479372],[-3.142787,51.479401],[-3.143007,51.47942],[-3.143127,51.479435],[-3.143215,51.47945],[-3.143307,51.479471],[-3.143422,51.479508],[-3.143533,51.479552],[-3.14361,51.47959],[-3.143684,51.479632],[-3.14376,51.479683],[-3.143883,51.479787]]},"properties":{"@id":"way/118725955","electrified":"no","gauge":"1435","railway":"rail","railway:traffic_mode":"freight","service":"spur","usage":"industrial"},"id":"way/118725955"},{"type":"Feature","geometry":{"type":"LineString","coordinates":[[-3.142951,51.478901],[-3.142864,51.478806],[-3.142619,51.478527],[-3.142318,51.478196],[-3.142003,51.477844],[-3.141642,51.477443],[-3.141394,51.477171]]},"properties":{"@id":"way/118725960","electrified":"no","gauge":"1435","name":"Exchange Siding","railway":"rail","railway:traffic_mode":"freight","service":"yard"},"id":"way/118725960"},{"type":"Feature","geometry":{"type":"LineString","coordinates":[[-3.140816,51.476658],[-3.140969,51.476798],[-3.14105,51.476886],[-3.141106,51.476958],[-3.141195,51.477071],[-3.141284,51.477163],[-3.141355,51.477231],[-3.141462,51.477323],[-3.141507,51.477357]]},"properties":{"@id":"way/118725965","electrified":"no","gauge":"1435","railway":"rail","railway:traffic_mode":"freight","service":"spur","usage":"industrial"},"id":"way/118725965"},{"type":"Feature","geometry":{"type":"LineString","coordinates":[[-3.141516,51.474892],[-3.141466,51.47479],[-3.141397,51.47462],[-3.141377,51.474526],[-3.141361,51.474345],[-3.141377,51.474174],[-3.141445,51.473807],[-3.141502,51.473479],[-3.141526,51.47337],[-3.141564,51.47325],[-3.141603,51.47317],[-3.141665,51.473055],[-3.141767,51.472903],[-3.141879,51.472739],[-3.141957,51.472616],[-3.142054,51.472478]]},"properties":{"@id":"way/118725968","electrified":"no","gauge":"1435","railway":"rail","railway:traffic_mode":"freight","ref":"DOK","service":"yard"},"id":"way/118725968"},{"type":"Feature","geometry":{"type":"LineString","coordinates":[[-3.145088,51.481623],[-3.145055,51.48144],[-3.144972,51.481153],[-3.144942,51.481017],[-3.144893,51.480933],[-3.144828,51.480838],[-3.144794,51.480795],[-3.144705,51.480691],[-3.144542,51.480513],[-3.14433,51.480279],[-3.144176,51.480111],[-3.14396,51.47987],[-3.143883,51.479787],[-3.14385,51.479745],[-3.143779,51.479666],[-3.143684,51.479567],[-3.143614,51.479497],[-3.143512,51.47941],[-3.143432,51.479342],[-3.143387,51.479303],[-3.143277,51.479184],[-3.143068,51.478953],[-3.142808,51.478658],[-3.142377,51.478182],[-3.142061,51.477837],[-3.141716,51.477462],[-3.141463,51.477184],[-3.141415,51.477122],[-3.141353,51.477044],[-3.141276,51.476932],[-3.141214,51.476843],[-3.141118,51.476659],[-3.141048,51.476513],[-3.140932,51.476273],[-3.140867,51.476154],[-3.140821,51.476083],[-3.140754,51.47599],[-3.140695,51.475913],[-3.140639,51.475803],[-3.1406,51.475703],[-3.140571,51.475608],[-3.140546,51.475489],[-3.140529,51.475366],[-3.140513,51.475259],[-3.140496,51.47512],[-3.140487,51.475029],[-3.140485,51.474922],[-3.140499,51.474811],[-3.140536,51.47466],[-3.140556,51.474609]]},"properties":{"@id":"way/118725969","electrified":"no","gauge":"1435","name":"Exchange Siding","railway":"rail","railway:traffic_mode":"freight","ref":"DOK","service":"yard"},"id":"way/118725969"},{"type":"Feature","geometry":{"type":"LineString","coordinates":[[-3.140855,51.476641],[-3.141026,51.476793],[-3.141097,51.476866],[-3.141142,51.476917],[-3.141226,51.477025],[-3.141261,51.477062]]},"properties":{"@id":"way/118725972","electrified":"no","gauge":"1435","railway":"rail","railway:traffic_mode":"freight","service":"spur","usage":"industrial"},"id":"way/118725972"},{"type":"Feature","geometry":{"type":"LineString","coordinates":[[-3.140695,51.475913],[-3.140783,51.476084],[-3.140839,51.476204],[-3.140959,51.476452],[-3.141052,51.476634],[-3.141146,51.47683],[-3.141233,51.476997],[-3.141261,51.477062],[-3.141299,51.47712],[-3.141367,51.477201],[-3.141507,51.477357],[-3.141584,51.477442],[-3.14196,51.477853],[-3.142276,51.478209],[-3.142573,51.47854],[-3.142734,51.478715],[-3.142839,51.478815],[-3.142951,51.478901],[-3.143145,51.479061],[-3.143277,51.479184]]},"properties":{"@id":"way/118725976","electrified":"no","gauge":"1435","name":"Exchange Siding","railway":"rail","railway:traffic_mode":"freight","service":"yard"},"id":"way/118725976"},{"type":"Feature","geometry":{"type":"LineString","coordinates":[[-3.138276,51.480353],[-3.138627,51.480135],[-3.138906,51.479964],[-3.139016,51.479911],[-3.139235,51.479804],[-3.139378,51.479734],[-3.139514,51.479673],[-3.139649,51.479625],[-3.139803,51.479584],[-3.139934,51.479555],[-3.140125,51.479524],[-3.140399,51.479484],[-3.140581,51.479456],[-3.140941,51.479403],[-3.141132,51.479381],[-3.141286,51.47937]]},"properties":{"@id":"way/118725979","electrified":"no","gauge":"1435","railway":"rail","railway:traffic_mode":"freight","service":"spur","usage":"industrial"},"id":"way/118725979"},{"type":"Feature","geometry":{"type":"LineString","coordinates":[[-3.142121,51.479347],[-3.141933,51.479323],[-3.141817,51.479306],[-3.141691,51.479285],[-3.141565,51.479254],[-3.141466,51.479225],[-3.141355,51.479185],[-3.141258,51.479145],[-3.141172,51.479102],[-3.141089,51.479054],[-3.140996,51.478991],[-3.140909,51.478915],[-3.140865,51.47887],[-3.1408,51.478792],[-3.14072,51.47869],[-3.140679,51.478641],[-3.140626,51.478579],[-3.140568,51.478518],[-3.140283,51.478265],[-3.140091,51.478093],[-3.140009,51.47803],[-3.139887,51.47794],[-3.139723,51.477817],[-3.139479,51.477642],[-3.13941,51.477588],[-3.139357,51.477548],[-3.139301,51.4775],[-3.139126,51.477352]]},"properties":{"@id":"way/118725984","electrified":"no","gauge":"1435","railway":"rail","railway:traffic_mode":"freight","service":"spur","usage":"industrial"},"id":"way/118725984"},{"type":"Feature","geometry":{"type":"LineString","coordinates":[[-3.138235,51.480327],[-3.138458,51.480196],[-3.138557,51.480135],[-3.138722,51.480053],[-3.138906,51.479964]]},"properties":{"@id":"way/118725987","gauge":"1435","railway":"rail","service":"spur","usage":"industrial"},"id":"way/118725987"},{"type":"Feature","geometry":{"type":"LineString","coordinates":[[-3.140776,51.476675],[-3.141195,51.477071]]},"properties":{"@id":"way/118725988","electrified":"no","gauge":"1435","railway":"rail","railway:traffic_mode":"freight","service":"spur","usage":"industrial"},"id":"way/118725988"},{"type":"Feature","geometry":{"type":"LineString","coordinates":[[-3.149518,51.464974],[-3.149404,51.465064],[-3.149317,51.465128],[-3.149168,51.465239],[-3.149113,51.465279],[-3.149017,51.465346],[-3.148926,51.465398],[-3.148638,51.465542],[-3.148316,51.46571],[-3.148151,51.465798],[-3.147606,51.466085],[-3.147342,51.466208],[-3.147166,51.466284],[-3.14682,51.466426],[-3.146537,51.466546],[-3.146278,51.466671],[-3.145858,51.466892],[-3.14577,51.466937],[-3.145701,51.466974],[-3.145462,51.4671],[-3.145082,51.467294],[-3.144769,51.467459],[-3.144416,51.467645],[-3.144172,51.467782],[-3.144045,51.46786],[-3.144015,51.467881],[-3.14388,51.467976],[-3.143713,51.468118],[-3.143592,51.468235],[-3.143537,51.468295],[-3.143462,51.468383],[-3.143364,51.468525],[-3.143325,51.468586],[-3.143272,51.468687],[-3.14322,51.468799],[-3.143183,51.468891],[-3.143153,51.468981],[-3.143137,51.469061],[-3.143121,51.4692],[-3.143106,51.469382],[-3.143102,51.46956],[-3.143129,51.470042],[-3.143126,51.470236],[-3.143117,51.470313],[-3.143095,51.47043],[-3.14303,51.470647],[-3.142951,51.470939],[-3.142881,51.471189],[-3.142831,51.47137],[-3.142791,51.471482],[-3.142752,51.471556],[-3.142688,51.471653],[-3.142609,51.471742],[-3.142538,51.471823]]},"properties":{"@id":"way/118727447","electrified":"no","gauge":"1435","name":"Roath Branch","railway":"rail","railway:traffic_mode":"freight","ref":"ROA","usage":"branch"},"id":"way/118727447"},{"type":"Feature","geometry":{"type":"LineString","coordinates":[[-3.156224,51.452443],[-3.155833,51.45276],[-3.155488,51.453041],[-3.155071,51.453379],[-3.154612,51.453753],[-3.154363,51.453956],[-3.154182,51.454096],[-3.15388,51.45434],[-3.153752,51.454439]]},"properties":{"@id":"way/118727847","electrified":"no","gauge":"1435","railway":"rail","railway:traffic_mode":"freight","service":"yard","usage":"industrial"},"id":"way/118727847"},{"type":"Feature","geometry":{"type":"LineString","coordinates":[[-3.153182,51.454886],[-3.152992,51.455079],[-3.152806,51.455225],[-3.15238,51.455546],[-3.15153,51.456161],[-3.150924,51.456599],[-3.150751,51.456723],[-3.150641,51.456793],[-3.150573,51.456836],[-3.150043,51.457215],[-3.149696,51.457465],[-3.14924,51.457807],[-3.149035,51.457971]]},"properties":{"@id":"way/118727849","electrified":"no","gauge":"1435","railway":"rail","railway:traffic_mode":"freight","service":"yard","usage":"industrial"},"id":"way/118727849"},{"type":"Feature","geometry":{"type":"LineString","coordinates":[[-3.149518,51.464974],[-3.149637,51.464879],[-3.149729,51.464802],[-3.149908,51.464639],[-3.149997,51.464548],[-3.150081,51.464451],[-3.150163,51.464342],[-3.150222,51.464247],[-3.150267,51.464154],[-3.150295,51.464088],[-3.150373,51.463814],[-3.150403,51.463729],[-3.150446,51.463603],[-3.150483,51.463451],[-3.150496,51.463356],[-3.150499,51.463229],[-3.150489,51.463074],[-3.150471,51.462953],[-3.150436,51.462816],[-3.150413,51.462734],[-3.150389,51.462674],[-3.150365,51.462622],[-3.150248,51.462393],[-3.150113,51.462124],[-3.15009,51.462075],[-3.149814,51.461541],[-3.149645,51.461215],[-3.14945,51.460839],[-3.149275,51.460497],[-3.149187,51.460322],[-3.14869,51.459368],[-3.148644,51.459273],[-3.1486,51.459146],[-3.148571,51.459007],[-3.148577,51.458844],[-3.148599,51.458653],[-3.148662,51.458479],[-3.148812,51.458215],[-3.149035,51.457971],[-3.149213,51.457781],[-3.149377,51.457644],[-3.149878,51.457283],[-3.150208,51.457047],[-3.150761,51.456667],[-3.150886,51.456577],[-3.15138,51.456222],[-3.151988,51.455776],[-3.152273,51.455578],[-3.152611,51.455323],[-3.152899,51.455104],[-3.153182,51.454886],[-3.153458,51.454669],[-3.153752,51.454439],[-3.153866,51.454324],[-3.15406,51.454112],[-3.154129,51.454043],[-3.154268,51.453905],[-3.154394,51.453781],[-3.154552,51.453647],[-3.154902,51.453353],[-3.155309,51.453019],[-3.155704,51.452696],[-3.156186,51.4523],[-3.156326,51.452198],[-3.156441,51.452123],[-3.156618,51.452028],[-3.156743,51.45197],[-3.157033,51.451853],[-3.157128,51.451818]]},"properties":{"@id":"way/118727850","electrified":"no","gauge":"1435","name":"Roath Branch","railway":"rail","railway:traffic_mode":"freight","ref":"ROA","usage":"branch"},"id":"way/118727850"},{"type":"Feature","geometry":{"type":"LineString","coordinates":[[-3.150641,51.456793],[-3.150514,51.456915],[-3.150367,51.45706],[-3.150299,51.457117],[-3.149672,51.457554],[-3.149147,51.45795],[-3.149032,51.458058],[-3.148912,51.458197],[-3.14883,51.458334],[-3.148758,51.458493],[-3.148689,51.458713],[-3.148668,51.45884],[-3.148671,51.459008],[-3.148694,51.459159],[-3.148737,51.459288],[-3.14879,51.459427],[-3.149029,51.459867],[-3.149075,51.459964],[-3.149187,51.460322]]},"properties":{"@id":"way/118727852","electrified":"no","gauge":"1435","railway":"rail","railway:traffic_mode":"freight","service":"yard","usage":"industrial"},"id":"way/118727852"},{"type":"Feature","geometry":{"type":"LineString","coordinates":[[-3.142538,51.471823],[-3.142704,51.471695],[-3.142817,51.47162],[-3.142946,51.471547],[-3.14309,51.47148],[-3.143203,51.471436],[-3.143382,51.471375],[-3.143507,51.471343],[-3.143678,51.471305],[-3.143885,51.471269],[-3.144157,51.47123],[-3.144331,51.471211],[-3.144472,51.471197],[-3.144634,51.471193],[-3.1448,51.4712],[-3.145067,51.471219],[-3.145232,51.471234],[-3.145396,51.471244],[-3.145504,51.471247],[-3.145661,51.471248],[-3.145788,51.471245],[-3.145962,51.471238],[-3.146133,51.471227],[-3.146263,51.471213],[-3.146581,51.471169],[-3.147395,51.471048],[-3.147542,51.471026],[-3.147791,51.470972],[-3.147986,51.47092],[-3.148037,51.470904],[-3.148266,51.47083],[-3.148368,51.470794],[-3.148493,51.470741],[-3.1486,51.470696],[-3.148686,51.470654],[-3.148836,51.470577],[-3.149006,51.470487],[-3.14913,51.470419],[-3.149338,51.470296],[-3.14942,51.470229],[-3.14953,51.470149],[-3.149647,51.470073],[-3.149854,51.46996],[-3.150871,51.469434],[-3.151366,51.469178],[-3.151637,51.469039],[-3.151834,51.468951],[-3.152023,51.468878],[-3.152558,51.468713],[-3.15324,51.468517],[-3.153439,51.468468],[-3.153606,51.468436],[-3.153819,51.468406],[-3.153969,51.468389],[-3.154098,51.468382],[-3.154331,51.468375],[-3.154448,51.468379],[-3.15459,51.468386],[-3.154796,51.468403],[-3.154976,51.468427],[-3.155206,51.468463],[-3.155414,51.468499]]},"properties":{"@id":"way/118796899","electrified":"no","gauge":"1435","name":"Stonefield to Splott Junction","railway":"rail","railway:traffic_mode":"freight","ref":"CSS","service":"spur"},"id":"way/118796899"},{"type":"Feature","geometry":{"type":"LineString","coordinates":[[-3.157684,51.469898],[-3.160366,51.473414]]},"properties":{"@id":"way/118806332","covered":"yes","electrified":"no","gauge":"1435","railway":"rail","railway:traffic_mode":"freight","service":"yard","usage":"industrial"},"id":"way/118806332"},{"type":"Feature","geometry":{"type":"LineString","coordinates":[[-3.162424,51.475575],[-3.16245,51.475473],[-3.162458,51.475418],[-3.162466,51.475358],[-3.162457,51.475286],[-3.162439,51.475212],[-3.16242,51.475161],[-3.162399,51.475119],[-3.162371,51.475066],[-3.162338,51.47501],[-3.162287,51.474935]]},"properties":{"@id":"way/118806333","electrified":"no","gauge":"1435","railway":"rail","railway:traffic_mode":"freight","service":"yard","usage":"industrial"},"id":"way/118806333"},{"type":"Feature","geometry":{"type":"LineString","coordinates":[[-3.160073,51.471071],[-3.162842,51.474771]]},"properties":{"@id":"way/118806335","covered":"yes","electrified":"no","gauge":"1435","railway":"rail","service":"spur","usage":"industrial"},"id":"way/118806335"},{"type":"Feature","geometry":{"type":"LineString","coordinates":[[-3.157422,51.469657],[-3.157581,51.469865],[-3.157802,51.470153],[-3.158058,51.470488],[-3.158991,51.471726],[-3.159021,51.47176],[-3.159462,51.47234],[-3.159508,51.47241],[-3.159551,51.472526],[-3.159593,51.472649],[-3.159632,51.472749]]},"properties":{"@id":"way/118806336","electrified":"no","gauge":"1435","railway":"rail","railway:traffic_mode":"freight","service":"yard","usage":"industrial"},"id":"way/118806336"},{"type":"Feature","geometry":{"type":"LineString","coordinates":[[-3.160718,51.474204],[-3.160986,51.474481]]},"properties":{"@id":"way/118806904","electrified":"no","gauge":"1435","railway":"rail","railway:traffic_mode":"freight","service":"yard","usage":"industrial"},"id":"way/118806904"},{"type":"Feature","geometry":{"type":"LineString","coordinates":[[-3.162603,51.477361],[-3.162633,51.47711],[-3.162642,51.477013],[-3.162645,51.476945],[-3.162637,51.476867],[-3.162615,51.476767],[-3.162591,51.476695],[-3.162564,51.476635],[-3.162516,51.476553],[-3.162443,51.476453],[-3.162339,51.476312],[-3.162148,51.476052],[-3.161815,51.4756],[-3.161619,51.475338],[-3.161312,51.474911],[-3.161131,51.474679],[-3.160986,51.474481],[-3.160785,51.474202],[-3.160696,51.474091],[-3.160486,51.473838],[-3.160448,51.47379],[-3.160404,51.473734],[-3.160321,51.473626],[-3.160174,51.473435],[-3.16002,51.473231],[-3.159916,51.473081],[-3.15978,51.472856],[-3.159701,51.472695],[-3.159654,51.472605],[-3.159584,51.472504],[-3.159508,51.47241]]},"properties":{"@id":"way/118806907","electrified":"no","gauge":"1435","railway":"rail","railway:traffic_mode":"freight","service":"yard","usage":"industrial"},"id":"way/118806907"},{"type":"Feature","geometry":{"type":"LineString","coordinates":[[-3.022474,51.570263],[-3.022719,51.570216],[-3.023102,51.570149],[-3.023735,51.57007],[-3.024319,51.570008],[-3.024746,51.56997],[-3.025145,51.569935],[-3.02543,51.569924],[-3.025721,51.569923],[-3.026059,51.569935],[-3.026449,51.569972],[-3.027092,51.57005],[-3.027723,51.570152],[-3.028173,51.570247],[-3.028482,51.570321],[-3.028748,51.570397],[-3.02903,51.570495],[-3.029378,51.570637],[-3.029558,51.57072],[-3.029748,51.570817],[-3.030014,51.570979],[-3.030161,51.571081],[-3.030312,51.571195],[-3.030442,51.571311],[-3.03057,51.571435],[-3.030717,51.571606],[-3.03089,51.57186],[-3.030998,51.57207],[-3.031104,51.572319],[-3.031186,51.572589],[-3.031304,51.57296],[-3.031345,51.573131]]},"properties":{"@id":"way/119137048","electrified":"no","gauge":"1435","maxspeed":"50 mph","name":"Ebbw Valley Line","name:cy":"Rheilffordd Dyffryn Ebwy","operator":"Network Rail","operator:wikidata":"Q1501071","railway":"rail","ref":"WVL","source":"NPE","tracks":"2","usage":"branch"},"id":"way/119137048"},{"type":"Feature","geometry":{"type":"LineString","coordinates":[[-3.207079,51.503036],[-3.211776,51.504353],[-3.212615,51.504617],[-3.213309,51.504821],[-3.214542,51.505183],[-3.215564,51.50548],[-3.216035,51.505619],[-3.216684,51.50581],[-3.217083,51.505927],[-3.217881,51.50616],[-3.219512,51.506636],[-3.22072,51.506992],[-3.221392,51.507187],[-3.221724,51.507284]]},"properties":{"@id":"way/120689869","electrified":"contact_line","frequency":"50","gauge":"1435","maxspeed":"70 mph","name":"Valley Lines","operator":"Transport for Wales","operator:wikidata":"Q48740007","passenger_lines":"2","railway":"rail","ref":"CAM","source":"npe","usage":"branch","voltage":"25000"},"id":"way/120689869"},{"type":"Feature","geometry":{"type":"LineString","coordinates":[[-3.206792,51.502954],[-3.207079,51.503036]]},"properties":{"@id":"way/120689870","bridge":"yes","electrified":"contact_line","frequency":"50","gauge":"1435","layer":"1","maxspeed":"70 mph","name":"Valley Lines","operator":"Transport for Wales","operator:wikidata":"Q48740007","passenger_lines":"2","railway":"rail","ref":"CAM","source":"npe","usage":"branch","voltage":"25000"},"id":"way/120689870"},{"type":"Feature","geometry":{"type":"LineString","coordinates":[[-3.227122,51.619767],[-3.228394,51.621419],[-3.22971,51.622985],[-3.230515,51.623794],[-3.231728,51.624825],[-3.233263,51.625951],[-3.236402,51.628268]]},"properties":{"@id":"way/124086627","electrified":"contact_line","frequency":"50","gauge":"1435","maxspeed":"55 mph","name":"Rhymney Line","operator":"Transport for Wales","operator:wikidata":"Q48740007","passenger_lines":"2","railway":"rail","ref":"CAR","usage":"branch","voltage":"25000"},"id":"way/124086627"},{"type":"Feature","geometry":{"type":"LineString","coordinates":[[-3.229514,51.591489],[-3.229507,51.591759]]},"properties":{"@id":"way/124086629","bridge":"yes","electrified":"contact_line","frequency":"50","gauge":"1435","layer":"1","maxspeed":"50 mph","name":"Rhymney Line","operator":"Transport for Wales","operator:wikidata":"Q48740007","passenger_lines":"2","railway":"rail","ref":"CAR","usage":"branch","voltage":"25000"},"id":"way/124086629"},{"type":"Feature","geometry":{"type":"LineString","coordinates":[[-3.341,51.599168],[-3.340803,51.599081],[-3.340667,51.599026],[-3.34039,51.598932],[-3.340099,51.598841],[-3.339808,51.598767],[-3.33968,51.598744],[-3.339471,51.598714],[-3.339268,51.598692],[-3.339066,51.598682],[-3.338843,51.598678]]},"properties":{"@id":"way/126278220","electrified":"no","gauge":"1435","layer":"1","maxspeed":"15 mph","name":"Cardiff and Merthyr Line","operator":"Transport for Wales","operator:wikidata":"Q48740007","railway":"rail","ref":"CAM","usage":"branch"},"id":"way/126278220"},{"type":"Feature","geometry":{"type":"LineString","coordinates":[[-2.990425,51.591968],[-2.990381,51.591968],[-2.990139,51.591964],[-2.989921,51.591965],[-2.989762,51.59196],[-2.989528,51.591954],[-2.989337,51.591942],[-2.98894,51.591913],[-2.988728,51.591893],[-2.988374,51.591858]]},"properties":{"@id":"way/126362497","electrified":"contact_line","frequency":"50","gauge":"1435","maxspeed":"40 mph","name":"South Wales Main Line","name:br":"Linenn Pennañ Su Kembre","name:cy":"Prif Linell De Cymru","operator":"Network Rail","operator:wikidata":"Q1501071","passenger_lines":"4","railway":"rail","railway:aws":"yes","railway:tpws":"yes","railway:track_ref":"UM","ref":"SWM2","usage":"main","voltage":"25000"},"id":"way/126362497"},{"type":"Feature","geometry":{"type":"LineString","coordinates":[[-2.996385,51.590801],[-2.996655,51.590694],[-2.997251,51.590434],[-2.997553,51.590294],[-2.997784,51.590189],[-2.998122,51.590016],[-2.998829,51.589608],[-2.999036,51.589485],[-2.999259,51.589356],[-2.999641,51.589152],[-2.999859,51.58902],[-3.000134,51.588852],[-3.000456,51.588642],[-3.000602,51.588518],[-3.000785,51.588362],[-3.000869,51.588292],[-3.001002,51.588166],[-3.001218,51.587935],[-3.001353,51.587769],[-3.001477,51.587613],[-3.00156,51.587496],[-3.001791,51.587165]]},"properties":{"@id":"way/126364309","electrified":"contact_line","frequency":"50","gauge":"1435","maxspeed":"20 mph","name":"South Wales Main Line","name:br":"Linenn Pennañ Su Kembre","name:cy":"Prif Linell De Cymru","operator":"Network Rail","operator:wikidata":"Q1501071","railway":"rail","railway:aws":"yes","railway:tpws":"yes","railway:track_ref":"DPL","ref":"SWM2","usage":"main","voltage":"25000"},"id":"way/126364309"},{"type":"Feature","geometry":{"type":"LineString","coordinates":[[-3.002193,51.586801],[-3.001995,51.587168],[-3.001672,51.587764]]},"properties":{"@id":"way/126364312","electrified":"contact_line","frequency":"50","gauge":"1435","name":"South Wales Main Line","name:br":"Linenn Pennañ Su Kembre","name:cy":"Prif Linell De Cymru","operator":"Network Rail","operator:wikidata":"Q1501071","railway":"rail","railway:aws":"yes","railway:tpws":"yes","railway:track_ref":"UDP","ref":"SWM2","usage":"main","voltage":"25000"},"id":"way/126364312"},{"type":"Feature","geometry":{"type":"LineString","coordinates":[[-2.997895,51.590247],[-2.997987,51.590198],[-2.998194,51.590086],[-2.99849,51.58991],[-2.998958,51.589651],[-2.999372,51.589414],[-2.999761,51.589187],[-3.000051,51.589018],[-3.000253,51.588897],[-3.000544,51.588711],[-3.000763,51.588541],[-3.000948,51.58839],[-3.001097,51.588249],[-3.001283,51.588057],[-3.001459,51.587854],[-3.00157,51.5877]]},"properties":{"@id":"way/126364315","electrified":"contact_line","frequency":"50","gauge":"1435","maxspeed":"30 mph","name":"South Wales Main Line","name:br":"Linenn Pennañ Su Kembre","name:cy":"Prif Linell De Cymru","operator":"Network Rail","operator:wikidata":"Q1501071","railway":"rail","railway:aws":"yes","railway:tpws":"yes","railway:track_ref":"DM","ref":"SWM2","usage":"main","voltage":"25000"},"id":"way/126364315"},{"type":"Feature","geometry":{"type":"LineString","coordinates":[[-2.996411,51.590824],[-2.996637,51.59074],[-2.996989,51.59059],[-2.99721,51.590496],[-2.997426,51.590395],[-2.997793,51.590219],[-2.998071,51.590077],[-2.998338,51.589928],[-2.998466,51.589853],[-2.998748,51.589689],[-2.99897,51.589558],[-2.999158,51.589457],[-2.999298,51.589374],[-2.999562,51.589225],[-2.999785,51.589092],[-3.000017,51.588951],[-3.000117,51.588893],[-3.000268,51.588802],[-3.000353,51.588745],[-3.000517,51.588635],[-3.000616,51.588552],[-3.000795,51.588419],[-3.000952,51.588277],[-3.001086,51.588141],[-3.001104,51.588123],[-3.001228,51.587992],[-3.001302,51.587904],[-3.001404,51.587771],[-3.001534,51.587586],[-3.00159,51.587497],[-3.001791,51.587165]]},"properties":{"@id":"way/126365454","electrified":"contact_line","frequency":"50","gauge":"1435","maxspeed":"40 mph","name":"South Wales Main Line","name:br":"Linenn Pennañ Su Kembre","name:cy":"Prif Linell De Cymru","operator":"Network Rail","operator:wikidata":"Q1501071","railway":"rail","railway:aws":"yes","railway:tpws":"yes","railway:track_ref":"DR","ref":"SWM2","usage":"main","voltage":"25000"},"id":"way/126365454"},{"type":"Feature","geometry":{"type":"LineString","coordinates":[[-3.002385,51.586534],[-3.002193,51.586801]]},"properties":{"@id":"way/126365455","electrified":"contact_line","frequency":"50","gauge":"1435","operator":"Network Rail","operator:wikidata":"Q1501071","railway":"rail","railway:aws":"yes","railway:tpws":"yes","service":"crossover","voltage":"25000"},"id":"way/126365455"},{"type":"Feature","geometry":{"type":"LineString","coordinates":[[-3.002154,51.586627],[-3.002372,51.586167]]},"properties":{"@id":"way/126365580","electrified":"contact_line","frequency":"50","gauge":"1435","maxspeed":"20 mph","operator":"Network Rail","operator:wikidata":"Q1501071","railway":"rail","railway:aws":"yes","railway:tpws":"yes","service":"crossover","voltage":"25000"},"id":"way/126365580"},{"type":"Feature","geometry":{"type":"LineString","coordinates":[[-3.006136,51.580052],[-3.003914,51.58386],[-3.002715,51.585917]]},"properties":{"@id":"way/126367670","electrified":"contact_line","frequency":"50","gauge":"1435","layer":"-1","maxspeed":"60 mph","name":"South Wales Main Line","name:br":"Linenn Pennañ Su Kembre","name:cy":"Prif Linell De Cymru","operator":"Network Rail","operator:wikidata":"Q1501071","railway":"rail","railway:track_ref":"UM","ref":"SWM2","tunnel":"yes","tunnel:name":"Hillfield Tunnel;Newport New Tunnel","usage":"main","voltage":"25000"},"id":"way/126367670"},{"type":"Feature","geometry":{"type":"LineString","coordinates":[[-3.002673,51.585906],[-3.003846,51.583842],[-3.006085,51.580041]]},"properties":{"@id":"way/126367671","electrified":"contact_line","frequency":"50","gauge":"1435","layer":"-1","maxspeed":"40 mph","name":"South Wales Main Line","name:br":"Linenn Pennañ Su Kembre","name:cy":"Prif Linell De Cymru","operator":"Network Rail","operator:wikidata":"Q1501071","railway":"rail","railway:track_ref":"DM","ref":"SWM2","tunnel":"yes","tunnel:name":"Hillfield Tunnel;Newport New Tunnel","usage":"main","voltage":"25000"},"id":"way/126367671"},{"type":"Feature","geometry":{"type":"LineString","coordinates":[[-3.002631,51.585711],[-3.003711,51.583823],[-3.005889,51.579997]]},"properties":{"@id":"way/126367672","electrified":"contact_line","frequency":"50","gauge":"1435","layer":"-1","maxspeed":"40 mph","name":"South Wales Main Line","name:br":"Linenn Pennañ Su Kembre","name:cy":"Prif Linell De Cymru","operator":"Network Rail","operator:wikidata":"Q1501071","railway":"rail","railway:track_ref":"DR","ref":"SWM2","tunnel":"yes","tunnel:name":"Hillfield Tunnel;Newport Old Tunnel;Stow Hill Railway Tunnel","usage":"main","voltage":"25000"},"id":"way/126367672"},{"type":"Feature","geometry":{"type":"LineString","coordinates":[[-3.13577,51.49821],[-3.135679,51.498252],[-3.135152,51.498467],[-3.134482,51.498733],[-3.133818,51.498977],[-3.133139,51.499209],[-3.132607,51.499388],[-3.131793,51.499637],[-3.131039,51.499873],[-3.130172,51.500147],[-3.129152,51.500472],[-3.128108,51.500799],[-3.127606,51.50096],[-3.127085,51.501125],[-3.126458,51.501323],[-3.125922,51.50149],[-3.125325,51.501674],[-3.12471,51.501873],[-3.124052,51.502075],[-3.123478,51.502263],[-3.12281,51.502474],[-3.12147,51.502894],[-3.120315,51.503259],[-3.119086,51.503644],[-3.117456,51.504157],[-3.115972,51.504627],[-3.114952,51.504949],[-3.113663,51.505354],[-3.112693,51.505664],[-3.112067,51.505859],[-3.110633,51.506313],[-3.109248,51.506749],[-3.108513,51.506985],[-3.107916,51.507186],[-3.107465,51.507352],[-3.106921,51.507571],[-3.106254,51.507857],[-3.105643,51.508133],[-3.105014,51.508425],[-3.104436,51.508694],[-3.103909,51.508942],[-3.103238,51.50925],[-3.102835,51.509438],[-3.102475,51.509606],[-3.102234,51.509719],[-3.101876,51.509886],[-3.101214,51.510194],[-3.100646,51.510454],[-3.100011,51.510744],[-3.099287,51.511082],[-3.098728,51.511338],[-3.098021,51.51167],[-3.0974,51.511958],[-3.097089,51.5121],[-3.096703,51.512281],[-3.096337,51.512453],[-3.095444,51.512863],[-3.093988,51.513545],[-3.092023,51.514462],[-3.090381,51.51522],[-3.089242,51.515752],[-3.087624,51.516501],[-3.086459,51.517042],[-3.084605,51.517901],[-3.08362,51.518357],[-3.081089,51.51953],[-3.078625,51.52068],[-3.077006,51.521424],[-3.075813,51.521983],[-3.074547,51.522573],[-3.073587,51.523018],[-3.072209,51.523649],[-3.070849,51.524276],[-3.068739,51.52526],[-3.067277,51.525983],[-3.066036,51.52655],[-3.06411,51.527435],[-3.062921,51.527985],[-3.060814,51.528956],[-3.058959,51.52979],[-3.057299,51.530583],[-3.055486,51.531407],[-3.054421,51.531899],[-3.052985,51.532568],[-3.052084,51.532993],[-3.050036,51.533953],[-3.047918,51.534929],[-3.045705,51.53594],[-3.044533,51.536475],[-3.043417,51.536997],[-3.042741,51.537321],[-3.041517,51.537877],[-3.040256,51.538456],[-3.039277,51.538923],[-3.037229,51.539871],[-3.035534,51.540654],[-3.034284,51.541247],[-3.032226,51.542197],[-3.030774,51.542872],[-3.029616,51.543396],[-3.027571,51.544324],[-3.025987,51.54503],[-3.024402,51.54577],[-3.02424,51.545848],[-3.023236,51.546331],[-3.021753,51.547024],[-3.020294,51.547693],[-3.019254,51.548172],[-3.018793,51.548385],[-3.018219,51.548653],[-3.017629,51.548924],[-3.01705,51.54919],[-3.016476,51.549457],[-3.015888,51.549727],[-3.015256,51.550022],[-3.014794,51.550234],[-3.014174,51.550535],[-3.013583,51.550833],[-3.013106,51.551095],[-3.012583,51.551407],[-3.012081,51.551739],[-3.011603,51.55209],[-3.011177,51.552429],[-3.010775,51.552783],[-3.010366,51.553179],[-3.009857,51.553745],[-3.009685,51.553956],[-3.009482,51.554224],[-3.009216,51.554602],[-3.00895,51.555032],[-3.008715,51.555466],[-3.008541,51.555842],[-3.008346,51.556312],[-3.008201,51.556716],[-3.00789,51.557646],[-3.007622,51.558477],[-3.007304,51.559475],[-3.006921,51.560677],[-3.006723,51.561561],[-3.006658,51.56199],[-3.006596,51.562551],[-3.006563,51.563045],[-3.006548,51.563762]]},"properties":{"@id":"way/126368156","electrified":"contact_line","frequency":"50","gauge":"1435","maxspeed":"95 mph","name":"South Wales Main Line","name:br":"Linenn Pennañ Su Kembre","name:cy":"Prif Linell De Cymru","operator":"Network Rail","operator:wikidata":"Q1501071","passenger_lines":"4","railway":"rail","railway:track_ref":"Up Main","ref":"SWM2","usage":"main","voltage":"25000"},"id":"way/126368156"},{"type":"Feature","geometry":{"type":"LineString","coordinates":[[-3.006767,51.566661],[-3.006721,51.566331]]},"properties":{"@id":"way/126368158","bridge":"yes","electrified":"contact_line","frequency":"50","gauge":"1435","layer":"1","name":"South Wales Main Line","name:br":"Linenn Pennañ Su Kembre","name:cy":"Prif Linell De Cymru","operator":"Network Rail","operator:wikidata":"Q1501071","railway":"rail","ref":"SWM2","usage":"main","voltage":"25000"},"id":"way/126368158"},{"type":"Feature","geometry":{"type":"LineString","coordinates":[[-3.00679,51.566326],[-3.00684,51.566657]]},"properties":{"@id":"way/126368159","bridge":"yes","electrified":"contact_line","frequency":"50","gauge":"1435","layer":"1","name":"South Wales Main Line","name:br":"Linenn Pennañ Su Kembre","name:cy":"Prif Linell De Cymru","operator":"Network Rail","operator:wikidata":"Q1501071","railway":"rail","ref":"SWM2","usage":"main","voltage":"25000"},"id":"way/126368159"},{"type":"Feature","geometry":{"type":"LineString","coordinates":[[-3.0064,51.579498],[-3.006952,51.57853],[-3.007197,51.578084],[-3.00763,51.577279],[-3.007757,51.577038],[-3.007912,51.576687],[-3.008106,51.576041],[-3.008191,51.575641],[-3.008248,51.574873],[-3.008234,51.574648],[-3.008154,51.574021],[-3.007972,51.573007],[-3.007795,51.571917],[-3.007679,51.571389],[-3.007435,51.570263],[-3.007234,51.569187]]},"properties":{"@id":"way/126368160","electrified":"contact_line","frequency":"50","gauge":"1435","maxspeed":"40 mph","name":"South Wales Main Line","name:br":"Linenn Pennañ Su Kembre","name:cy":"Prif Linell De Cymru","operator":"Network Rail","operator:wikidata":"Q1501071","railway":"rail","railway:track_ref":"DM","ref":"SWM2","usage":"main","voltage":"25000"},"id":"way/126368160"},{"type":"Feature","geometry":{"type":"LineString","coordinates":[[-3.006437,51.565268],[-3.006413,51.56491],[-3.006387,51.564586],[-3.006371,51.564229],[-3.006374,51.563757],[-3.006397,51.563046],[-3.006444,51.562555],[-3.006504,51.56199],[-3.006571,51.561548],[-3.006652,51.561146],[-3.006854,51.560406],[-3.007051,51.559736],[-3.007356,51.558782],[-3.007688,51.557748],[-3.007966,51.556924],[-3.008193,51.556295],[-3.008379,51.555823],[-3.008554,51.555446],[-3.008793,51.554997],[-3.009066,51.55456],[-3.009336,51.554177],[-3.009534,51.553928],[-3.009715,51.553705],[-3.010024,51.553349],[-3.010235,51.553132],[-3.010639,51.552731],[-3.011052,51.55236],[-3.011474,51.55202],[-3.011954,51.551664],[-3.012454,51.551333],[-3.012965,51.551023],[-3.013449,51.550759],[-3.014062,51.550455],[-3.014691,51.550159],[-3.015158,51.549942],[-3.016377,51.549377],[-3.016953,51.549112],[-3.017527,51.548846],[-3.018115,51.548575],[-3.018693,51.548306],[-3.019163,51.54809],[-3.020149,51.547624],[-3.021656,51.546922],[-3.022563,51.546512],[-3.023751,51.545953],[-3.024853,51.545441],[-3.026033,51.544894],[-3.027455,51.544252],[-3.028831,51.543626],[-3.030765,51.542742],[-3.032843,51.541786],[-3.034977,51.540782],[-3.037519,51.539602],[-3.039664,51.538608],[-3.041402,51.537804],[-3.043309,51.536921],[-3.045275,51.536014],[-3.046933,51.535251],[-3.048482,51.534534],[-3.049685,51.533972],[-3.051324,51.533201],[-3.052889,51.532445],[-3.054717,51.531589],[-3.055897,51.531048],[-3.057018,51.53052],[-3.057992,51.530067],[-3.058786,51.529701],[-3.059745,51.529263],[-3.060501,51.528924],[-3.06153,51.528473],[-3.063025,51.5278],[-3.063937,51.527385],[-3.064877,51.526951],[-3.065777,51.526541],[-3.066678,51.526126],[-3.067302,51.525795],[-3.068082,51.525438],[-3.068577,51.525211],[-3.069296,51.524876],[-3.070262,51.524429],[-3.071035,51.524067],[-3.071837,51.523698],[-3.072265,51.523503],[-3.072956,51.52318],[-3.073911,51.522738],[-3.074471,51.522477],[-3.074994,51.522234],[-3.075924,51.521803],[-3.076943,51.521327],[-3.077707,51.520973],[-3.078795,51.520466],[-3.079914,51.519946],[-3.080785,51.519541],[-3.081869,51.519042],[-3.082703,51.518654],[-3.083665,51.518209],[-3.084043,51.518032],[-3.084976,51.517599],[-3.085564,51.51733],[-3.085782,51.51723],[-3.086193,51.517036],[-3.08674,51.516781],[-3.087381,51.516485],[-3.088015,51.51619],[-3.088822,51.515819],[-3.089506,51.5155],[-3.090351,51.515103],[-3.091384,51.514624],[-3.092603,51.51406],[-3.093585,51.513604],[-3.0944,51.513224],[-3.095481,51.512725],[-3.096719,51.51215],[-3.097874,51.511612],[-3.098395,51.511369],[-3.09901,51.511085],[-3.099431,51.510892],[-3.100727,51.510295],[-3.101547,51.509913],[-3.101976,51.509715],[-3.10258,51.50943],[-3.103101,51.509192],[-3.103824,51.508854],[-3.104755,51.508419],[-3.105672,51.507996],[-3.106214,51.507749],[-3.106801,51.507495],[-3.106992,51.507414],[-3.107397,51.507258],[-3.107778,51.507117],[-3.108054,51.507022],[-3.108691,51.50681],[-3.109144,51.506666],[-3.11002,51.506387],[-3.110917,51.506106],[-3.111932,51.505787],[-3.112878,51.505486],[-3.113892,51.505168],[-3.114647,51.504932],[-3.11559,51.504634],[-3.116117,51.504462],[-3.117549,51.504016],[-3.119333,51.503449],[-3.120487,51.50309],[-3.121567,51.502747],[-3.122542,51.502441],[-3.123571,51.502114],[-3.124571,51.501801],[-3.125504,51.501506],[-3.126564,51.501171],[-3.127488,51.500886],[-3.128462,51.500574],[-3.129572,51.500225],[-3.130708,51.49987],[-3.131173,51.499723]]},"properties":{"@id":"way/126368161","electrified":"contact_line","frequency":"50","gauge":"1435","maxspeed":"60 mph","name":"South Wales Main Line","name:br":"Linenn Pennañ Su Kembre","name:cy":"Prif Linell De Cymru","operator":"Network Rail","operator:wikidata":"Q1501071","passenger_lines":"4","railway":"rail","railway:track_ref":"Down Relief","ref":"SWM2","usage":"main","voltage":"25000"},"id":"way/126368161"},{"type":"Feature","geometry":{"type":"LineString","coordinates":[[-3.00663,51.56667],[-3.00657,51.56634]]},"properties":{"@id":"way/126368162","bridge":"yes","electrified":"contact_line","frequency":"50","gauge":"1435","maxspeed":"40 mph","name":"South Wales Main Line","name:br":"Linenn Pennañ Su Kembre","name:cy":"Prif Linell De Cymru","operator":"Network Rail","operator:wikidata":"Q1501071","railway":"rail","ref":"SWM2","usage":"main","voltage":"25000"},"id":"way/126368162"},{"type":"Feature","geometry":{"type":"LineString","coordinates":[[-3.00763,51.577279],[-3.007377,51.577628],[-3.007055,51.578072]]},"properties":{"@id":"way/126382676","electrified":"contact_line","frequency":"50","gauge":"1435","maxspeed":"40 mph","name":"South Wales Main Line","name:br":"Linenn Pennañ Su Kembre","name:cy":"Prif Linell De Cymru","operator":"Network Rail","operator:wikidata":"Q1501071","railway":"rail","ref":"SWM2","service":"crossover","voltage":"25000"},"id":"way/126382676"},{"type":"Feature","geometry":{"type":"LineString","coordinates":[[-3.007197,51.578084],[-3.007377,51.577628],[-3.007531,51.577238]]},"properties":{"@id":"way/126382677","electrified":"contact_line","frequency":"50","gauge":"1435","maxspeed":"40 mph","name":"South Wales Main Line","name:br":"Linenn Pennañ Su Kembre","name:cy":"Prif Linell De Cymru","operator":"Network Rail","operator:wikidata":"Q1501071","railway":"rail","ref":"SWM2","service":"crossover","voltage":"25000"},"id":"way/126382677"},{"type":"Feature","geometry":{"type":"LineString","coordinates":[[-2.997406,51.590487],[-2.997627,51.590382],[-2.997895,51.590247]]},"properties":{"@id":"way/126467218","electrified":"contact_line","frequency":"50","gauge":"1435","maxspeed":"30 mph","name":"South Wales Main Line","name:br":"Linenn Pennañ Su Kembre","name:cy":"Prif Linell De Cymru","operator":"Network Rail","operator:wikidata":"Q1501071","railway":"rail","railway:aws":"yes","railway:tpws":"yes","railway:track_ref":"DM","ref":"SWM2","usage":"main","voltage":"25000"},"id":"way/126467218"},{"type":"Feature","geometry":{"type":"LineString","coordinates":[[-2.998122,51.590257],[-2.997697,51.590407]]},"properties":{"@id":"way/126467219","electrified":"contact_line","frequency":"50","gauge":"1435","name":"South Wales Main Line","name:cy":"Prif Linell De Cymru","operator":"Network Rail","operator:wikidata":"Q1501071","railway":"rail","railway:aws":"yes","railway:tpws":"yes","ref":"SWM2","service":"crossover","voltage":"25000"},"id":"way/126467219"},{"type":"Feature","geometry":{"type":"LineString","coordinates":[[-2.984584,51.590683],[-2.98411,51.590469]]},"properties":{"@id":"way/126467418","bridge":"yes","electrified":"contact_line","frequency":"50","gauge":"1435","layer":"1","maxspeed":"40 mph","name":"South Wales Main Line","name:br":"Linenn Pennañ Su Kembre","name:cy":"Prif Linell De Cymru","operator":"Network Rail","operator:wikidata":"Q1501071","passenger_lines":"4","railway":"rail","railway:aws":"yes","railway:tpws":"yes","railway:track_ref":"UR","ref":"SWM2","source":"npe","tracks":"4","usage":"main","voltage":"25000"},"id":"way/126467418"},{"type":"Feature","geometry":{"type":"LineString","coordinates":[[-2.984736,51.590697],[-2.985019,51.590824],[-2.985247,51.590919],[-2.985479,51.591015],[-2.985744,51.591112],[-2.985961,51.591187],[-2.986274,51.59129],[-2.986467,51.591349],[-2.986708,51.591423],[-2.986962,51.591487],[-2.98717,51.591535],[-2.987516,51.591608],[-2.987796,51.591655],[-2.987896,51.591672],[-2.987996,51.591688],[-2.98828,51.591729],[-2.988372,51.59174]]},"properties":{"@id":"way/126550334","electrified":"contact_line","frequency":"50","gauge":"1435","maxspeed":"40 mph","name":"South Wales Main Line","name:br":"Linenn Pennañ Su Kembre","name:cy":"Prif Linell De Cymru","operator":"Network Rail","operator:wikidata":"Q1501071","railway":"rail","railway:aws":"yes","railway:tpws":"yes","railway:track_ref":"DR","ref":"SWM2","usage":"main","voltage":"25000"},"id":"way/126550334"},{"type":"Feature","geometry":{"type":"LineString","coordinates":[[-2.979299,51.588475],[-2.978923,51.588369]]},"properties":{"@id":"way/126550335","bridge":"yes","electrified":"no","gauge":"1435","layer":"1","railway":"rail","service":"siding"},"id":"way/126550335"},{"type":"Feature","geometry":{"type":"LineString","coordinates":[[-2.984249,51.590476],[-2.984462,51.590569],[-2.984736,51.590697]]},"properties":{"@id":"way/126550336","bridge":"yes","electrified":"contact_line","frequency":"50","gauge":"1435","layer":"1","maxspeed":"40 mph","name":"South Wales Main Line","name:br":"Linenn Pennañ Su Kembre","name:cy":"Prif Linell De Cymru","operator":"Network Rail","operator:wikidata":"Q1501071","railway":"rail","railway:aws":"yes","railway:tpws":"yes","railway:track_ref":"DR","ref":"SWM2","usage":"main","voltage":"25000"},"id":"way/126550336"},{"type":"Feature","geometry":{"type":"LineString","coordinates":[[-2.978864,51.588427],[-2.979248,51.588538]]},"properties":{"@id":"way/126550337","bridge":"yes","electrified":"contact_line","frequency":"50","gauge":"1435","layer":"1","maxspeed":"40 mph","name":"South Wales Main Line","name:br":"Linenn Pennañ Su Kembre","name:cy":"Prif Linell De Cymru","operator":"Network Rail","operator:wikidata":"Q1501071","railway":"rail","railway:aws":"yes","railway:tpws":"yes","railway:track_ref":"DR","ref":"SWM2","usage":"main","voltage":"25000"},"id":"way/126550337"},{"type":"Feature","geometry":{"type":"LineString","coordinates":[[-3.002385,51.586534],[-3.002108,51.587067],[-3.001905,51.587447],[-3.001797,51.587643],[-3.001683,51.587823],[-3.001606,51.58793],[-3.00147,51.5881],[-3.001356,51.588227],[-3.001254,51.588342],[-3.001125,51.58847],[-3.001014,51.588574],[-3.000858,51.588706],[-3.000679,51.588842],[-3.000516,51.588971],[-3.000404,51.589043],[-3.000226,51.589167],[-2.999997,51.589315],[-2.999742,51.589476],[-2.999531,51.589614],[-2.999346,51.589733],[-2.999032,51.589929],[-2.998842,51.590036],[-2.998693,51.590102],[-2.998429,51.590193],[-2.998116,51.590291],[-2.997697,51.590407]]},"properties":{"@id":"way/126550338","electrified":"contact_line","frequency":"50","gauge":"1435","name":"South Wales Main Line","name:br":"Linenn Pennañ Su Kembre","name:cy":"Prif Linell De Cymru","operator":"Network Rail","operator:wikidata":"Q1501071","railway":"rail","railway:aws":"yes","railway:tpws":"yes","railway:track_ref":"UM","ref":"SWM2","usage":"main","voltage":"25000"},"id":"way/126550338"},{"type":"Feature","geometry":{"type":"LineString","coordinates":[[-2.979228,51.58857],[-2.979129,51.588541],[-2.978839,51.58846]]},"properties":{"@id":"way/126550339","bridge":"yes","electrified":"contact_line","frequency":"50","gauge":"1435","layer":"2","maxspeed":"40 mph","name":"South Wales Main Line","name:br":"Linenn Pennañ Su Kembre","name:cy":"Prif Linell De Cymru","operator":"Network Rail","operator:wikidata":"Q1501071","passenger_lines":"4","railway":"rail","railway:aws":"yes","railway:tpws":"yes","railway:track_ref":"UR","ref":"SWM2","source":"npe","tracks":"4","usage":"main","voltage":"25000"},"id":"way/126550339"},{"type":"Feature","geometry":{"type":"LineString","coordinates":[[-2.996411,51.590824],[-2.99613,51.590924],[-2.995844,51.591015]]},"properties":{"@id":"way/126550340","bridge":"yes","electrified":"contact_line","frequency":"50","gauge":"1435","layer":"1","maxspeed":"40 mph","name":"South Wales Main Line","name:br":"Linenn Pennañ Su Kembre","name:cy":"Prif Linell De Cymru","operator":"Network Rail","operator:wikidata":"Q1501071","railway":"rail","railway:aws":"yes","railway:tpws":"yes","ref":"SWM2","usage":"main","voltage":"25000"},"id":"way/126550340"},{"type":"Feature","geometry":{"type":"LineString","coordinates":[[-2.990614,51.591856],[-2.990861,51.591847],[-2.991174,51.591832],[-2.991429,51.591812],[-2.991669,51.591793],[-2.991972,51.591763],[-2.992274,51.591724],[-2.992418,51.5917]]},"properties":{"@id":"way/126550341","electrified":"contact_line","frequency":"50","gauge":"1435","maxspeed":"40 mph","name":"South Wales Main Line","name:br":"Linenn Pennañ Su Kembre","name:cy":"Prif Linell De Cymru","operator":"Network Rail","operator:wikidata":"Q1501071","passenger_lines":"4","railway":"rail","railway:aws":"yes","railway:tpws":"yes","railway:track_ref":"DR","ref":"SWM2","usage":"main","voltage":"25000"},"id":"way/126550341"},{"type":"Feature","geometry":{"type":"LineString","coordinates":[[-2.992451,51.591777],[-2.992631,51.591745],[-2.99316,51.591648],[-2.993272,51.591628],[-2.99365,51.59156],[-2.994222,51.59145],[-2.99489,51.591322],[-2.995256,51.591246],[-2.995437,51.591205],[-2.995637,51.591154],[-2.995702,51.591137],[-2.995831,51.591102],[-2.996088,51.591025],[-2.996312,51.590948],[-2.99648,51.590887]]},"properties":{"@id":"way/126550342","bridge":"yes","electrified":"contact_line","frequency":"50","gauge":"1435","layer":"1","maxspeed":"40 mph","name":"South Wales Main Line","name:br":"Linenn Pennañ Su Kembre","name:cy":"Prif Linell De Cymru","operator":"Network Rail","operator:wikidata":"Q1501071","railway":"rail","railway:aws":"yes","railway:tpws":"yes","railway:track_ref":"DM","ref":"SWM2","usage":"main","voltage":"25000"},"id":"way/126550342"},{"type":"Feature","geometry":{"type":"LineString","coordinates":[[-2.979277,51.588508],[-2.978899,51.588401]]},"properties":{"@id":"way/126550345","bridge":"yes","electrified":"contact_line","frequency":"50","gauge":"1435","layer":"1","name":"South Wales Main Line","name:br":"Linenn Pennañ Su Kembre","name:cy":"Prif Linell De Cymru","operator":"Network Rail","operator:wikidata":"Q1501071","railway":"rail","railway:track_ref":"Up Branch Dn","ref":"SWM2","tracks":"2","usage":"branch","voltage":"25000"},"id":"way/126550345"},{"type":"Feature","geometry":{"type":"LineString","coordinates":[[-2.996504,51.590909],[-2.99639,51.590955],[-2.99615,51.591037],[-2.996126,51.591046],[-2.995804,51.591146],[-2.995657,51.591184],[-2.995526,51.591218],[-2.995217,51.591287],[-2.99497,51.591339],[-2.994523,51.591429],[-2.994041,51.591521],[-2.993529,51.591617],[-2.993214,51.591672],[-2.992856,51.59174],[-2.992465,51.591809]]},"properties":{"@id":"way/126550346","bridge":"yes","electrified":"contact_line","frequency":"50","gauge":"1435","layer":"1","maxspeed":"40 mph","name":"South Wales Main Line","name:br":"Linenn Pennañ Su Kembre","name:cy":"Prif Linell De Cymru","operator":"Network Rail","operator:wikidata":"Q1501071","railway":"rail","railway:aws":"yes","railway:tpws":"yes","railway:track_ref":"UM","ref":"SWM2","usage":"main","voltage":"25000"},"id":"way/126550346"},{"type":"Feature","geometry":{"type":"LineString","coordinates":[[-2.981101,51.589126],[-2.98182,51.589394],[-2.982156,51.58954],[-2.982348,51.589621],[-2.98255,51.589707],[-2.982799,51.589818],[-2.983473,51.590123],[-2.983666,51.590208],[-2.984053,51.590386],[-2.984249,51.590476]]},"properties":{"@id":"way/126550347","electrified":"contact_line","frequency":"50","gauge":"1435","maxspeed":"40 mph","name":"South Wales Main Line","name:br":"Linenn Pennañ Su Kembre","name:cy":"Prif Linell De Cymru","operator":"Network Rail","operator:wikidata":"Q1501071","railway":"rail","railway:aws":"yes","railway:tpws":"yes","railway:track_ref":"DR","ref":"SWM2","usage":"main","voltage":"25000"},"id":"way/126550347"},{"type":"Feature","geometry":{"type":"LineString","coordinates":[[-2.988372,51.59174],[-2.988619,51.591769],[-2.988793,51.591786]]},"properties":{"@id":"way/126550348","bridge":"yes","electrified":"contact_line","frequency":"50","gauge":"1435","layer":"1","maxspeed":"40 mph","name":"South Wales Main Line","name:br":"Linenn Pennañ Su Kembre","name:cy":"Prif Linell De Cymru","operator":"Network Rail","operator:wikidata":"Q1501071","railway":"rail","railway:aws":"yes","railway:tpws":"yes","railway:track_ref":"DR","ref":"SWM2","usage":"main","voltage":"25000"},"id":"way/126550348"},{"type":"Feature","geometry":{"type":"LineString","coordinates":[[-2.978899,51.588401],[-2.977995,51.588145],[-2.977549,51.588025],[-2.977158,51.587922],[-2.974892,51.587377],[-2.974584,51.587303],[-2.974255,51.587221],[-2.973666,51.587079],[-2.968366,51.585801],[-2.9676,51.585612],[-2.967221,51.585519]]},"properties":{"@id":"way/126550349","electrified":"contact_line","frequency":"50","gauge":"1435","layer":"2","name":"South Wales Main Line","name:br":"Linenn Pennañ Su Kembre","name:cy":"Prif Linell De Cymru","operator":"Network Rail","operator:wikidata":"Q1501071","railway":"rail","railway:track_ref":"Up Branch Dn","ref":"SWM2","usage":"branch","voltage":"25000"},"id":"way/126550349"},{"type":"Feature","geometry":{"type":"LineString","coordinates":[[-2.979161,51.588628],[-2.978785,51.588521]]},"properties":{"@id":"way/126550409","bridge":"yes","electrified":"contact_line","frequency":"50","gauge":"1435","layer":"1","maxspeed":"75 mph","name":"South Wales Main Line","name:br":"Linenn Pennañ Su Kembre","name:cy":"Prif Linell De Cymru","operator":"Network Rail","operator:wikidata":"Q1501071","railway":"rail","railway:aws":"yes","railway:tpws":"yes","railway:track_ref":"UM","ref":"SWM2","usage":"main","voltage":"25000"},"id":"way/126550409"},{"type":"Feature","geometry":{"type":"LineString","coordinates":[[-2.978811,51.588491],[-2.979187,51.588598]]},"properties":{"@id":"way/126550410","bridge":"yes","electrified":"contact_line","frequency":"50","gauge":"1435","layer":"1","maxspeed":"75 mph","name":"South Wales Main Line","name:br":"Linenn Pennañ Su Kembre","name:cy":"Prif Linell De Cymru","operator":"Network Rail","operator:wikidata":"Q1501071","railway":"rail","railway:aws":"yes","railway:tpws":"yes","railway:track_ref":"DM","ref":"SWM2","usage":"main","voltage":"25000"},"id":"way/126550410"},{"type":"Feature","geometry":{"type":"LineString","coordinates":[[-2.984236,51.590643],[-2.983806,51.590442]]},"properties":{"@id":"way/126550621","bridge":"yes","electrified":"contact_line","frequency":"50","gauge":"1435","layer":"1","maxspeed":"40 mph","name":"South Wales Main Line","name:br":"Linenn Pennañ Su Kembre","name:cy":"Prif Linell De Cymru","operator":"Network Rail","operator:wikidata":"Q1501071","railway":"rail","railway:aws":"yes","railway:tpws":"yes","railway:track_ref":"UM","ref":"SWM2","usage":"main","voltage":"25000"},"id":"way/126550621"},{"type":"Feature","geometry":{"type":"LineString","coordinates":[[-2.98396,51.590458],[-2.984419,51.590667]]},"properties":{"@id":"way/126550624","bridge":"yes","electrified":"contact_line","frequency":"50","gauge":"1435","layer":"1","maxspeed":"40 mph","name":"South Wales Main Line","name:br":"Linenn Pennañ Su Kembre","name:cy":"Prif Linell De Cymru","operator":"Network Rail","operator:wikidata":"Q1501071","railway":"rail","railway:aws":"yes","railway:tpws":"yes","railway:track_ref":"DM","ref":"SWM2","usage":"main","voltage":"25000"},"id":"way/126550624"},{"type":"Feature","geometry":{"type":"LineString","coordinates":[[-2.988374,51.591858],[-2.987957,51.5918]]},"properties":{"@id":"way/126670028","bridge":"yes","electrified":"contact_line","frequency":"50","gauge":"1435","layer":"1","maxspeed":"40 mph","name":"South Wales Main Line","name:br":"Linenn Pennañ Su Kembre","name:cy":"Prif Linell De Cymru","operator":"Network Rail","operator:wikidata":"Q1501071","railway":"rail","railway:aws":"yes","railway:tpws":"yes","railway:track_ref":"UM","ref":"SWM2","usage":"main","voltage":"25000"},"id":"way/126670028"},{"type":"Feature","geometry":{"type":"LineString","coordinates":[[-2.988138,51.591791],[-2.988553,51.591843]]},"properties":{"@id":"way/126670029","bridge":"yes","electrified":"contact_line","frequency":"50","gauge":"1435","layer":"1","maxspeed":"40 mph","name":"South Wales Main Line","name:br":"Linenn Pennañ Su Kembre","name:cy":"Prif Linell De Cymru","operator":"Network Rail","operator:wikidata":"Q1501071","railway":"rail","railway:aws":"yes","railway:tpws":"yes","railway:track_ref":"DM","ref":"SWM2","usage":"main","voltage":"25000"},"id":"way/126670029"},{"type":"Feature","geometry":{"type":"LineString","coordinates":[[-2.988793,51.591786],[-2.988992,51.591805],[-2.989343,51.59183],[-2.989584,51.591842],[-2.990014,51.591858],[-2.990199,51.59186],[-2.99042,51.591861]]},"properties":{"@id":"way/126670599","electrified":"contact_line","frequency":"50","gauge":"1435","maxspeed":"40 mph","name":"South Wales Main Line","name:br":"Linenn Pennañ Su Kembre","name:cy":"Prif Linell De Cymru","operator":"Network Rail","operator:wikidata":"Q1501071","passenger_lines":"4","railway":"rail","railway:aws":"yes","railway:tpws":"yes","railway:track_ref":"DR","ref":"SWM2","usage":"main","voltage":"25000"},"id":"way/126670599"},{"type":"Feature","geometry":{"type":"LineString","coordinates":[[-2.988553,51.591843],[-2.98867,51.591858],[-2.989001,51.591886],[-2.989329,51.591911],[-2.989707,51.591929],[-2.990013,51.591938],[-2.990302,51.591936],[-2.990425,51.591935]]},"properties":{"@id":"way/126670600","electrified":"contact_line","frequency":"50","gauge":"1435","maxspeed":"40 mph","name":"South Wales Main Line","name:br":"Linenn Pennañ Su Kembre","name:cy":"Prif Linell De Cymru","operator":"Network Rail","operator:wikidata":"Q1501071","passenger_lines":"4","railway":"rail","railway:aws":"yes","railway:tpws":"yes","railway:track_ref":"DM","ref":"SWM2","usage":"main","voltage":"25000"},"id":"way/126670600"},{"type":"Feature","geometry":{"type":"LineString","coordinates":[[-2.991053,51.591947],[-2.990629,51.591967]]},"properties":{"@id":"way/126670601","electrified":"contact_line","frequency":"50","gauge":"1435","maxspeed":"40 mph","name":"South Wales Main Line","name:br":"Linenn Pennañ Su Kembre","name:cy":"Prif Linell De Cymru","operator":"Network Rail","operator:wikidata":"Q1501071","passenger_lines":"4","railway":"rail","railway:aws":"yes","railway:tpws":"yes","railway:track_ref":"UM","ref":"SWM2","usage":"main","voltage":"25000"},"id":"way/126670601"},{"type":"Feature","geometry":{"type":"LineString","coordinates":[[-2.99042,51.591861],[-2.990614,51.591856]]},"properties":{"@id":"way/126670602","bridge":"yes","electrified":"contact_line","frequency":"50","gauge":"1435","layer":"1","maxspeed":"40 mph","name":"South Wales Main Line","name:br":"Linenn Pennañ Su Kembre","name:cy":"Prif Linell De Cymru","operator":"Network Rail","operator:wikidata":"Q1501071","passenger_lines":"4","railway":"rail","railway:aws":"yes","railway:tpws":"yes","railway:track_ref":"DR","ref":"SWM2","usage":"main","voltage":"25000"},"id":"way/126670602"},{"type":"Feature","geometry":{"type":"LineString","coordinates":[[-2.990425,51.591935],[-2.99062,51.591934]]},"properties":{"@id":"way/126670603","bridge":"yes","electrified":"contact_line","frequency":"50","gauge":"1435","layer":"1","maxspeed":"40 mph","name":"South Wales Main Line","name:br":"Linenn Pennañ Su Kembre","name:cy":"Prif Linell De Cymru","operator":"Network Rail","operator:wikidata":"Q1501071","passenger_lines":"4","railway":"rail","railway:aws":"yes","railway:tpws":"yes","railway:track_ref":"DM","ref":"SWM2","usage":"main","voltage":"25000"},"id":"way/126670603"},{"type":"Feature","geometry":{"type":"LineString","coordinates":[[-2.990428,51.591985],[-2.99058,51.591967],[-2.990619,51.591962]]},"properties":{"@id":"way/126670604","bridge":"yes","electrified":"contact_line","frequency":"50","gauge":"1435","layer":"1","maxspeed":"40 mph","name":"Welsh Marches Line","operator":"Network Rail","operator:wikidata":"Q1501071","railway":"rail","railway:aws":"yes","railway:tpws":"yes","ref":"HNL1","usage":"main","voltage":"25000"},"id":"way/126670604"},{"type":"Feature","geometry":{"type":"LineString","coordinates":[[-2.990629,51.591967],[-2.99058,51.591967],[-2.990425,51.591968]]},"properties":{"@id":"way/126670605","bridge":"yes","electrified":"contact_line","frequency":"50","gauge":"1435","layer":"1","maxspeed":"40 mph","name":"South Wales Main Line","name:br":"Linenn Pennañ Su Kembre","name:cy":"Prif Linell De Cymru","operator":"Network Rail","operator:wikidata":"Q1501071","passenger_lines":"4","railway":"rail","railway:aws":"yes","railway:tpws":"yes","railway:track_ref":"UM","ref":"SWM2","usage":"main","voltage":"25000"},"id":"way/126670605"},{"type":"Feature","geometry":{"type":"LineString","coordinates":[[-2.991026,51.591919],[-2.991478,51.591888],[-2.991853,51.591852],[-2.992116,51.591823],[-2.992357,51.59179],[-2.992451,51.591777]]},"properties":{"@id":"way/126670606","electrified":"contact_line","frequency":"50","gauge":"1435","maxspeed":"40 mph","name":"South Wales Main Line","name:br":"Linenn Pennañ Su Kembre","name:cy":"Prif Linell De Cymru","operator":"Network Rail","operator:wikidata":"Q1501071","passenger_lines":"4","railway":"rail","railway:aws":"yes","railway:tpws":"yes","railway:track_ref":"DM","ref":"SWM2","usage":"main","voltage":"25000"},"id":"way/126670606"},{"type":"Feature","geometry":{"type":"LineString","coordinates":[[-2.990632,51.591991],[-2.99048,51.59201],[-2.990415,51.592018]]},"properties":{"@id":"way/126670656","bridge":"yes","electrified":"contact_line","frequency":"50","gauge":"1435","layer":"1","maxspeed":"40 mph","name":"Welsh Marches Line","operator":"Network Rail","operator:wikidata":"Q1501071","railway":"rail","railway:aws":"yes","railway:tpws":"yes","ref":"HNL1","usage":"main","voltage":"25000"},"id":"way/126670656"},{"type":"Feature","geometry":{"type":"LineString","coordinates":[[-2.991053,51.591947],[-2.990632,51.591991]]},"properties":{"@id":"way/126670657","electrified":"contact_line","frequency":"50","gauge":"1435","maxspeed":"40 mph","name":"Welsh Marches Line","operator":"Network Rail","operator:wikidata":"Q1501071","railway":"rail","railway:aws":"yes","railway:tpws":"yes","ref":"HNL1","usage":"main","voltage":"25000"},"id":"way/126670657"},{"type":"Feature","geometry":{"type":"LineString","coordinates":[[-2.990415,51.592018],[-2.990222,51.59205],[-2.989996,51.592098],[-2.989734,51.592155],[-2.989318,51.592275],[-2.988774,51.592473],[-2.988444,51.592624],[-2.988209,51.592748],[-2.987969,51.592876],[-2.987728,51.593033],[-2.98747,51.593236],[-2.98724,51.593438],[-2.987039,51.593649],[-2.986912,51.593766]]},"properties":{"@id":"way/126670658","electrified":"contact_line","frequency":"50","gauge":"1435","maxspeed":"40 mph","name":"Welsh Marches Line","operator":"Network Rail","operator:wikidata":"Q1501071","railway":"rail","railway:aws":"yes","railway:tpws":"yes","railway:track_ref":"UH","ref":"HNL1","usage":"main","voltage":"25000"},"id":"way/126670658"},{"type":"Feature","geometry":{"type":"LineString","coordinates":[[-2.986749,51.593828],[-2.986815,51.593742]]},"properties":{"@id":"way/126670984","bridge":"yes","electrified":"no","gauge":"1435","maxspeed":"15 mph","name":"Hereford Loop","operator":"Network Rail","operator:wikidata":"Q1501071","railway":"rail","railway:aws":"yes","railway:tpws":"yes","railway:track_ref":"Up Hereford Loop Down","ref":"HNL1"},"id":"way/126670984"},{"type":"Feature","geometry":{"type":"LineString","coordinates":[[-2.986912,51.593766],[-2.986843,51.593852]]},"properties":{"@id":"way/126670987","bridge":"yes","electrified":"no","gauge":"1435","maxspeed":"40 mph","name":"Welsh Marches Line","operator":"Network Rail","operator:wikidata":"Q1501071","railway":"rail","railway:aws":"yes","railway:tpws":"yes","railway:track_ref":"UH","ref":"HNL1"},"id":"way/126670987"},{"type":"Feature","geometry":{"type":"LineString","coordinates":[[-2.984419,51.590667],[-2.984623,51.590756],[-2.984931,51.590887],[-2.985121,51.590964],[-2.985298,51.591035],[-2.985562,51.591134],[-2.985768,51.591208],[-2.985942,51.591267],[-2.986094,51.591317],[-2.986425,51.591419],[-2.986646,51.591482],[-2.986886,51.591553],[-2.987101,51.591605],[-2.987388,51.591668],[-2.987769,51.591736],[-2.988138,51.591791]]},"properties":{"@id":"way/126671278","electrified":"contact_line","frequency":"50","gauge":"1435","maxspeed":"40 mph","name":"South Wales Main Line","name:br":"Linenn Pennañ Su Kembre","name:cy":"Prif Linell De Cymru","operator":"Network Rail","operator:wikidata":"Q1501071","railway":"rail","railway:aws":"yes","railway:tpws":"yes","railway:track_ref":"DM","ref":"SWM2","usage":"main","voltage":"25000"},"id":"way/126671278"},{"type":"Feature","geometry":{"type":"LineString","coordinates":[[-2.987957,51.5918],[-2.987553,51.591733],[-2.987325,51.591691],[-2.986989,51.59162],[-2.986675,51.591536],[-2.986378,51.591456],[-2.985972,51.591329],[-2.985772,51.59126],[-2.985501,51.591165],[-2.98537,51.591117],[-2.984976,51.590961],[-2.984819,51.590896],[-2.984546,51.590779],[-2.984236,51.590643]]},"properties":{"@id":"way/126671303","electrified":"contact_line","frequency":"50","gauge":"1435","maxspeed":"40 mph","name":"South Wales Main Line","name:br":"Linenn Pennañ Su Kembre","name:cy":"Prif Linell De Cymru","operator":"Network Rail","operator:wikidata":"Q1501071","railway":"rail","railway:aws":"yes","railway:tpws":"yes","railway:track_ref":"UM","ref":"SWM2","usage":"main","voltage":"25000"},"id":"way/126671303"},{"type":"Feature","geometry":{"type":"LineString","coordinates":[[-2.985285,51.601443],[-2.985351,51.601114],[-2.985421,51.600837],[-2.985507,51.600519],[-2.985582,51.600117],[-2.985649,51.599673],[-2.985695,51.599256],[-2.985719,51.598844],[-2.985716,51.598336],[-2.985708,51.597643],[-2.985692,51.597095],[-2.985679,51.596615],[-2.98568,51.59634]]},"properties":{"@id":"way/126671469","electrified":"no","gauge":"1435","maxspeed":"15 mph","name":"Down Hereford Loop","operator":"Network Rail","operator:wikidata":"Q1501071","railway":"rail","railway:aws":"yes","railway:tpws":"yes","ref":"HNL1"},"id":"way/126671469"},{"type":"Feature","geometry":{"type":"LineString","coordinates":[[-2.982239,51.606411],[-2.981312,51.607534]]},"properties":{"@id":"way/126869112","bridge":"yes","electrified":"no","gauge":"1435","maxspeed":"40 mph","name":"Welsh Marches Line","name:cy":"Rheilffordd y Gororau","operator":"Network Rail","operator:wikidata":"Q1501071","railway":"rail","railway:aws":"yes","railway:tpws":"yes","railway:track_ref":"UH","ref":"HNL1","usage":"main"},"id":"way/126869112"},{"type":"Feature","geometry":{"type":"LineString","coordinates":[[-2.986843,51.593852],[-2.986699,51.594077],[-2.986436,51.594417],[-2.986302,51.594611],[-2.986195,51.594781],[-2.986117,51.594931],[-2.986042,51.595085],[-2.985964,51.595275],[-2.985913,51.595404],[-2.985862,51.595584],[-2.985825,51.595777],[-2.985792,51.596005],[-2.985788,51.596064],[-2.985781,51.596177],[-2.985779,51.596395],[-2.985785,51.596635],[-2.985795,51.597021],[-2.985809,51.597558],[-2.985822,51.598153],[-2.985827,51.598522],[-2.985817,51.599028],[-2.985795,51.599336],[-2.985758,51.599709],[-2.98572,51.599936],[-2.985642,51.600347],[-2.985551,51.600745],[-2.985404,51.601278],[-2.98525,51.601709],[-2.985095,51.602078],[-2.985062,51.602158],[-2.984886,51.602577],[-2.984773,51.602841],[-2.984432,51.603485],[-2.984161,51.603947],[-2.983949,51.604292],[-2.983722,51.60461],[-2.983305,51.605136],[-2.982729,51.605834],[-2.982239,51.606411]]},"properties":{"@id":"way/126869173","electrified":"no","gauge":"1435","maxspeed":"40 mph","name":"Welsh Marches Line","name:cy":"Rheilffordd y Gororau","operator":"Network Rail","operator:wikidata":"Q1501071","railway":"rail","railway:aws":"yes","railway:tpws":"yes","railway:track_ref":"UH","ref":"HNL1","usage":"main"},"id":"way/126869173"},{"type":"Feature","geometry":{"type":"LineString","coordinates":[[-2.985197,51.601716],[-2.985095,51.602078]]},"properties":{"@id":"way/126869218","electrified":"no","gauge":"1435","maxspeed":"15 mph","name":"Down Hereford Loop","operator":"Network Rail","operator:wikidata":"Q1501071","railway":"rail","railway:aws":"yes","railway:tpws":"yes","service":"crossover"},"id":"way/126869218"},{"type":"Feature","geometry":{"type":"LineString","coordinates":[[-2.979187,51.588598],[-2.979643,51.588732],[-2.980273,51.588937],[-2.98078,51.589107],[-2.981177,51.589249],[-2.981638,51.589427],[-2.982018,51.589583],[-2.982495,51.589787],[-2.983008,51.590023],[-2.983239,51.590128],[-2.983424,51.590213],[-2.983812,51.59039]]},"properties":{"@id":"way/126870107","electrified":"contact_line","frequency":"50","gauge":"1435","maxspeed":"75 mph","name":"South Wales Main Line","name:br":"Linenn Pennañ Su Kembre","name:cy":"Prif Linell De Cymru","operator":"Network Rail","operator:wikidata":"Q1501071","railway":"rail","railway:aws":"yes","railway:tpws":"yes","railway:track_ref":"DM","ref":"SWM2","usage":"main","voltage":"25000"},"id":"way/126870107"},{"type":"Feature","geometry":{"type":"LineString","coordinates":[[-2.979248,51.588538],[-2.979841,51.588715],[-2.980374,51.588882],[-2.980561,51.588942],[-2.980724,51.588995],[-2.980909,51.589059]]},"properties":{"@id":"way/126870519","electrified":"contact_line","frequency":"50","gauge":"1435","maxspeed":"40 mph","name":"South Wales Main Line","name:br":"Linenn Pennañ Su Kembre","name:cy":"Prif Linell De Cymru","operator":"Network Rail","operator:wikidata":"Q1501071","railway":"rail","railway:aws":"yes","railway:tpws":"yes","railway:track_ref":"DR","ref":"SWM2","usage":"main","voltage":"25000"},"id":"way/126870519"},{"type":"Feature","geometry":{"type":"LineString","coordinates":[[-2.981554,51.589221],[-2.980925,51.588992],[-2.980465,51.588835],[-2.980159,51.588737],[-2.979888,51.588649],[-2.979386,51.588505]]},"properties":{"@id":"way/126870567","electrified":"no","gauge":"1435","railway":"rail","service":"siding"},"id":"way/126870567"},{"type":"Feature","geometry":{"type":"LineString","coordinates":[[-2.979299,51.588475],[-2.979386,51.588505],[-2.979522,51.588548],[-2.979629,51.588588],[-2.979808,51.588657],[-2.979894,51.588689],[-2.979986,51.588722],[-2.980095,51.588758]]},"properties":{"@id":"way/126870568","electrified":"contact_line","frequency":"50","gauge":"1435","railway":"rail","service":"siding","voltage":"25000"},"id":"way/126870568"},{"type":"Feature","geometry":{"type":"LineString","coordinates":[[-2.983495,51.5903],[-2.983165,51.590143],[-2.982458,51.589818],[-2.982016,51.589625],[-2.981535,51.589427],[-2.981157,51.589281],[-2.98076,51.589142],[-2.980436,51.589031],[-2.980169,51.58894],[-2.979865,51.588842],[-2.979161,51.588628]]},"properties":{"@id":"way/126870677","electrified":"contact_line","frequency":"50","gauge":"1435","maxspeed":"75 mph","name":"South Wales Main Line","name:br":"Linenn Pennañ Su Kembre","name:cy":"Prif Linell De Cymru","operator":"Network Rail","operator:wikidata":"Q1501071","railway":"rail","railway:aws":"yes","railway:tpws":"yes","railway:track_ref":"UM","ref":"SWM2","usage":"main","voltage":"25000"},"id":"way/126870677"},{"type":"Feature","geometry":{"type":"LineString","coordinates":[[-2.875406,51.57985],[-2.875784,51.579852],[-2.876127,51.579838],[-2.876551,51.579793],[-2.877064,51.579723],[-2.878279,51.579512],[-2.879046,51.579377],[-2.879443,51.579312],[-2.879808,51.579267],[-2.880149,51.579242],[-2.880487,51.579237],[-2.883062,51.579342],[-2.884914,51.579434],[-2.88648,51.579503],[-2.887344,51.579541],[-2.887825,51.579562],[-2.890159,51.579659],[-2.890513,51.579675],[-2.891514,51.579721],[-2.892609,51.579771],[-2.893692,51.579814],[-2.898704,51.580036],[-2.901655,51.580166],[-2.905072,51.580322],[-2.905675,51.580347],[-2.907309,51.580416],[-2.907695,51.580434],[-2.909433,51.580516],[-2.912485,51.580672],[-2.913762,51.580729],[-2.915125,51.580786],[-2.91814,51.580896],[-2.921498,51.581032],[-2.924239,51.581152],[-2.926959,51.581269],[-2.92882,51.581351],[-2.929534,51.581382],[-2.932404,51.581506],[-2.935467,51.581636],[-2.935585,51.581641],[-2.936336,51.581675],[-2.938487,51.581772]]},"properties":{"@id":"way/126873354","alt_name":"Llanwern (Spencer) Steelworks","electrified":"no","gauge":"1435","maxspeed":"15 mph","name":"Down Service Line","railway":"rail","service":"spur"},"id":"way/126873354"},{"type":"Feature","geometry":{"type":"LineString","coordinates":[[-2.977576,51.587993],[-2.977436,51.587952],[-2.977329,51.587918],[-2.977222,51.587881],[-2.976922,51.587777],[-2.976614,51.587667],[-2.976463,51.58762],[-2.976291,51.587576],[-2.97502,51.587266],[-2.974571,51.587158],[-2.973943,51.587008],[-2.97326,51.586842],[-2.972624,51.586689],[-2.971685,51.586461],[-2.970774,51.586237],[-2.969346,51.585895],[-2.969208,51.585865],[-2.969059,51.585838]]},"properties":{"@id":"way/126880874","electrified":"no","gauge":"1435","railway":"rail","service":"siding"},"id":"way/126880874"},{"type":"Feature","geometry":{"type":"LineString","coordinates":[[-2.968762,51.585478],[-2.968548,51.585385],[-2.968365,51.585303],[-2.968224,51.585246],[-2.968038,51.585191],[-2.967882,51.585148],[-2.966529,51.58485]]},"properties":{"@id":"way/126976097","electrified":"no","gauge":"1435","name":"East Usk Sidings","railway":"rail","service":"siding"},"id":"way/126976097"},{"type":"Feature","geometry":{"type":"LineString","coordinates":[[-2.972148,51.586314],[-2.972004,51.586283],[-2.971702,51.586236],[-2.971499,51.586203],[-2.971115,51.586148]]},"properties":{"@id":"way/126976808","electrified":"no","gauge":"1435","name":"East Usk Sidings","railway":"rail","service":"siding"},"id":"way/126976808"},{"type":"Feature","geometry":{"type":"LineString","coordinates":[[-2.974738,51.587001],[-2.974497,51.586926],[-2.974376,51.586893],[-2.97425,51.586863],[-2.97194,51.5863],[-2.971728,51.58625],[-2.971499,51.586203]]},"properties":{"@id":"way/126976809","electrified":"no","gauge":"1435","name":"East Usk Sidings","railway":"rail","service":"siding"},"id":"way/126976809"},{"type":"Feature","geometry":{"type":"LineString","coordinates":[[-2.976283,51.587552],[-2.976153,51.587511],[-2.975983,51.587468],[-2.972223,51.586558],[-2.969745,51.585952],[-2.969613,51.585923],[-2.969507,51.585903],[-2.969399,51.585885]]},"properties":{"@id":"way/126977146","electrified":"no","gauge":"1435","railway":"rail","service":"siding"},"id":"way/126977146"},{"type":"Feature","geometry":{"type":"LineString","coordinates":[[-2.976922,51.587777],[-2.976755,51.587727],[-2.976543,51.587675],[-2.974634,51.587209],[-2.973592,51.586961],[-2.969863,51.586056],[-2.969035,51.585855],[-2.96885,51.585815],[-2.968622,51.585773]]},"properties":{"@id":"way/126977387","electrified":"no","gauge":"1435","railway":"rail","service":"siding"},"id":"way/126977387"},{"type":"Feature","geometry":{"type":"LineString","coordinates":[[-2.969035,51.585855],[-2.969543,51.58601],[-2.976938,51.587802],[-2.977085,51.587839],[-2.977222,51.587881]]},"properties":{"@id":"way/126977388","electrified":"no","gauge":"1435","railway":"rail","service":"siding"},"id":"way/126977388"},{"type":"Feature","geometry":{"type":"LineString","coordinates":[[-2.966877,51.585433],[-2.966589,51.585356],[-2.966383,51.585298],[-2.966221,51.585246],[-2.965992,51.58518],[-2.965794,51.585128],[-2.964988,51.584917]]},"properties":{"@id":"way/126977865","electrified":"no","gauge":"1435","maxspeed":"10 mph","name":"Uskmouth Branch","operator":"Network Rail","operator:wikidata":"Q1501071","railway":"rail","railway:bidirectional":"regular","railway:preferred_direction":"both","ref":"EUB","usage":"branch"},"id":"way/126977865"},{"type":"Feature","geometry":{"type":"LineString","coordinates":[[-3.24734,51.404131],[-3.246791,51.404248],[-3.246607,51.404275],[-3.246463,51.404286],[-3.246263,51.40429],[-3.246069,51.404285],[-3.245829,51.404274],[-3.24566,51.40426],[-3.245341,51.404222],[-3.245193,51.404211],[-3.24499,51.404199],[-3.244718,51.404191],[-3.244529,51.40419],[-3.244377,51.404192],[-3.244225,51.404201],[-3.244059,51.404217],[-3.24393,51.404237],[-3.243815,51.40426],[-3.243589,51.404309],[-3.243118,51.404447],[-3.237849,51.406886],[-3.236926,51.407348],[-3.236811,51.407422],[-3.236759,51.40746],[-3.236708,51.407504],[-3.236666,51.407543],[-3.23664,51.407575],[-3.236615,51.407606],[-3.236594,51.407636],[-3.236568,51.407697],[-3.236549,51.407749],[-3.236535,51.407822],[-3.236529,51.407858],[-3.23652,51.408103],[-3.236525,51.408138],[-3.236532,51.408165],[-3.236545,51.408201],[-3.23657,51.408244],[-3.23659,51.408273],[-3.236643,51.408339],[-3.236693,51.408401],[-3.236767,51.408488],[-3.23682,51.408555],[-3.236905,51.408662],[-3.237338,51.409218]]},"properties":{"@id":"way/127167639","railway":"rail","service":"spur"},"id":"way/127167639"},{"type":"Feature","geometry":{"type":"LineString","coordinates":[[-3.235956,51.407786],[-3.236926,51.407348]]},"properties":{"@id":"way/127167654","railway":"rail","service":"siding"},"id":"way/127167654"},{"type":"Feature","geometry":{"type":"LineString","coordinates":[[-3.236814,51.407659],[-3.236769,51.407735],[-3.23674,51.407786],[-3.236728,51.407812],[-3.236718,51.407845],[-3.236711,51.407882],[-3.236709,51.407924],[-3.236712,51.407962],[-3.236718,51.407992],[-3.236727,51.408037],[-3.236754,51.408133],[-3.236782,51.408223],[-3.236788,51.408252],[-3.236793,51.408292],[-3.236806,51.408411],[-3.236816,51.408451],[-3.236829,51.408497],[-3.236847,51.408545],[-3.236905,51.408662]]},"properties":{"@id":"way/127167663","railway":"rail","service":"spur"},"id":"way/127167663"},{"type":"Feature","geometry":{"type":"LineString","coordinates":[[-3.004956,51.576866],[-3.004918,51.576879],[-3.00459,51.576984],[-3.004018,51.577143],[-3.00307,51.577359],[-3.002682,51.577458],[-3.002064,51.577648],[-3.001763,51.577742],[-3.00156,51.5778],[-3.001298,51.577854],[-3.001017,51.577895],[-3.000573,51.57794],[-3.000077,51.577978],[-2.999587,51.577985]]},"properties":{"@id":"way/127193475","electrified":"no","gauge":"1435","name":"Ebbw Valley Line","railway":"rail","ref":"WVL","service":"yard","tracks":"2"},"id":"way/127193475"},{"type":"Feature","geometry":{"type":"LineString","coordinates":[[-3.006654,51.570367],[-3.006319,51.567989]]},"properties":{"@id":"way/127491701","electrified":"no","gauge":"1435","railway":"rail","service":"yard"},"id":"way/127491701"},{"type":"Feature","geometry":{"type":"LineString","coordinates":[[-3.007056,51.571312],[-3.006952,51.57107],[-3.006787,51.570102],[-3.006469,51.567992]]},"properties":{"@id":"way/127491703","electrified":"no","gauge":"1435","railway":"rail","service":"yard"},"id":"way/127491703"},{"type":"Feature","geometry":{"type":"LineString","coordinates":[[-3.006952,51.57107],[-3.006846,51.570821],[-3.006751,51.570597],[-3.006654,51.570367],[-3.006591,51.570218],[-3.006562,51.570115],[-3.006262,51.567994]]},"properties":{"@id":"way/127491704","electrified":"no","gauge":"1435","railway":"rail","service":"yard"},"id":"way/127491704"},{"type":"Feature","geometry":{"type":"LineString","coordinates":[[-3.006201,51.567997],[-3.006457,51.569995],[-3.006508,51.570198],[-3.006986,51.571277]]},"properties":{"@id":"way/127492328","electrified":"no","gauge":"1435","railway":"rail","service":"yard"},"id":"way/127492328"},{"type":"Feature","geometry":{"type":"LineString","coordinates":[[-3.006846,51.570821],[-3.006798,51.570514],[-3.006418,51.567992]]},"properties":{"@id":"way/127492329","electrified":"no","gauge":"1435","railway":"rail","service":"yard"},"id":"way/127492329"},{"type":"Feature","geometry":{"type":"LineString","coordinates":[[-3.006369,51.56799],[-3.006751,51.570597]]},"properties":{"@id":"way/127492330","electrified":"no","gauge":"1435","railway":"rail","service":"yard"},"id":"way/127492330"},{"type":"Feature","geometry":{"type":"LineString","coordinates":[[-3.00665,51.57077],[-3.006508,51.570455],[-3.006438,51.570309],[-3.006387,51.570142],[-3.006347,51.569968],[-3.006094,51.567953]]},"properties":{"@id":"way/127492565","electrified":"no","gauge":"1435","railway":"rail","service":"yard"},"id":"way/127492565"},{"type":"Feature","geometry":{"type":"LineString","coordinates":[[-3.005995,51.567956],[-3.006243,51.569973],[-3.006272,51.570115],[-3.006345,51.570309]]},"properties":{"@id":"way/127492567","electrified":"no","gauge":"1435","railway":"rail","service":"yard"},"id":"way/127492567"},{"type":"Feature","geometry":{"type":"LineString","coordinates":[[-3.006473,51.570522],[-3.006363,51.570248],[-3.006318,51.570098],[-3.006277,51.569808],[-3.006043,51.567954]]},"properties":{"@id":"way/127492568","electrified":"no","gauge":"1435","railway":"rail","service":"yard"},"id":"way/127492568"},{"type":"Feature","geometry":{"type":"LineString","coordinates":[[-3.008081,51.574701],[-3.008039,51.574491],[-3.007923,51.573755],[-3.007911,51.573651],[-3.007868,51.573421],[-3.007838,51.573252],[-3.007742,51.572707],[-3.007505,51.571606],[-3.007355,51.570879],[-3.007023,51.569137],[-3.006901,51.568437],[-3.006868,51.568255],[-3.006583,51.566749]]},"properties":{"@id":"way/127493949","electrified":"contact_line","frequency":"50","gauge":"1435","maxspeed":"15 mph","railway":"rail","railway:track_ref":"UDGL","service":"yard","voltage":"25000"},"id":"way/127493949"},{"type":"Feature","geometry":{"type":"LineString","coordinates":[[-3.007075,51.572515],[-3.006884,51.572369],[-3.006786,51.572292],[-3.006662,51.572215],[-3.006516,51.572144],[-3.006362,51.572082],[-3.006221,51.572039],[-3.006087,51.572004],[-3.005897,51.571966],[-3.005698,51.571932]]},"properties":{"@id":"way/127494160","electrified":"no","gauge":"1435","operator":"Network Rail","operator:wikidata":"Q1501071","railway":"rail","service":"yard"},"id":"way/127494160"},{"type":"Feature","geometry":{"type":"LineString","coordinates":[[-3.007166,51.572605],[-3.006956,51.572452],[-3.006825,51.572372],[-3.006685,51.572296],[-3.006535,51.572219],[-3.006336,51.572147],[-3.006178,51.572097],[-3.005988,51.572047],[-3.005494,51.571964]]},"properties":{"@id":"way/127494162","electrified":"no","gauge":"1435","operator":"Network Rail","operator:wikidata":"Q1501071","railway":"rail","service":"yard"},"id":"way/127494162"},{"type":"Feature","geometry":{"type":"LineString","coordinates":[[-3.006886,51.569385],[-3.006885,51.56964],[-3.006884,51.569863],[-3.006884,51.56999],[-3.006902,51.570165],[-3.007028,51.570899],[-3.007034,51.571189]]},"properties":{"@id":"way/127494449","electrified":"no","gauge":"1435","railway":"rail","service":"yard"},"id":"way/127494449"},{"type":"Feature","geometry":{"type":"LineString","coordinates":[[-3.006901,51.568437],[-3.006893,51.568928],[-3.006889,51.569162]]},"properties":{"@id":"way/127494450","electrified":"no","gauge":"1435","railway":"rail","service":"yard"},"id":"way/127494450"},{"type":"Feature","geometry":{"type":"LineString","coordinates":[[-3.006893,51.568928],[-3.006962,51.569245],[-3.007023,51.569523],[-3.007337,51.571124],[-3.007474,51.571847],[-3.007541,51.572187],[-3.007657,51.572791]]},"properties":{"@id":"way/127494451","electrified":"no","gauge":"1435","railway":"rail","service":"yard"},"id":"way/127494451"},{"type":"Feature","geometry":{"type":"LineString","coordinates":[[-3.007563,51.572589],[-3.007526,51.572376],[-3.007422,51.571896],[-3.007402,51.571784],[-3.007286,51.571131],[-3.006895,51.569202],[-3.006889,51.569162],[-3.006801,51.568637],[-3.006729,51.568199]]},"properties":{"@id":"way/127494452","electrified":"no","gauge":"1435","railway":"rail","service":"yard"},"id":"way/127494452"},{"type":"Feature","geometry":{"type":"LineString","coordinates":[[-3.006885,51.56964],[-3.007082,51.570612],[-3.007345,51.571876],[-3.007457,51.572319]]},"properties":{"@id":"way/127494453","electrified":"no","gauge":"1435","railway":"rail","service":"yard"},"id":"way/127494453"},{"type":"Feature","geometry":{"type":"LineString","coordinates":[[-3.006909,51.568192],[-3.006901,51.568437]]},"properties":{"@id":"way/127494454","electrified":"contact_line","frequency":"50","gauge":"1435","operator":"Network Rail","operator:wikidata":"Q1501071","railway":"rail","service":"yard","voltage":"25000"},"id":"way/127494454"},{"type":"Feature","geometry":{"type":"LineString","coordinates":[[-3.007402,51.571784],[-3.007294,51.571434],[-3.006886,51.569385],[-3.006895,51.569202]]},"properties":{"@id":"way/127494455","electrified":"no","gauge":"1435","railway":"rail","service":"yard"},"id":"way/127494455"},{"type":"Feature","geometry":{"type":"LineString","coordinates":[[-3.007345,51.571876],[-3.007227,51.571594],[-3.007173,51.57138],[-3.006957,51.570177],[-3.006884,51.569863]]},"properties":{"@id":"way/127494599","electrified":"no","gauge":"1435","railway":"rail","service":"yard"},"id":"way/127494599"},{"type":"Feature","geometry":{"type":"LineString","coordinates":[[-3.007911,51.573651],[-3.007841,51.573453],[-3.007805,51.57335],[-3.007771,51.573255],[-3.007717,51.573166],[-3.007648,51.573077],[-3.007487,51.572908],[-3.007342,51.572773],[-3.007071,51.572588],[-3.006881,51.572484],[-3.006677,51.572384],[-3.006515,51.572316],[-3.006342,51.572257],[-3.00615,51.5722],[-3.005948,51.572155],[-3.005747,51.572116],[-3.005542,51.572089],[-3.005305,51.572069],[-3.005061,51.572062],[-3.00481,51.572068],[-3.004555,51.572087],[-3.004332,51.572114],[-3.004112,51.572155],[-3.002486,51.572519],[-3.00208,51.572602],[-3.001874,51.572639],[-3.001657,51.572667],[-3.001464,51.572685],[-3.001271,51.572693],[-3.001071,51.572697],[-3.000871,51.572695],[-3.000658,51.572688],[-3.000449,51.572675],[-3.000231,51.572652],[-3.000015,51.572622],[-2.999815,51.572582],[-2.999617,51.572537],[-2.999408,51.572484],[-2.999206,51.572425],[-2.99902,51.572357],[-2.998835,51.57228],[-2.998564,51.572161],[-2.998352,51.572058],[-2.998151,51.571955],[-2.997968,51.571846],[-2.997795,51.571733],[-2.997676,51.571654],[-2.997568,51.57157],[-2.997235,51.571282]]},"properties":{"@id":"way/127494949","electrified":"no","gauge":"1435","name":"Newport Low Level Loop","operator":"Network Rail","operator:wikidata":"Q1501071","railway":"rail","ref":"NLL","service":"spur"},"id":"way/127494949"},{"type":"Feature","geometry":{"type":"LineString","coordinates":[[-3.013344,51.572014],[-3.013184,51.572044],[-3.01301,51.572073]]},"properties":{"@id":"way/127533249","bridge":"yes","electrified":"no","gauge":"1435","layer":"1","maxspeed":"30 mph","name":"Ebbw Valley Line","name:cy":"Rheilffordd Dyffryn Ebwy","operator":"Network Rail","operator:wikidata":"Q1501071","railway":"rail","railway:aws":"yes","railway:preferred_direction":"forward","railway:tpws":"yes","ref":"NWN","source":"NPE","tracks":"2","usage":"branch"},"id":"way/127533249"},{"type":"Feature","geometry":{"type":"LineString","coordinates":[[-3.01301,51.572073],[-3.012678,51.572103],[-3.012077,51.572132],[-3.01168,51.572115],[-3.011228,51.572077],[-3.010726,51.572004],[-3.010323,51.571921],[-3.009783,51.571776],[-3.009225,51.571559],[-3.008698,51.571252],[-3.008422,51.571068],[-3.008185,51.570862],[-3.008008,51.570679],[-3.0078,51.5704],[-3.00772,51.570263]]},"properties":{"@id":"way/127533252","electrified":"contact_line","frequency":"50","gauge":"1435","maxspeed":"30 mph","name":"Ebbw Valley Line","name:cy":"Rheilffordd Dyffryn Ebwy","operator":"Network Rail","operator:wikidata":"Q1501071","railway":"rail","railway:aws":"yes","railway:preferred_direction":"forward","railway:tpws":"yes","ref":"NWN","source":"NPE","tracks":"2","usage":"branch","voltage":"25000"},"id":"way/127533252"},{"type":"Feature","geometry":{"type":"LineString","coordinates":[[-3.071819,51.599295],[-3.072874,51.599961],[-3.073682,51.60047],[-3.074084,51.600717],[-3.074293,51.600828],[-3.074503,51.60094],[-3.076879,51.602007]]},"properties":{"@id":"way/127538140","electrified":"no","gauge":"1435","maxspeed":"40 mph","name":"Western Valleys Line","operator":"Network Rail","operator:wikidata":"Q1501071","railway":"rail","ref":"WVL","usage":"branch"},"id":"way/127538140"},{"type":"Feature","geometry":{"type":"LineString","coordinates":[[-2.965629,51.575605],[-2.96512,51.575827]]},"properties":{"@id":"way/128381987","bridge":"yes","electrified":"no","gauge":"1435","layer":"1","maxspeed":"15 mph","name":"East Usk Branch","operator":"Network Rail","operator:wikidata":"Q1501071","railway":"rail","railway:bidirectional":"regular","railway:preferred_direction":"both","ref":"EUB","usage":"branch"},"id":"way/128381987"},{"type":"Feature","geometry":{"type":"LineString","coordinates":[[-3.000573,51.57794],[-3.000852,51.577897],[-3.001003,51.577873],[-3.001281,51.577823],[-3.001548,51.577766],[-3.001735,51.577717],[-3.002242,51.577565],[-3.00279,51.577402],[-3.003018,51.57734],[-3.003291,51.577286],[-3.003826,51.577159],[-3.004271,51.577042],[-3.004831,51.576881],[-3.004933,51.576842]]},"properties":{"@id":"way/131418469","electrified":"no","gauge":"1435","name":"Ebbw Valley Line","railway":"rail","ref":"WVL","service":"yard"},"id":"way/131418469"},{"type":"Feature","geometry":{"type":"LineString","coordinates":[[-3.077771,51.602329],[-3.078164,51.602483],[-3.078638,51.602649],[-3.079052,51.602774],[-3.079476,51.602884],[-3.079907,51.602975],[-3.080195,51.603015],[-3.080635,51.603061],[-3.080979,51.603069],[-3.082486,51.6031],[-3.082837,51.603121],[-3.083348,51.603179],[-3.083733,51.603243],[-3.084196,51.603349],[-3.084559,51.603447],[-3.084971,51.603588],[-3.08551,51.603817],[-3.086888,51.6044],[-3.087329,51.60458],[-3.087643,51.604691],[-3.088146,51.604832],[-3.088601,51.604932],[-3.089463,51.605101],[-3.090041,51.605221]]},"properties":{"@id":"way/135775327","electrified":"no","gauge":"1435","maxspeed":"30 mph","name":"Ebbw Valley Line","name:cy":"Rheilffordd Dyffryn Ebwy","operator":"Network Rail","operator:wikidata":"Q1501071","railway":"rail","ref":"WVL","source":"NPE","usage":"branch"},"id":"way/135775327"},{"type":"Feature","geometry":{"type":"LineString","coordinates":[[-3.076879,51.602007],[-3.077617,51.602309]]},"properties":{"@id":"way/135775328","bridge":"yes","electrified":"no","gauge":"1435","layer":"1","maxspeed":"30 mph","name":"Western Valleys Line","operator":"Network Rail","operator:wikidata":"Q1501071","railway":"rail","ref":"WVL","usage":"branch"},"id":"way/135775328"},{"type":"Feature","geometry":{"type":"LineString","coordinates":[[-3.077617,51.602309],[-3.078014,51.602468],[-3.07848,51.602639],[-3.078813,51.602742],[-3.079274,51.602874],[-3.079719,51.602974],[-3.08002,51.603029],[-3.080395,51.603076],[-3.080669,51.603099],[-3.0823,51.603129],[-3.082584,51.603141],[-3.082761,51.603154],[-3.082965,51.603171],[-3.08323,51.603202],[-3.083466,51.603234],[-3.083703,51.603279],[-3.083917,51.603321],[-3.08411,51.603367],[-3.084306,51.603417],[-3.084472,51.603464],[-3.084775,51.60356],[-3.084985,51.603634],[-3.086055,51.604085],[-3.086782,51.604397],[-3.087144,51.604547],[-3.087372,51.604638],[-3.087568,51.60471],[-3.087739,51.604763],[-3.08794,51.604817],[-3.088235,51.60489],[-3.089866,51.605223],[-3.090025,51.605257]]},"properties":{"@id":"way/135775329","electrified":"no","gauge":"1435","layer":"1","maxspeed":"30 mph","name":"Western Valleys Line","operator":"Network Rail","operator:wikidata":"Q1501071","railway":"rail","ref":"WVL","usage":"branch"},"id":"way/135775329"},{"type":"Feature","geometry":{"type":"LineString","coordinates":[[-3.077066,51.602029],[-3.077771,51.602329]]},"properties":{"@id":"way/135775330","bridge":"yes","electrified":"no","gauge":"1435","layer":"1","maxspeed":"30 mph","name":"Ebbw Valley Line","operator":"Network Rail","operator:wikidata":"Q1501071","railway":"rail","ref":"WVL","source":"NPE","usage":"branch"},"id":"way/135775330"},{"type":"Feature","geometry":{"type":"LineString","coordinates":[[-3.01627,51.670195],[-3.016227,51.670439],[-3.01623,51.670817],[-3.016266,51.671152],[-3.016351,51.671647],[-3.016399,51.671991],[-3.016482,51.672505],[-3.016567,51.67303],[-3.01664,51.673563],[-3.016691,51.673912],[-3.016774,51.674488],[-3.016899,51.675219],[-3.016961,51.675476],[-3.017075,51.675896]]},"properties":{"@id":"way/141472884","name":"Panteg Goods Loop","operator":"Network Rail","operator:wikidata":"Q1501071","railway":"rail","railway:aws":"yes","railway:tpws":"yes","railway:track_ref":"DGL","service":"siding"},"id":"way/141472884"},{"type":"Feature","geometry":{"type":"LineString","coordinates":[[-3.016763,51.673552],[-3.016894,51.673999]]},"properties":{"@id":"way/141472982","operator":"Network Rail","operator:wikidata":"Q1501071","railway":"rail","railway:aws":"yes","railway:tpws":"yes","railway:track_ref":"UGL","service":"siding"},"id":"way/141472982"},{"type":"Feature","geometry":{"type":"LineString","coordinates":[[-3.016831,51.673553],[-3.016894,51.673999],[-3.016975,51.674578],[-3.017133,51.675513],[-3.017261,51.676316],[-3.017379,51.677086],[-3.017525,51.678072],[-3.017553,51.678317],[-3.017578,51.678808]]},"properties":{"@id":"way/141472983","operator":"Network Rail","operator:wikidata":"Q1501071","railway":"rail","railway:aws":"yes","railway:tpws":"yes","railway:track_ref":"UGL","service":"siding"},"id":"way/141472983"},{"type":"Feature","geometry":{"type":"LineString","coordinates":[[-3.0174,51.678018],[-3.0175,51.67835]]},"properties":{"@id":"way/141473053","operator":"Network Rail","operator:wikidata":"Q1501071","railway":"rail","railway:aws":"yes","railway:tpws":"yes"},"id":"way/141473053"},{"type":"Feature","geometry":{"type":"LineString","coordinates":[[-3.01218,51.643769],[-3.012521,51.644155],[-3.012847,51.644524],[-3.013184,51.644901],[-3.013376,51.645158],[-3.013624,51.645522],[-3.013892,51.645969],[-3.014195,51.646593],[-3.014343,51.64699],[-3.014448,51.647305],[-3.014642,51.648215],[-3.014831,51.649395],[-3.014921,51.649976],[-3.015023,51.650658],[-3.015154,51.65147],[-3.015255,51.652095],[-3.01538,51.65288],[-3.015475,51.653471],[-3.01561,51.654271],[-3.015719,51.654935],[-3.01584,51.655772],[-3.015956,51.656547],[-3.016019,51.656954],[-3.016026,51.656998],[-3.016119,51.657622],[-3.016203,51.65819],[-3.016207,51.658216],[-3.016294,51.658744],[-3.016391,51.659339],[-3.016497,51.66003],[-3.016584,51.660551],[-3.01668,51.661211],[-3.016796,51.66194],[-3.016916,51.662707],[-3.017026,51.663487],[-3.017093,51.664169],[-3.017094,51.664306],[-3.017095,51.664863],[-3.017067,51.665143],[-3.017018,51.665638],[-3.016946,51.666099],[-3.016848,51.666582],[-3.016771,51.667021],[-3.016675,51.667495],[-3.016549,51.668169],[-3.016469,51.668709],[-3.016385,51.669235],[-3.016328,51.669941],[-3.01634,51.670493],[-3.016377,51.670977],[-3.016423,51.671361],[-3.016449,51.671589],[-3.016549,51.672138],[-3.016658,51.672848],[-3.016729,51.673317],[-3.016763,51.673552],[-3.016819,51.673928],[-3.016913,51.674618],[-3.017049,51.675393],[-3.017127,51.675859],[-3.017213,51.676449],[-3.017323,51.677173],[-3.017412,51.677752],[-3.0175,51.67835],[-3.017578,51.678808],[-3.0176,51.679012],[-3.017678,51.679399],[-3.017802,51.679997],[-3.018023,51.680893],[-3.018251,51.681673],[-3.018523,51.682416],[-3.018805,51.683035],[-3.019094,51.683529],[-3.019298,51.683848],[-3.019636,51.68435],[-3.02008,51.684938],[-3.020226,51.685187]]},"properties":{"@id":"way/141473467","electrified":"no","gauge":"1435","maxspeed":"80 mph","name":"Welsh Marches Line","operator":"Network Rail","operator:wikidata":"Q1501071","railway":"rail","railway:aws":"yes","railway:tpws":"yes","railway:track_ref":"UM","ref":"HNL1","usage":"main"},"id":"way/141473467"},{"type":"Feature","geometry":{"type":"LineString","coordinates":[[-2.981052,51.607789],[-2.981026,51.607816],[-2.980715,51.608145],[-2.980447,51.608358],[-2.980184,51.608541],[-2.979911,51.608715],[-2.979661,51.608856],[-2.979417,51.608978],[-2.979127,51.609114],[-2.9788,51.609246],[-2.978301,51.609426],[-2.977941,51.609542],[-2.977372,51.609717],[-2.976807,51.609874],[-2.976362,51.609989],[-2.975887,51.610106],[-2.975444,51.610207],[-2.975058,51.61029],[-2.974521,51.610403],[-2.974076,51.610494],[-2.973524,51.6106],[-2.972746,51.610757],[-2.972285,51.61085],[-2.971537,51.611],[-2.970595,51.611188],[-2.970002,51.611303],[-2.969358,51.611429],[-2.968541,51.611593],[-2.967776,51.611749],[-2.966853,51.611931],[-2.966117,51.612082],[-2.965403,51.612229],[-2.964724,51.612361],[-2.96374,51.612559],[-2.962629,51.612777],[-2.962044,51.612899],[-2.961663,51.612988],[-2.961105,51.613143],[-2.960854,51.613223],[-2.960613,51.613304],[-2.960499,51.613344],[-2.960239,51.613449],[-2.959923,51.613582],[-2.959668,51.613705],[-2.959424,51.613832],[-2.959241,51.613928],[-2.95911,51.61401],[-2.958895,51.61414],[-2.958676,51.614281],[-2.958547,51.614378],[-2.958324,51.614549],[-2.958171,51.614674],[-2.958039,51.614797],[-2.957935,51.614904],[-2.957833,51.615003],[-2.957696,51.615145],[-2.957605,51.615257],[-2.957468,51.615432],[-2.957323,51.615633],[-2.957224,51.615785],[-2.95709,51.616021],[-2.956974,51.616268],[-2.956894,51.616466],[-2.956835,51.616654],[-2.956792,51.616816],[-2.956752,51.617011],[-2.956722,51.617192],[-2.956709,51.617355],[-2.956706,51.617515],[-2.956709,51.61768],[-2.956722,51.617817],[-2.956749,51.618071],[-2.956795,51.618276],[-2.956852,51.618465],[-2.9569,51.618627],[-2.956994,51.618851],[-2.957085,51.619043],[-2.957224,51.619274],[-2.957337,51.619451],[-2.957551,51.619742],[-2.957699,51.619912],[-2.95787,51.620108],[-2.958039,51.620291],[-2.958214,51.620475],[-2.958468,51.620721],[-2.958702,51.620961],[-2.959042,51.621276],[-2.95934,51.621527],[-2.959748,51.621832],[-2.960011,51.622013],[-2.960421,51.622255],[-2.960894,51.622509],[-2.961261,51.622671],[-2.961714,51.622863],[-2.962486,51.623146],[-2.963278,51.623422]]},"properties":{"@id":"way/142157987","electrified":"no","gauge":"1435","maxspeed":"60 mph","name":"Welsh Marches Line","name:cy":"Rheilffordd y Gororau","operator":"Network Rail","operator:wikidata":"Q1501071","railway":"rail","railway:aws":"yes","railway:tpws":"yes","railway:track_ref":"UH","ref":"HNL1","usage":"main"},"id":"way/142157987"},{"type":"Feature","geometry":{"type":"LineString","coordinates":[[-3.001202,51.636722],[-3.00151,51.636797]]},"properties":{"@id":"way/142157989","bridge":"yes","electrified":"no","gauge":"1435","maxspeed":"80 mph","operator":"Network Rail","operator:wikidata":"Q1501071","railway":"rail","railway:aws":"yes","railway:tpws":"yes","railway:track_ref":"UH","ref":"HNL1","usage":"main"},"id":"way/142157989"},{"type":"Feature","geometry":{"type":"LineString","coordinates":[[-3.001517,51.636838],[-3.001221,51.636769]]},"properties":{"@id":"way/142157991","bridge":"yes","electrified":"no","gauge":"1435","maxspeed":"80 mph","name":"Welsh Marches Line","operator":"Network Rail","operator:wikidata":"Q1501071","railway":"rail","railway:aws":"yes","railway:tpws":"yes","railway:track_ref":"DH","ref":"HNL1","tracks":"2","usage":"main"},"id":"way/142157991"},{"type":"Feature","geometry":{"type":"LineString","coordinates":[[-3.020152,51.685198],[-3.019658,51.684503],[-3.018923,51.683359],[-3.018676,51.68292],[-3.018355,51.682137],[-3.018138,51.681531],[-3.01796,51.680863],[-3.017768,51.680112],[-3.017631,51.679453],[-3.017529,51.678934],[-3.017407,51.678066],[-3.0174,51.678018],[-3.017298,51.677373],[-3.017219,51.676807],[-3.017107,51.676122],[-3.017075,51.675896],[-3.016841,51.674568],[-3.016725,51.673738],[-3.01661,51.672928],[-3.01652,51.672369],[-3.01637,51.671369],[-3.016284,51.67064],[-3.01627,51.670195],[-3.01632,51.669396],[-3.016453,51.668428],[-3.016601,51.667596],[-3.016953,51.665716],[-3.017014,51.665074],[-3.017035,51.664631],[-3.017008,51.663983],[-3.016859,51.662705],[-3.016758,51.662042],[-3.016507,51.660437],[-3.016338,51.659349],[-3.016162,51.658225],[-3.015986,51.65709],[-3.015959,51.656947],[-3.015899,51.656551],[-3.014928,51.650387],[-3.014839,51.6498],[-3.014401,51.64729],[-3.014216,51.646803],[-3.014025,51.646348],[-3.01372,51.645792],[-3.013336,51.645192],[-3.013038,51.644809],[-3.012122,51.64379]]},"properties":{"@id":"way/142157992","electrified":"no","gauge":"1435","maxspeed":"80 mph","name":"Welsh Marches Line","operator":"Network Rail","operator:wikidata":"Q1501071","railway":"rail","railway:aws":"yes","railway:tpws":"yes","railway:track_ref":"DM","ref":"HNL1","tracks":"2","usage":"main"},"id":"way/142157992"},{"type":"Feature","geometry":{"type":"LineString","coordinates":[[-2.99062,51.591934],[-2.990887,51.591926],[-2.991026,51.591919]]},"properties":{"@id":"way/142906520","electrified":"contact_line","frequency":"50","gauge":"1435","maxspeed":"40 mph","name":"South Wales Main Line","name:br":"Linenn Pennañ Su Kembre","name:cy":"Prif Linell De Cymru","operator":"Network Rail","operator:wikidata":"Q1501071","passenger_lines":"4","railway":"rail","railway:aws":"yes","railway:tpws":"yes","railway:track_ref":"DM","ref":"SWM2","usage":"main","voltage":"25000"},"id":"way/142906520"},{"type":"Feature","geometry":{"type":"LineString","coordinates":[[-2.992465,51.591809],[-2.992329,51.591827],[-2.992193,51.591845],[-2.991843,51.591888],[-2.991527,51.591916],[-2.991262,51.591934],[-2.991053,51.591947]]},"properties":{"@id":"way/142906526","electrified":"contact_line","frequency":"50","gauge":"1435","maxspeed":"40 mph","name":"South Wales Main Line","name:br":"Linenn Pennañ Su Kembre","name:cy":"Prif Linell De Cymru","operator":"Network Rail","operator:wikidata":"Q1501071","passenger_lines":"4","railway":"rail","railway:aws":"yes","railway:tpws":"yes","railway:track_ref":"UM","ref":"SWM2","usage":"main","voltage":"25000"},"id":"way/142906526"},{"type":"Feature","geometry":{"type":"LineString","coordinates":[[-2.995411,51.59113],[-2.994711,51.59131]]},"properties":{"@id":"way/142907028","bridge":"yes","electrified":"contact_line","frequency":"50","gauge":"1435","layer":"1","name":"South Wales Main Line","name:cy":"Prif Linell De Cymru","operator":"Network Rail","operator:wikidata":"Q1501071","railway":"rail","ref":"SWM2","service":"crossover","voltage":"25000"},"id":"way/142907028"},{"type":"Feature","geometry":{"type":"LineString","coordinates":[[-2.99412,51.591425],[-2.993272,51.591628]]},"properties":{"@id":"way/142907029","bridge":"yes","electrified":"contact_line","frequency":"50","gauge":"1435","layer":"1","maxspeed":"25 mph","name":"South Wales Main Line","name:br":"Linenn Pennañ Su Kembre","name:cy":"Prif Linell De Cymru","operator":"Network Rail","operator:wikidata":"Q1501071","railway":"rail","railway:aws":"yes","railway:tpws":"yes","ref":"SWM2","service":"crossover","voltage":"25000"},"id":"way/142907029"},{"type":"Feature","geometry":{"type":"LineString","coordinates":[[-2.997895,51.590247],[-2.997659,51.590349],[-2.99753,51.590406],[-2.9973,51.590501],[-2.997113,51.590574]]},"properties":{"@id":"way/142907750","electrified":"contact_line","frequency":"50","gauge":"1435","layer":"1","name":"South Wales Main Line","name:br":"Linenn Pennañ Su Kembre","name:cy":"Prif Linell De Cymru","operator":"Network Rail","operator:wikidata":"Q1501071","railway":"rail","railway:aws":"yes","railway:tpws":"yes","ref":"SWM2","usage":"main","voltage":"25000"},"id":"way/142907750"},{"type":"Feature","geometry":{"type":"LineString","coordinates":[[-2.992418,51.5917],[-2.992521,51.591683],[-2.992795,51.591632],[-2.993112,51.591574],[-2.993473,51.591511],[-2.993736,51.591465],[-2.994064,51.591402],[-2.994442,51.59133],[-2.994653,51.59129],[-2.994991,51.591223],[-2.995244,51.591168],[-2.995411,51.59113],[-2.995614,51.591079],[-2.995772,51.591035],[-2.995844,51.591015]]},"properties":{"@id":"way/142908607","bridge":"yes","electrified":"contact_line","frequency":"50","gauge":"1435","layer":"1","maxspeed":"40 mph","name":"South Wales Main Line","name:br":"Linenn Pennañ Su Kembre","name:cy":"Prif Linell De Cymru","operator":"Network Rail","operator:wikidata":"Q1501071","railway":"rail","railway:aws":"yes","railway:tpws":"yes","railway:track_ref":"DR","ref":"SWM2","usage":"main","voltage":"25000"},"id":"way/142908607"},{"type":"Feature","geometry":{"type":"LineString","coordinates":[[-2.986726,51.591957],[-2.986656,51.591877],[-2.986589,51.591812],[-2.986497,51.591724],[-2.986392,51.59164],[-2.986279,51.591555],[-2.986174,51.591485],[-2.986072,51.591426],[-2.985969,51.591369],[-2.985866,51.591318],[-2.985764,51.591271],[-2.985646,51.59122],[-2.985501,51.591165]]},"properties":{"@id":"way/154934929","alt_name":"Maindee East Loop","electrified":"no","gauge":"1435","maxspeed":"30 mph","name":"Hereford Loop","operator":"Network Rail","operator:wikidata":"Q1501071","railway":"rail","railway:aws":"yes","railway:tpws":"yes","ref":"MAI","tracks":"1","usage":"main"},"id":"way/154934929"},{"type":"Feature","geometry":{"type":"LineString","coordinates":[[-3.181963,51.515344],[-3.18188,51.515219],[-3.181766,51.515053],[-3.181648,51.514886],[-3.181495,51.514694],[-3.181402,51.514589],[-3.181188,51.514345],[-3.181037,51.514156],[-3.180964,51.51405],[-3.180874,51.513906],[-3.180818,51.513793],[-3.18073,51.513607],[-3.180662,51.51347]]},"properties":{"@id":"way/163313396","electrified":"contact_line","frequency":"50","gauge":"1435","maxspeed":"25 mph","name":"Coryton Line","operator":"Transport for Wales","operator:wikidata":"Q48740007","railway":"rail","railway:aws":"yes","railway:bidirectional":"regular","railway:preferred_direction":"both","railway:tpws":"yes","ref":"CRY","source":"NPE","usage":"branch","voltage":"25000","wikidata":"Q5173810","wikipedia":"en:Coryton Line"},"id":"way/163313396"},{"type":"Feature","geometry":{"type":"LineString","coordinates":[[-3.376359,51.518132],[-3.376114,51.518013],[-3.375781,51.517854],[-3.375226,51.517616],[-3.374637,51.517395],[-3.3739,51.517128],[-3.373371,51.516972],[-3.372591,51.516745],[-3.371997,51.51656],[-3.371493,51.516412]]},"properties":{"@id":"way/174662422","electrified":"no","gauge":"1435","maxspeed":"75 mph","name":"South Wales Main Line","name:br":"Linenn Pennañ Su Kembre","name:cy":"Prif Linell De Cymru","name:en":"South Wales Main Line","operator":"Network Rail","operator:wikidata":"Q1501071","passenger_lines":"2","railway":"rail","ref":"SWM2","usage":"main"},"id":"way/174662422"},{"type":"Feature","geometry":{"type":"LineString","coordinates":[[-3.349714,51.500213],[-3.349609,51.500108],[-3.349424,51.499921],[-3.349137,51.499605],[-3.348805,51.499203],[-3.348505,51.498817],[-3.348195,51.498395],[-3.347886,51.49796],[-3.347639,51.497567],[-3.347408,51.497158],[-3.347195,51.496755],[-3.346995,51.496342],[-3.346812,51.495918],[-3.346626,51.495459],[-3.346494,51.495083],[-3.346354,51.494726]]},"properties":{"@id":"way/174662423","electrified":"no","gauge":"1435","maxspeed":"75 mph","name":"South Wales Main Line","name:br":"Linenn Pennañ Su Kembre","name:cy":"Prif Linell De Cymru","name:en":"South Wales Main Line","operator":"Network Rail","operator:wikidata":"Q1501071","passenger_lines":"2","railway":"rail","ref":"SWM2","usage":"main"},"id":"way/174662423"},{"type":"Feature","geometry":{"type":"LineString","coordinates":[[-3.39289,51.524256],[-3.392865,51.524246],[-3.392542,51.524083],[-3.392138,51.523896],[-3.391597,51.523644],[-3.391025,51.523377],[-3.390527,51.523154],[-3.390137,51.522984],[-3.389692,51.522805],[-3.389389,51.522686],[-3.38898,51.522533],[-3.388616,51.522398],[-3.38821,51.522254],[-3.387882,51.522145],[-3.387348,51.52198],[-3.386958,51.521858],[-3.386537,51.521734],[-3.385935,51.521576]]},"properties":{"@id":"way/174662424","electrified":"no","gauge":"1435","maxspeed":"75 mph","name":"South Wales Main Line","name:br":"Linenn Pennañ Su Kembre","name:cy":"Prif Linell De Cymru","name:en":"South Wales Main Line","operator":"Network Rail","operator:wikidata":"Q1501071","passenger_lines":"2","railway":"rail","ref":"SWM2","usage":"main"},"id":"way/174662424"},{"type":"Feature","geometry":{"type":"LineString","coordinates":[[-3.350369,51.500718],[-3.350709,51.500975],[-3.351112,51.501305],[-3.351657,51.501724],[-3.352137,51.502087],[-3.352903,51.502605],[-3.353543,51.503045],[-3.354056,51.503386],[-3.354581,51.503733],[-3.355022,51.504032],[-3.35557,51.504399],[-3.356122,51.504771],[-3.356728,51.505176],[-3.357234,51.505527],[-3.357754,51.505875],[-3.358325,51.506268],[-3.358813,51.50659],[-3.359133,51.506807],[-3.359646,51.50718]]},"properties":{"@id":"way/174662425","electrified":"no","gauge":"1435","maxspeed":"15 mph","name":"South Wales Main Line","operator":"Network Rail","operator:wikidata":"Q1501071","railway":"rail","ref":"SWM2","service":"siding","source":"Bing"},"id":"way/174662425"},{"type":"Feature","geometry":{"type":"LineString","coordinates":[[-3.359773,51.507334],[-3.359292,51.507052],[-3.358866,51.506791],[-3.35819,51.506321],[-3.35733,51.505754],[-3.356506,51.505204],[-3.355863,51.50476],[-3.355129,51.504263],[-3.354594,51.503905],[-3.353906,51.503442],[-3.353215,51.502981],[-3.352618,51.50258],[-3.352025,51.502192],[-3.351506,51.50179],[-3.351032,51.501429],[-3.350657,51.501114],[-3.350477,51.500949],[-3.350312,51.50077],[-3.350221,51.500665]]},"properties":{"@id":"way/174662426","electrified":"no","gauge":"1435","maxspeed":"15 mph","name":"South Wales Main Line","operator":"Network Rail","operator:wikidata":"Q1501071","railway":"rail","ref":"SWM2","service":"siding","source":"Bing"},"id":"way/174662426"},{"type":"Feature","geometry":{"type":"LineString","coordinates":[[-3.371493,51.516412],[-3.371024,51.516258]]},"properties":{"@id":"way/174662427","bridge":"yes","electrified":"no","gauge":"1435","layer":"1","maxspeed":"75 mph","name":"South Wales Main Line","name:br":"Linenn Pennañ Su Kembre","name:cy":"Prif Linell De Cymru","name:en":"South Wales Main Line","operator":"Network Rail","operator:wikidata":"Q1501071","passenger_lines":"2","railway":"rail","ref":"SWM2","usage":"main"},"id":"way/174662427"},{"type":"Feature","geometry":{"type":"LineString","coordinates":[[-3.349945,51.500427],[-3.349714,51.500213]]},"properties":{"@id":"way/174662428","bridge":"yes","electrified":"no","gauge":"1435","maxspeed":"75 mph","name":"South Wales Main Line","name:br":"Linenn Pennañ Su Kembre","name:cy":"Prif Linell De Cymru","name:en":"South Wales Main Line","operator":"Network Rail","operator:wikidata":"Q1501071","passenger_lines":"2","railway":"rail","ref":"SWM2","usage":"main"},"id":"way/174662428"},{"type":"Feature","geometry":{"type":"LineString","coordinates":[[-3.393149,51.524379],[-3.39289,51.524256]]},"properties":{"@id":"way/174662429","bridge":"yes","electrified":"no","gauge":"1435","layer":"1","maxspeed":"75 mph","name":"South Wales Main Line","name:br":"Linenn Pennañ Su Kembre","name:cy":"Prif Linell De Cymru","name:en":"South Wales Main Line","operator":"Network Rail","operator:wikidata":"Q1501071","passenger_lines":"2","railway":"rail","ref":"SWM2","usage":"main"},"id":"way/174662429"},{"type":"Feature","geometry":{"type":"LineString","coordinates":[[-3.392903,51.524222],[-3.393147,51.524333]]},"properties":{"@id":"way/174662430","bridge":"yes","electrified":"no","gauge":"1435","layer":"1","maxspeed":"75 mph","name":"South Wales Main Line","name:br":"Linenn Pennañ Su Kembre","name:cy":"Prif Linell De Cymru","name:en":"South Wales Main Line","operator":"Network Rail","operator:wikidata":"Q1501071","passenger_lines":"2","railway":"rail","ref":"SWM2","usage":"main"},"id":"way/174662430"},{"type":"Feature","geometry":{"type":"LineString","coordinates":[[-3.376681,51.518302],[-3.376359,51.518132]]},"properties":{"@id":"way/174662431","bridge":"yes","electrified":"no","gauge":"1435","maxspeed":"75 mph","name":"South Wales Main Line","name:br":"Linenn Pennañ Su Kembre","name:cy":"Prif Linell De Cymru","name:en":"South Wales Main Line","operator":"Network Rail","operator:wikidata":"Q1501071","passenger_lines":"2","railway":"rail","ref":"SWM2","usage":"main"},"id":"way/174662431"},{"type":"Feature","geometry":{"type":"LineString","coordinates":[[-3.360848,51.508149],[-3.360553,51.507918]]},"properties":{"@id":"way/174662432","bridge":"yes","electrified":"no","gauge":"1435","layer":"1","maxspeed":"75 mph","name":"South Wales Main Line","name:br":"Linenn Pennañ Su Kembre","name:cy":"Prif Linell De Cymru","name:en":"South Wales Main Line","operator":"Network Rail","operator:wikidata":"Q1501071","passenger_lines":"2","railway":"rail","ref":"SWM2","usage":"main"},"id":"way/174662432"},{"type":"Feature","geometry":{"type":"LineString","coordinates":[[-3.346354,51.494726],[-3.346253,51.494462]]},"properties":{"@id":"way/174662433","bridge":"yes","electrified":"no","gauge":"1435","maxspeed":"75 mph","name":"South Wales Main Line","name:br":"Linenn Pennañ Su Kembre","name:cy":"Prif Linell De Cymru","name:en":"South Wales Main Line","operator":"Network Rail","operator:wikidata":"Q1501071","passenger_lines":"2","railway":"rail","ref":"SWM2","usage":"main"},"id":"way/174662433"},{"type":"Feature","geometry":{"type":"LineString","coordinates":[[-3.327441,51.47825],[-3.327144,51.478209]]},"properties":{"@id":"way/174662434","bridge":"yes","electrified":"no","gauge":"1435","maxspeed":"75 mph","name":"South Wales Main Line","name:br":"Linenn Pennañ Su Kembre","name:cy":"Prif Linell De Cymru","name:en":"South Wales Main Line","operator":"Network Rail","operator:wikidata":"Q1501071","passenger_lines":"2","railway":"rail","ref":"SWM2","usage":"main"},"id":"way/174662434"},{"type":"Feature","geometry":{"type":"LineString","coordinates":[[-3.385935,51.521576],[-3.385594,51.521485]]},"properties":{"@id":"way/174662435","bridge":"yes","electrified":"no","gauge":"1435","layer":"2","maxspeed":"75 mph","name":"South Wales Main Line","name:br":"Linenn Pennañ Su Kembre","name:cy":"Prif Linell De Cymru","name:en":"South Wales Main Line","operator":"Network Rail","operator:wikidata":"Q1501071","passenger_lines":"2","railway":"rail","ref":"SWM2","usage":"main"},"id":"way/174662435"},{"type":"Feature","geometry":{"type":"LineString","coordinates":[[-3.385594,51.521485],[-3.385146,51.521382],[-3.38454,51.521247],[-3.384041,51.521131],[-3.383621,51.521036],[-3.383196,51.520936],[-3.382645,51.520807],[-3.382326,51.520721],[-3.38186,51.520591],[-3.38147,51.520467],[-3.381126,51.52036],[-3.380752,51.520229],[-3.380382,51.520096],[-3.380055,51.519963],[-3.379732,51.519831],[-3.379365,51.519675],[-3.378941,51.519486],[-3.378554,51.519296],[-3.378091,51.519056],[-3.377452,51.518716],[-3.377055,51.5185],[-3.376681,51.518302]]},"properties":{"@id":"way/174662436","electrified":"no","gauge":"1435","maxspeed":"75 mph","name":"South Wales Main Line","name:br":"Linenn Pennañ Su Kembre","name:cy":"Prif Linell De Cymru","name:en":"South Wales Main Line","operator":"Network Rail","operator:wikidata":"Q1501071","passenger_lines":"2","railway":"rail","ref":"SWM2","usage":"main"},"id":"way/174662436"},{"type":"Feature","geometry":{"type":"LineString","coordinates":[[-3.360553,51.507918],[-3.359773,51.507334],[-3.359256,51.506999],[-3.358804,51.506696],[-3.358272,51.506318],[-3.35768,51.505932],[-3.356969,51.505463],[-3.356402,51.505069],[-3.356016,51.504814],[-3.355531,51.504482],[-3.355019,51.504138],[-3.354509,51.503798],[-3.353832,51.50334],[-3.353322,51.502998],[-3.352922,51.502729],[-3.35259,51.502508],[-3.352284,51.502302],[-3.351799,51.501951],[-3.351408,51.501656],[-3.35105,51.501378],[-3.350808,51.501177],[-3.350492,51.500905],[-3.350221,51.500665],[-3.349945,51.500427]]},"properties":{"@id":"way/174662437","electrified":"no","gauge":"1435","maxspeed":"75 mph","name":"South Wales Main Line","name:br":"Linenn Pennañ Su Kembre","name:cy":"Prif Linell De Cymru","name:en":"South Wales Main Line","operator":"Network Rail","operator:wikidata":"Q1501071","passenger_lines":"2","railway":"rail","ref":"SWM2","usage":"main"},"id":"way/174662437"},{"type":"Feature","geometry":{"type":"LineString","coordinates":[[-3.371024,51.516258],[-3.370768,51.516165],[-3.370411,51.516041],[-3.369981,51.515873],[-3.369526,51.515681],[-3.369058,51.515475],[-3.368699,51.51531],[-3.368286,51.5151],[-3.367935,51.514914],[-3.367622,51.514739],[-3.3673,51.514549],[-3.366972,51.514345],[-3.366624,51.514116],[-3.366238,51.513848],[-3.365839,51.513544],[-3.365535,51.5133],[-3.365236,51.513043],[-3.364896,51.512733],[-3.364585,51.51241],[-3.364028,51.511812],[-3.363793,51.511525],[-3.363621,51.511298],[-3.363338,51.510909],[-3.363134,51.510614],[-3.362949,51.510356],[-3.36265,51.509969],[-3.362356,51.509592],[-3.362061,51.509273],[-3.361753,51.508957],[-3.36136,51.508587],[-3.360848,51.508149]]},"properties":{"@id":"way/174662438","electrified":"no","gauge":"1435","maxspeed":"75 mph","name":"South Wales Main Line","name:br":"Linenn Pennañ Su Kembre","name:cy":"Prif Linell De Cymru","name:en":"South Wales Main Line","operator":"Network Rail","operator:wikidata":"Q1501071","passenger_lines":"2","railway":"rail","ref":"SWM2","usage":"main"},"id":"way/174662438"},{"type":"Feature","geometry":{"type":"LineString","coordinates":[[-3.393147,51.524333],[-3.396826,51.526078],[-3.398678,51.526941],[-3.400503,51.527785],[-3.401205,51.52812],[-3.402104,51.52855],[-3.403157,51.529038],[-3.405184,51.529993],[-3.405755,51.530262],[-3.406554,51.530639],[-3.407244,51.530964],[-3.407748,51.531202],[-3.408274,51.53145],[-3.408658,51.531624],[-3.409026,51.531787],[-3.409413,51.531941],[-3.409697,51.532046],[-3.410026,51.532165],[-3.410282,51.532252],[-3.410605,51.532357],[-3.41102,51.532477],[-3.411439,51.532588],[-3.411827,51.532689],[-3.412295,51.5328],[-3.4127,51.532891],[-3.413146,51.532982],[-3.413531,51.533067],[-3.414084,51.533188],[-3.414811,51.53333],[-3.415501,51.533479],[-3.415957,51.533595],[-3.416426,51.533724],[-3.416941,51.533887],[-3.417477,51.534069],[-3.418072,51.534295],[-3.418783,51.534584],[-3.419695,51.534978],[-3.420382,51.535259],[-3.420891,51.535443],[-3.421249,51.535578],[-3.421599,51.53569],[-3.422106,51.535839],[-3.422594,51.535965],[-3.423076,51.53607],[-3.423561,51.536172],[-3.424082,51.536264],[-3.424571,51.536331],[-3.425184,51.536405],[-3.425825,51.53647],[-3.426351,51.53651],[-3.426886,51.536532],[-3.427592,51.53656],[-3.428222,51.53658],[-3.428721,51.536598],[-3.429171,51.536627],[-3.429702,51.536658],[-3.430226,51.536699],[-3.431047,51.536777],[-3.431745,51.53687],[-3.432484,51.536964],[-3.434972,51.537253],[-3.436324,51.537423],[-3.43748,51.53755],[-3.438403,51.537608],[-3.438945,51.537629],[-3.439534,51.537642],[-3.44015,51.537647],[-3.440377,51.537648],[-3.441107,51.537632],[-3.44182,51.537608],[-3.442516,51.537568],[-3.442649,51.53756],[-3.443218,51.537515],[-3.44385,51.537449],[-3.444446,51.53738],[-3.445176,51.537283],[-3.445981,51.537158],[-3.446676,51.53703],[-3.448352,51.536721],[-3.44999,51.53644],[-3.450788,51.53631],[-3.452158,51.536087],[-3.453362,51.535884],[-3.453823,51.53582],[-3.454295,51.535761],[-3.454793,51.535711],[-3.455281,51.535673],[-3.456177,51.535641],[-3.457599,51.535634],[-3.458268,51.535619],[-3.459046,51.535595],[-3.459534,51.535569],[-3.45999,51.535541],[-3.460348,51.535513],[-3.460694,51.535483],[-3.46124,51.535426],[-3.461725,51.535368],[-3.462098,51.53532],[-3.462573,51.535253],[-3.463038,51.535178],[-3.46343,51.535108],[-3.463891,51.53502],[-3.464297,51.534933],[-3.464809,51.534817],[-3.465364,51.534679],[-3.465877,51.534545],[-3.466679,51.534323],[-3.467473,51.534097],[-3.468005,51.533941],[-3.468922,51.533673]]},"properties":{"@id":"way/174662441","electrified":"no","gauge":"1435","maxspeed":"75 mph","name":"South Wales Main Line","name:br":"Linenn Pennañ Su Kembre","name:cy":"Prif Linell De Cymru","name:en":"South Wales Main Line","operator":"Network Rail","operator:wikidata":"Q1501071","passenger_lines":"2","railway":"rail","ref":"SWM2","usage":"main"},"id":"way/174662441"},{"type":"Feature","geometry":{"type":"LineString","coordinates":[[-3.23487,51.50512],[-3.235049,51.505307]]},"properties":{"@id":"way/175082915","bridge":"yes","electrified":"contact_line","frequency":"50","gauge":"1435","layer":"1","maxspeed":"55 mph","name":"Cardiff City Line","name:cy":"Llinell Dinas Caerdydd","operator":"Transport for Wales","operator:wikidata":"Q48740007","passenger_lines":"2","railway":"rail","ref":"RAD","usage":"branch","voltage":"25000"},"id":"way/175082915"},{"type":"Feature","geometry":{"type":"LineString","coordinates":[[-3.235049,51.505307],[-3.235501,51.505761],[-3.236114,51.506241],[-3.236947,51.506772],[-3.237604,51.507141],[-3.238471,51.507512],[-3.239168,51.507746],[-3.239898,51.507943],[-3.24137,51.508298],[-3.241732,51.508421],[-3.242096,51.508553],[-3.242574,51.508774],[-3.243161,51.509074],[-3.243954,51.509594],[-3.244535,51.51006],[-3.244851,51.510379],[-3.245163,51.510737],[-3.245418,51.511084],[-3.245614,51.511406],[-3.245761,51.511708],[-3.245888,51.51202],[-3.24602,51.512536],[-3.246053,51.512889],[-3.246003,51.513709]]},"properties":{"@id":"way/175082916","electrified":"contact_line","frequency":"50","gauge":"1435","maxspeed":"55 mph","name":"Cardiff City Line","name:cy":"Llinell Dinas Caerdydd","operator":"Transport for Wales","operator:wikidata":"Q48740007","passenger_lines":"2","railway":"rail","ref":"RAD","usage":"branch","voltage":"25000"},"id":"way/175082916"},{"type":"Feature","geometry":{"type":"LineString","coordinates":[[-3.299376,51.483292],[-3.298681,51.483298],[-3.298341,51.483293],[-3.29813,51.483289],[-3.297153,51.483262],[-3.296394,51.483209],[-3.295343,51.483085],[-3.29491,51.483031],[-3.294469,51.482965],[-3.294088,51.482911],[-3.29356,51.482819],[-3.292766,51.482657],[-3.292276,51.482543],[-3.291794,51.482418],[-3.291135,51.482234],[-3.290197,51.481948],[-3.289438,51.481714],[-3.28866,51.481469]]},"properties":{"@id":"way/186289767","electrified":"no","gauge":"1435","maxspeed":"75 mph","name":"South Wales Main Line","name:br":"Linenn Pennañ Su Kembre","name:cy":"Prif Linell De Cymru","name:en":"South Wales Main Line","operator":"Network Rail","operator:wikidata":"Q1501071","railway":"rail","ref":"SWM2","usage":"main"},"id":"way/186289767"},{"type":"Feature","geometry":{"type":"LineString","coordinates":[[-3.256005,51.486208],[-3.255492,51.486243]]},"properties":{"@id":"way/186289769","bridge":"yes","electrified":"no","gauge":"1435","maxspeed":"75 mph","name":"South Wales Main Line","name:br":"Linenn Pennañ Su Kembre","name:cy":"Prif Linell De Cymru","name:en":"South Wales Main Line","operator":"Network Rail","operator:wikidata":"Q1501071","railway":"rail","ref":"SWM2","usage":"main"},"id":"way/186289769"},{"type":"Feature","geometry":{"type":"LineString","coordinates":[[-3.29971,51.483278],[-3.299376,51.483292]]},"properties":{"@id":"way/186289770","bridge":"yes","electrified":"no","gauge":"1435","layer":"1","maxspeed":"75 mph","name":"South Wales Main Line","name:br":"Linenn Pennañ Su Kembre","name:cy":"Prif Linell De Cymru","name:en":"South Wales Main Line","operator":"Network Rail","operator:wikidata":"Q1501071","railway":"rail","ref":"SWM2","usage":"main"},"id":"way/186289770"},{"type":"Feature","geometry":{"type":"LineString","coordinates":[[-3.299387,51.483243],[-3.299745,51.48323]]},"properties":{"@id":"way/186289773","bridge":"yes","electrified":"no","gauge":"1435","layer":"1","maxspeed":"75 mph","name":"South Wales Main Line","name:br":"Linenn Pennañ Su Kembre","name:cy":"Prif Linell De Cymru","name:en":"South Wales Main Line","operator":"Network Rail","operator:wikidata":"Q1501071","railway":"rail","ref":"SWM2","usage":"main"},"id":"way/186289773"},{"type":"Feature","geometry":{"type":"LineString","coordinates":[[-3.25047,51.486227],[-3.249942,51.486175]]},"properties":{"@id":"way/186289774","bridge":"yes","electrified":"no","gauge":"1435","maxspeed":"75 mph","name":"South Wales Main Line","name:br":"Linenn Pennañ Su Kembre","name:cy":"Prif Linell De Cymru","name:en":"South Wales Main Line","operator":"Network Rail","operator:wikidata":"Q1501071","railway":"rail","ref":"SWM2","usage":"main"},"id":"way/186289774"},{"type":"Feature","geometry":{"type":"LineString","coordinates":[[-3.255552,51.486195],[-3.256055,51.486163]]},"properties":{"@id":"way/186289775","bridge":"yes","electrified":"no","gauge":"1435","maxspeed":"75 mph","name":"South Wales Main Line","name:br":"Linenn Pennañ Su Kembre","name:cy":"Prif Linell De Cymru","name:en":"South Wales Main Line","operator":"Network Rail","operator:wikidata":"Q1501071","railway":"rail","ref":"SWM2","usage":"main"},"id":"way/186289775"},{"type":"Feature","geometry":{"type":"LineString","coordinates":[[-3.256055,51.486163],[-3.257685,51.486066],[-3.259671,51.485933]]},"properties":{"@id":"way/186289778","electrified":"no","gauge":"1435","maxspeed":"75 mph","name":"South Wales Main Line","name:br":"Linenn Pennañ Su Kembre","name:cy":"Prif Linell De Cymru","name:en":"South Wales Main Line","operator":"Network Rail","operator:wikidata":"Q1501071","railway":"rail","ref":"SWM2","usage":"main"},"id":"way/186289778"},{"type":"Feature","geometry":{"type":"LineString","coordinates":[[-3.255492,51.486243],[-3.254262,51.486317],[-3.253396,51.486348],[-3.252699,51.486358],[-3.252154,51.486355],[-3.251557,51.486316],[-3.251025,51.486272],[-3.25047,51.486227]]},"properties":{"@id":"way/186289793","electrified":"no","gauge":"1435","maxspeed":"75 mph","name":"South Wales Main Line","name:br":"Linenn Pennañ Su Kembre","name:cy":"Prif Linell De Cymru","name:en":"South Wales Main Line","operator":"Network Rail","operator:wikidata":"Q1501071","railway":"rail","ref":"SWM2","usage":"main"},"id":"way/186289793"},{"type":"Feature","geometry":{"type":"LineString","coordinates":[[-3.503058,51.522692],[-3.502982,51.522759],[-3.502944,51.522793]]},"properties":{"@id":"way/186289816","electrified":"no","gauge":"1435","maxspeed":"15 mph","operator":"Network Rail","operator:wikidata":"Q1501071","railway":"rail","service":"siding"},"id":"way/186289816"},{"type":"Feature","geometry":{"type":"LineString","coordinates":[[-3.509295,51.515673],[-3.509151,51.51582],[-3.509015,51.515957],[-3.508863,51.516102],[-3.508632,51.516319],[-3.508309,51.516633],[-3.508074,51.516868],[-3.50782,51.517144],[-3.507529,51.517471],[-3.507182,51.517864],[-3.507002,51.518081],[-3.506812,51.51834],[-3.506566,51.518668],[-3.50635,51.518958],[-3.506123,51.519272],[-3.505883,51.5196],[-3.505641,51.519923],[-3.505373,51.520279],[-3.505143,51.52057],[-3.504839,51.520929],[-3.504735,51.521045],[-3.504541,51.521255],[-3.504295,51.521527],[-3.504098,51.52173],[-3.503874,51.521948],[-3.503656,51.522161],[-3.503436,51.52237],[-3.503239,51.522552],[-3.503058,51.522692],[-3.503014,51.522724],[-3.502919,51.522787],[-3.502799,51.52287],[-3.502625,51.522992]]},"properties":{"@id":"way/186289819","electrified":"no","gauge":"1435","maxspeed":"15 mph","operator":"Network Rail","operator:wikidata":"Q1501071","railway":"rail","service":"siding"},"id":"way/186289819"},{"type":"Feature","geometry":{"type":"LineString","coordinates":[[-3.139985,51.680066],[-3.14003,51.680166],[-3.140188,51.680492]]},"properties":{"@id":"way/187266662","bridge":"yes","electrified":"no","gauge":"1435","maxspeed":"50 mph","name":"Ebbw Valley Line","operator":"Network Rail","operator:wikidata":"Q1501071","railway":"rail","ref":"WVL","source":"NPE","usage":"branch"},"id":"way/187266662"},{"type":"Feature","geometry":{"type":"LineString","coordinates":[[-2.97506,51.559325],[-2.975296,51.559137],[-2.975388,51.559083],[-2.975485,51.559008],[-2.975577,51.558959],[-2.982176,51.556044]]},"properties":{"@id":"way/196293151","electrified":"no","gauge":"1435","railway":"rail","service":"spur","usage":"industrial"},"id":"way/196293151"},{"type":"Feature","geometry":{"type":"LineString","coordinates":[[-2.975388,51.559083],[-2.975572,51.558999],[-2.982205,51.556072]]},"properties":{"@id":"way/196293236","electrified":"no","gauge":"1435","railway":"rail","service":"spur","usage":"industrial"},"id":"way/196293236"},{"type":"Feature","geometry":{"type":"LineString","coordinates":[[-2.974179,51.559181],[-2.974113,51.559353],[-2.974098,51.559467],[-2.974098,51.559579]]},"properties":{"@id":"way/196293259","railway":"rail"},"id":"way/196293259"},{"type":"Feature","geometry":{"type":"LineString","coordinates":[[-2.97785,51.561627],[-2.97808,51.561805],[-2.978448,51.562048],[-2.979296,51.562557],[-2.980573,51.563239],[-2.981664,51.563777],[-2.982445,51.564169],[-2.982987,51.564428]]},"properties":{"@id":"way/196293669","electrified":"no","gauge":"1435","railway":"rail","service":"spur","usage":"industrial"},"id":"way/196293669"},{"type":"Feature","geometry":{"type":"LineString","coordinates":[[-2.978853,51.562239],[-2.979283,51.562437],[-2.979438,51.562497],[-2.979582,51.562552],[-2.979821,51.562622],[-2.980084,51.562678],[-2.980432,51.562733],[-2.980781,51.562769],[-2.981122,51.562786],[-2.981376,51.562793],[-2.981596,51.562791]]},"properties":{"@id":"way/196293676","electrified":"no","gauge":"1435","railway":"rail","service":"spur","usage":"industrial"},"id":"way/196293676"},{"type":"Feature","geometry":{"type":"LineString","coordinates":[[-3.126715,51.621228],[-3.12653,51.621126]]},"properties":{"@id":"way/203575300","bridge":"yes","electrified":"no","gauge":"1435","layer":"1","maxspeed":"25 mph","name":"Ebbw Valley Line","operator":"Network Rail","operator:wikidata":"Q1501071","railway":"rail","ref":"WVL","usage":"branch"},"id":"way/203575300"},{"type":"Feature","geometry":{"type":"LineString","coordinates":[[-3.12653,51.621126],[-3.125679,51.620698],[-3.125129,51.620441],[-3.124625,51.620223],[-3.124354,51.620125],[-3.124055,51.620033],[-3.123775,51.619955],[-3.123607,51.619905],[-3.123137,51.619769],[-3.122413,51.619552],[-3.12157,51.619331],[-3.12111,51.619221],[-3.120623,51.619109],[-3.119663,51.618906],[-3.118934,51.618759],[-3.118148,51.618614],[-3.117426,51.618476],[-3.116923,51.618381],[-3.116438,51.61829],[-3.116115,51.61823],[-3.115484,51.618111],[-3.114795,51.617983],[-3.114157,51.617875],[-3.113712,51.617827],[-3.113133,51.617787],[-3.112602,51.617777],[-3.111938,51.617777],[-3.111317,51.617749],[-3.110823,51.617712],[-3.110386,51.617649],[-3.109927,51.617555],[-3.109522,51.61746],[-3.109181,51.617355],[-3.108833,51.617241],[-3.108427,51.617062],[-3.108127,51.616919],[-3.10784,51.616756],[-3.107379,51.616449],[-3.107199,51.616325],[-3.106757,51.61601],[-3.106282,51.615673],[-3.105941,51.615428],[-3.105663,51.615265],[-3.105295,51.615074],[-3.104903,51.614917],[-3.104485,51.614771],[-3.104088,51.614651],[-3.103784,51.614551],[-3.10356,51.614466]]},"properties":{"@id":"way/203575764","electrified":"no","gauge":"1435","maxspeed":"30 mph","name":"Western Valleys Line","operator":"Network Rail","operator:wikidata":"Q1501071","railway":"rail","ref":"WVL","usage":"branch"},"id":"way/203575764"},{"type":"Feature","geometry":{"type":"LineString","coordinates":[[-3.103302,51.614343],[-3.10356,51.614466]]},"properties":{"@id":"way/203575765","bridge":"yes","electrified":"no","gauge":"1435","maxspeed":"30 mph","name":"Western Valleys Line","operator":"Network Rail","operator:wikidata":"Q1501071","railway":"rail","ref":"WVL","usage":"branch"},"id":"way/203575765"},{"type":"Feature","geometry":{"type":"LineString","coordinates":[[-2.98675,51.559957],[-2.986913,51.560117],[-2.987053,51.560272],[-2.987222,51.560489],[-2.987606,51.560865],[-2.988067,51.561248],[-2.988472,51.561595],[-2.988684,51.561781],[-2.988791,51.5619],[-2.988919,51.562067],[-2.989304,51.562607],[-2.989566,51.56297],[-2.989682,51.563131],[-2.989785,51.563247],[-2.989909,51.563376],[-2.991108,51.564436],[-2.991714,51.56497]]},"properties":{"@id":"way/206144781","electrified":"no","gauge":"1435","railway":"rail","service":"spur","usage":"industrial"},"id":"way/206144781"},{"type":"Feature","geometry":{"type":"LineString","coordinates":[[-3.019934,51.570685],[-3.020057,51.570666],[-3.020293,51.570628],[-3.020897,51.570541],[-3.022004,51.570354]]},"properties":{"@id":"way/213122392","electrified":"no","gauge":"1435","maxspeed":"50 mph","name":"Ebbw Valley Line","name:cy":"Rheilffordd Dyffryn Ebwy","operator":"Network Rail","operator:wikidata":"Q1501071","railway":"rail","railway:aws":"yes","railway:preferred_direction":"forward","railway:tpws":"yes","ref":"WVL","source":"NPE","tracks":"2","usage":"branch"},"id":"way/213122392"},{"type":"Feature","geometry":{"type":"LineString","coordinates":[[-3.019952,51.570712],[-3.018911,51.570881],[-3.018474,51.570969],[-3.017959,51.571077],[-3.017608,51.571143],[-3.017089,51.57125],[-3.016535,51.57136],[-3.016235,51.57142],[-3.015537,51.571558],[-3.015074,51.571651],[-3.014495,51.571772],[-3.013786,51.571924],[-3.013344,51.572014]]},"properties":{"@id":"way/213122393","electrified":"no","gauge":"1435","maxspeed":"30 mph","name":"Ebbw Valley Line","name:cy":"Rheilffordd Dyffryn Ebwy","operator":"Network Rail","operator:wikidata":"Q1501071","railway":"rail","railway:aws":"yes","railway:preferred_direction":"forward","railway:tpws":"yes","ref":"NWN","source":"NPE","tracks":"2","usage":"branch"},"id":"way/213122393"},{"type":"Feature","geometry":{"type":"LineString","coordinates":[[-3.022474,51.570263],[-3.021765,51.57044]]},"properties":{"@id":"way/213122426","electrified":"no","gauge":"1435","maxspeed":"10 mph","operator":"Network Rail","operator:wikidata":"Q1501071","railway":"rail","railway:aws":"yes","service":"crossover"},"id":"way/213122426"},{"type":"Feature","geometry":{"type":"LineString","coordinates":[[-3.229539,51.591122],[-3.229514,51.591489]]},"properties":{"@id":"way/219996887","electrified":"contact_line","frequency":"50","gauge":"1435","maxspeed":"50 mph","name":"Rhymney Line","operator":"Transport for Wales","operator:wikidata":"Q48740007","passenger_lines":"2","railway":"rail","ref":"CAR","usage":"branch","voltage":"25000"},"id":"way/219996887"},{"type":"Feature","geometry":{"type":"LineString","coordinates":[[-3.229605,51.590774],[-3.229539,51.591122]]},"properties":{"@id":"way/219996888","bridge":"yes","electrified":"contact_line","frequency":"50","gauge":"1435","layer":"1","maxspeed":"50 mph","name":"Rhymney Line","operator":"Transport for Wales","operator:wikidata":"Q48740007","passenger_lines":"2","railway":"rail","ref":"CAR","usage":"branch","voltage":"25000"},"id":"way/219996888"},{"type":"Feature","geometry":{"type":"LineString","coordinates":[[-3.170091,51.479867],[-3.170078,51.480033]]},"properties":{"@id":"way/234633088","bridge":"yes","electrified":"no","gauge":"1435","layer":"1","maxspeed":"15 mph","name":"Cardiff Bay Branch","operator":"Transport for Wales","operator:wikidata":"Q48740007","passenger_lines":"4","railway":"rail","ref":"CAM","usage":"branch"},"id":"way/234633088"},{"type":"Feature","geometry":{"type":"LineString","coordinates":[[-3.170042,51.479866],[-3.170027,51.480033]]},"properties":{"@id":"way/234633090","bridge":"yes","electrified":"no","gauge":"1435","layer":"1","name":"Cardiff Bay Branch","operator":"Transport for Wales","operator:wikidata":"Q48740007","passenger_lines":"4","railway":"rail","ref":"CAM","usage":"branch"},"id":"way/234633090"},{"type":"Feature","geometry":{"type":"LineString","coordinates":[[-3.170255,51.482336],[-3.170216,51.482238],[-3.170187,51.482147],[-3.170167,51.482086],[-3.170153,51.48204],[-3.170128,51.481931],[-3.170101,51.481799],[-3.17008,51.481671],[-3.170062,51.481542],[-3.170049,51.481453],[-3.170035,51.481344],[-3.170026,51.481199],[-3.170021,51.48109],[-3.170025,51.480867],[-3.17003,51.480734],[-3.170037,51.480631]]},"properties":{"@id":"way/234633094","electrified":"no","gauge":"1435","maxspeed":"15 mph","name":"Cardiff Bay Branch","operator":"Transport for Wales","operator:wikidata":"Q48740007","passenger_lines":"4","railway":"rail","ref":"CAM","usage":"branch"},"id":"way/234633094"},{"type":"Feature","geometry":{"type":"LineString","coordinates":[[-3.170574,51.47863],[-3.17047,51.478793],[-3.170366,51.478954],[-3.170245,51.479192]]},"properties":{"@id":"way/234633097","electrified":"no","gauge":"1435","maxspeed":"25 mph","name":"Cardiff Bay Branch","operator":"Transport for Wales","operator:wikidata":"Q48740007","passenger_lines":"3","railway":"rail","ref":"CAM","usage":"branch"},"id":"way/234633097"},{"type":"Feature","geometry":{"type":"LineString","coordinates":[[-3.170684,51.483258],[-3.170553,51.482898]]},"properties":{"@id":"way/234633104","bridge":"yes","electrified":"no","gauge":"1435","layer":"2","maxspeed":"25 mph","name":"Valley Lines","operator":"Transport for Wales","operator:wikidata":"Q48740007","passenger_lines":"2","railway":"rail","ref":"CAM","source":"Bing","usage":"branch"},"id":"way/234633104"},{"type":"Feature","geometry":{"type":"LineString","coordinates":[[-3.169949,51.480642],[-3.169933,51.480772],[-3.169923,51.480905],[-3.169917,51.481027],[-3.169915,51.481131],[-3.169914,51.481204],[-3.169914,51.481301]]},"properties":{"@id":"way/234633107","electrified":"no","gauge":"1435","maxspeed":"15 mph","operator":"Transport for Wales","operator:wikidata":"Q48740007","passenger_lines":"4","railway":"rail","source":"OS 1:25k","usage":"branch"},"id":"way/234633107"},{"type":"Feature","geometry":{"type":"LineString","coordinates":[[-3.171629,51.476959],[-3.171535,51.477091],[-3.17151,51.477127]]},"properties":{"@id":"way/234723633","electrified":"no","embankment":"yes","gauge":"1435","maxspeed":"25 mph","name":"Cardiff Bay Branch","operator":"Transport for Wales","operator:wikidata":"Q48740007","passenger_lines":"2","railway":"rail","railway:aws":"yes","railway:tpws":"yes","ref":"CAM","usage":"branch"},"id":"way/234723633"},{"type":"Feature","geometry":{"type":"LineString","coordinates":[[-3.171778,51.476809],[-3.171666,51.47699]]},"properties":{"@id":"way/234723634","bridge":"yes","electrified":"no","gauge":"1435","layer":"1","maxspeed":"25 mph","name":"Cardiff Bay Branch","operator":"Transport for Wales","operator:wikidata":"Q48740007","passenger_lines":"2","railway":"rail","railway:aws":"yes","railway:bidirectional":"regular","railway:preferred_direction":"both","railway:tpws":"yes","ref":"CAM","usage":"branch"},"id":"way/234723634"},{"type":"Feature","geometry":{"type":"LineString","coordinates":[[-3.171748,51.476788],[-3.171629,51.476959]]},"properties":{"@id":"way/234723636","bridge":"yes","electrified":"no","gauge":"1435","layer":"1","name":"Cardiff Bay Branch","operator":"Transport for Wales","operator:wikidata":"Q48740007","passenger_lines":"2","railway":"rail","railway:aws":"yes","railway:tpws":"yes","ref":"CAM","usage":"branch"},"id":"way/234723636"},{"type":"Feature","geometry":{"type":"LineString","coordinates":[[-3.187287,51.475678],[-3.187537,51.475697]]},"properties":{"@id":"way/234723641","bridge":"yes","electrified":"no","gauge":"1435","layer":"1","maxspeed":"25 mph","name":"Down Barry","operator":"Network Rail","operator:wikidata":"Q1501071","passenger_lines":"2","railway":"rail","ref":"BRY","usage":"branch"},"id":"way/234723641"},{"type":"Feature","geometry":{"type":"LineString","coordinates":[[-3.187537,51.475697],[-3.188208,51.475741],[-3.188431,51.475744],[-3.188635,51.475741],[-3.188825,51.475735],[-3.188982,51.475727],[-3.189176,51.475709],[-3.189291,51.475695],[-3.189424,51.475677],[-3.189592,51.475649],[-3.189794,51.475612],[-3.189985,51.475571],[-3.190159,51.475527],[-3.190301,51.475488],[-3.190448,51.475439],[-3.190648,51.475368],[-3.190812,51.475304],[-3.190959,51.475239],[-3.191089,51.475174]]},"properties":{"@id":"way/234723643","electrified":"no","gauge":"1435","maxspeed":"25 mph","name":"Down Barry","operator":"Network Rail","operator:wikidata":"Q1501071","passenger_lines":"2","railway":"rail","ref":"BRY","usage":"branch"},"id":"way/234723643"},{"type":"Feature","geometry":{"type":"LineString","coordinates":[[-3.171666,51.47699],[-3.171588,51.477109]]},"properties":{"@id":"way/234723648","electrified":"no","embankment":"yes","gauge":"1435","maxspeed":"25 mph","name":"Cardiff Bay Branch","operator":"Transport for Wales","operator:wikidata":"Q48740007","passenger_lines":"2","railway":"rail","railway:aws":"yes","railway:bidirectional":"regular","railway:preferred_direction":"both","railway:tpws":"yes","ref":"CAM","usage":"branch"},"id":"way/234723648"},{"type":"Feature","geometry":{"type":"LineString","coordinates":[[-2.997022,51.571068],[-2.996941,51.570993]]},"properties":{"@id":"way/234864094","electrified":"no","gauge":"1435","railway":"rail","service":"spur","usage":"industrial"},"id":"way/234864094"},{"type":"Feature","geometry":{"type":"LineString","coordinates":[[-3.228993,51.581175],[-3.228976,51.581268]]},"properties":{"@id":"way/246668818","bridge":"yes","electrified":"contact_line","frequency":"50","gauge":"1435","layer":"1","maxspeed":"50 mph","name":"Rhymney Line","operator":"Transport for Wales","operator:wikidata":"Q48740007","passenger_lines":"2","railway":"rail","ref":"CAR","usage":"branch","voltage":"25000"},"id":"way/246668818"},{"type":"Feature","geometry":{"type":"LineString","coordinates":[[-3.228962,51.583902],[-3.22899,51.584043],[-3.229243,51.585182],[-3.229323,51.585531],[-3.229573,51.586677],[-3.229769,51.587444],[-3.229867,51.588069],[-3.229905,51.588675],[-3.229901,51.588975],[-3.229891,51.589233],[-3.229813,51.589697],[-3.229726,51.590169],[-3.229605,51.590774]]},"properties":{"@id":"way/246668819","electrified":"contact_line","frequency":"50","gauge":"1435","layer":"1","maxspeed":"50 mph","name":"Rhymney Line","operator":"Transport for Wales","operator:wikidata":"Q48740007","passenger_lines":"2","railway":"rail","ref":"CAR","usage":"branch","voltage":"25000"},"id":"way/246668819"},{"type":"Feature","geometry":{"type":"LineString","coordinates":[[-3.168172,51.469484],[-3.168361,51.469753],[-3.168573,51.470028],[-3.169523,51.471291],[-3.169933,51.471836]]},"properties":{"@id":"way/250027443","electrified":"contact_line","frequency":"50","gauge":"1435","maxspeed":"30 mph","name":"Cardiff Bay Branch","operator":"Transport for Wales","operator:wikidata":"Q48740007","passenger_lines":"1","railway":"rail","railway:aws":"yes","railway:bidirectional":"regular","railway:preferred_direction":"both","railway:tpws":"yes","ref":"CAM","usage":"branch","voltage":"25000"},"id":"way/250027443"},{"type":"Feature","geometry":{"type":"LineString","coordinates":[[-3.142847,51.666024],[-3.142892,51.665943]]},"properties":{"@id":"way/256150001","bridge":"yes","electrified":"no","gauge":"1435","layer":"1","maxspeed":"50 mph","name":"Ebbw Valley Line","operator":"Network Rail","operator:wikidata":"Q1501071","railway":"rail","ref":"WVL","source":"NPE","usage":"branch"},"id":"way/256150001"},{"type":"Feature","geometry":{"type":"LineString","coordinates":[[-3.142538,51.667408],[-3.142514,51.667073],[-3.142543,51.66683],[-3.142561,51.66673],[-3.1426,51.66659],[-3.142653,51.666443],[-3.142748,51.666236],[-3.142847,51.666024]]},"properties":{"@id":"way/256150002","electrified":"no","gauge":"1435","maxspeed":"50 mph","name":"Ebbw Valley Line","name:cy":"Rheilffordd Dyffryn Ebwy","operator":"Network Rail","operator:wikidata":"Q1501071","railway":"rail","ref":"WVL","source":"NPE","usage":"branch"},"id":"way/256150002"},{"type":"Feature","geometry":{"type":"LineString","coordinates":[[-3.457434,51.640327],[-3.457803,51.640468]]},"properties":{"@id":"way/256679208","bridge":"yes","electrified":"contact_line","frequency":"50","gauge":"1435","layer":"1","maxspeed":"50 mph","name":"Rhondda Line","operator":"Transport for Wales","operator:wikidata":"Q48740007","railway":"rail","ref":"THT","source":"OS_OpenData_StreetView","usage":"branch","voltage":"25000"},"id":"way/256679208"},{"type":"Feature","geometry":{"type":"LineString","coordinates":[[-3.453394,51.628879],[-3.453381,51.62916]]},"properties":{"@id":"way/256679214","bridge":"yes","electrified":"contact_line","frequency":"50","gauge":"1435","layer":"1","maxspeed":"50 mph","name":"Rhondda Line","operator":"Transport for Wales","operator:wikidata":"Q48740007","railway":"rail","ref":"THT","source":"OS_OpenData_StreetView","usage":"branch","voltage":"25000"},"id":"way/256679214"},{"type":"Feature","geometry":{"type":"LineString","coordinates":[[-3.453381,51.62916],[-3.453335,51.633488],[-3.453329,51.634079],[-3.453297,51.635504],[-3.453329,51.635991],[-3.453447,51.63653],[-3.453662,51.637076],[-3.453941,51.637589],[-3.454273,51.638061],[-3.454681,51.638501],[-3.455185,51.63898],[-3.455767,51.639444],[-3.45641,51.639846],[-3.456979,51.64013],[-3.457434,51.640327]]},"properties":{"@id":"way/256679215","electrified":"contact_line","frequency":"50","gauge":"1435","maxspeed":"50 mph","name":"Rhondda Line","operator":"Transport for Wales","operator:wikidata":"Q48740007","railway":"rail","ref":"THT","source":"OS_OpenData_StreetView","usage":"branch","voltage":"25000"},"id":"way/256679215"},{"type":"Feature","geometry":{"type":"LineString","coordinates":[[-3.170488,51.482741],[-3.1704,51.482539],[-3.170326,51.482393]]},"properties":{"@id":"way/258161321","electrified":"no","gauge":"1435","maxspeed":"25 mph","name":"Cardiff Bay Branch","operator":"Transport for Wales","operator:wikidata":"Q48740007","passenger_lines":"4","railway":"rail","ref":"CAM","usage":"branch"},"id":"way/258161321"},{"type":"Feature","geometry":{"type":"LineString","coordinates":[[-3.121506,51.589982],[-3.121701,51.590033],[-3.121912,51.590083],[-3.122156,51.590124],[-3.122386,51.590159],[-3.122784,51.590209],[-3.122943,51.590223],[-3.12316,51.590236],[-3.1235,51.590248],[-3.123835,51.590258],[-3.124153,51.590267],[-3.124482,51.590303],[-3.124814,51.59036],[-3.125025,51.59041],[-3.125194,51.590451],[-3.125357,51.590508],[-3.125507,51.590563],[-3.12577,51.590669],[-3.125901,51.590729],[-3.126024,51.590792],[-3.126272,51.590926],[-3.126695,51.591221],[-3.126789,51.591322],[-3.126908,51.591441],[-3.12699,51.591538],[-3.127076,51.591663],[-3.127141,51.591783],[-3.127157,51.591828],[-3.127235,51.592043],[-3.127259,51.592128],[-3.12729,51.592304],[-3.127316,51.592498],[-3.127342,51.592811],[-3.127383,51.59312],[-3.127408,51.593279],[-3.127426,51.593357],[-3.12745,51.593437],[-3.127471,51.59352],[-3.127536,51.593677],[-3.127612,51.593804],[-3.127662,51.593879]]},"properties":{"@id":"way/266386017","electrified":"no","gauge":"1435","maxspeed":"20 mph","operator":"Network Rail","operator:wikidata":"Q1501071","railway":"rail","railway:aws":"yes","railway:bidirectional":"regular","railway:preferred_direction":"both","railway:tpws":"no","railway:traffic_mode":"freight","service":"siding"},"id":"way/266386017"},{"type":"Feature","geometry":{"type":"LineString","coordinates":[[-3.121286,51.589922],[-3.121506,51.589982]]},"properties":{"@id":"way/266386020","bridge":"yes","electrified":"no","gauge":"1435","layer":"1","maxspeed":"20 mph","operator":"Network Rail","operator:wikidata":"Q1501071","railway":"rail","railway:aws":"yes","railway:bidirectional":"regular","railway:preferred_direction":"both","railway:tpws":"no","railway:traffic_mode":"freight","service":"siding"},"id":"way/266386020"},{"type":"Feature","geometry":{"type":"LineString","coordinates":[[-3.1039,51.583823],[-3.10438,51.584106],[-3.104917,51.584325],[-3.105608,51.584557],[-3.106341,51.584775],[-3.107165,51.585007],[-3.107987,51.585254],[-3.108465,51.585442],[-3.108901,51.585678],[-3.10927,51.58594],[-3.109475,51.586116],[-3.109701,51.586382],[-3.110299,51.587174],[-3.110577,51.587435],[-3.110794,51.587624],[-3.111075,51.587823],[-3.111328,51.587984],[-3.111644,51.588157],[-3.112062,51.588341],[-3.112295,51.588432],[-3.112657,51.588562],[-3.112946,51.588651],[-3.113201,51.58871],[-3.113421,51.588755],[-3.113765,51.588816],[-3.114009,51.588843],[-3.114227,51.588857],[-3.114701,51.588863],[-3.114922,51.588856],[-3.115265,51.588837],[-3.115455,51.588821],[-3.115708,51.588796],[-3.116011,51.58878],[-3.116224,51.588773],[-3.116391,51.588775],[-3.11656,51.588778],[-3.116789,51.588782],[-3.117233,51.58881],[-3.11746,51.588835],[-3.117607,51.588856],[-3.11797,51.588916],[-3.118286,51.588977],[-3.118547,51.589045],[-3.118865,51.58913],[-3.11902,51.589173],[-3.119348,51.58928],[-3.119514,51.589332],[-3.119739,51.589413],[-3.119988,51.589504],[-3.120209,51.589584],[-3.120781,51.589787],[-3.121053,51.58988],[-3.121264,51.589946]]},"properties":{"@id":"way/266386021","electrified":"no","gauge":"1435","maxspeed":"20 mph","name":"Bassaleg Junction and Rhymney Line","operator":"Network Rail","operator:wikidata":"Q1501071","railway":"rail","railway:aws":"yes","railway:bidirectional":"regular","railway:preferred_direction":"both","railway:tpws":"no","railway:traffic_mode":"freight","ref":"BJR","usage":"branch"},"id":"way/266386021"},{"type":"Feature","geometry":{"type":"LineString","coordinates":[[-3.388247,51.611432],[-3.388919,51.61146]]},"properties":{"@id":"way/293335240","bridge":"yes","electrified":"contact_line","frequency":"50","gauge":"1435","layer":"1","maxspeed":"40 mph","name":"Rhondda Line","operator":"Transport for Wales","operator:wikidata":"Q48740007","railway":"rail","ref":"THT","source":"OS_OpenData_StreetView","usage":"branch","voltage":"25000"},"id":"way/293335240"},{"type":"Feature","geometry":{"type":"LineString","coordinates":[[-3.388919,51.61146],[-3.38949,51.611448],[-3.389776,51.611426],[-3.390071,51.611399],[-3.39044,51.611344],[-3.39083,51.611266],[-3.391249,51.611166],[-3.393569,51.61044],[-3.394316,51.610233],[-3.394973,51.610082],[-3.395589,51.609988],[-3.396146,51.609935],[-3.396745,51.60992],[-3.397421,51.609956],[-3.400266,51.610317],[-3.402001,51.610537],[-3.402837,51.610685],[-3.403573,51.610831],[-3.404287,51.61102],[-3.405123,51.611263],[-3.405636,51.61144],[-3.406302,51.611713],[-3.406994,51.612058],[-3.407348,51.612261],[-3.40766,51.612456],[-3.40792,51.612631],[-3.408575,51.613066],[-3.408803,51.613223],[-3.409027,51.613372],[-3.40941,51.613616],[-3.40961,51.613743],[-3.410024,51.613953],[-3.410177,51.614023],[-3.410264,51.614066]]},"properties":{"@id":"way/293335255","electrified":"contact_line","frequency":"50","gauge":"1435","maxspeed":"40 mph","name":"Rhondda Line","operator":"Transport for Wales","operator:wikidata":"Q48740007","railway":"rail","ref":"THT","source":"OS_OpenData_StreetView","usage":"branch","voltage":"25000"},"id":"way/293335255"},{"type":"Feature","geometry":{"type":"LineString","coordinates":[[-3.252601,51.517606],[-3.252216,51.517466],[-3.251997,51.51739],[-3.251586,51.517255],[-3.251307,51.517167],[-3.250907,51.517046],[-3.250481,51.516926],[-3.250049,51.516809],[-3.249752,51.516731],[-3.249251,51.516588],[-3.249067,51.51653],[-3.248891,51.516472],[-3.248695,51.516399],[-3.248483,51.516319],[-3.248286,51.516235],[-3.24814,51.516172]]},"properties":{"@id":"way/297509685","electrified":"contact_line","frequency":"50","gauge":"1435","maxspeed":"50 mph","name":"Cardiff and Merthyr Line","operator":"Transport for Wales","operator:wikidata":"Q48740007","passenger":"yes","passenger_lines":"3","railway":"rail","ref":"CAM","usage":"branch","voltage":"25000"},"id":"way/297509685"},{"type":"Feature","geometry":{"type":"LineString","coordinates":[[-3.04875,51.58442],[-3.048909,51.584487]]},"properties":{"@id":"way/298984483","bridge":"yes","electrified":"no","gauge":"1435","layer":"1","maxspeed":"40 mph","name":"Ebbw Valley Line","operator":"Network Rail","operator:wikidata":"Q1501071","railway":"rail","ref":"WVL","source":"NPE","usage":"branch"},"id":"way/298984483"},{"type":"Feature","geometry":{"type":"LineString","coordinates":[[-3.048909,51.584487],[-3.049587,51.584849],[-3.049963,51.585077],[-3.050635,51.585605],[-3.051138,51.585998],[-3.052023,51.58657],[-3.052898,51.586989],[-3.053447,51.58722],[-3.054212,51.58753],[-3.057793,51.588933],[-3.058867,51.589436],[-3.059508,51.58977],[-3.060407,51.590298],[-3.060554,51.590385],[-3.061607,51.590996],[-3.062373,51.591473],[-3.063066,51.591957],[-3.063416,51.5923],[-3.063756,51.592673],[-3.064408,51.593444],[-3.065693,51.594831],[-3.065748,51.5949],[-3.065945,51.595141],[-3.066242,51.595443],[-3.066309,51.595507],[-3.066483,51.595678],[-3.066993,51.596165],[-3.067311,51.596447],[-3.067614,51.596672],[-3.068004,51.596935],[-3.068894,51.597504],[-3.070682,51.598611],[-3.071148,51.598885],[-3.071819,51.599295]]},"properties":{"@id":"way/298984484","electrified":"no","gauge":"1435","maxspeed":"40 mph","name":"Ebbw Valley Line","name:cy":"Rheilffordd Dyffryn Ebwy","operator":"Network Rail","operator:wikidata":"Q1501071","railway":"rail","ref":"WVL","source":"NPE","usage":"branch"},"id":"way/298984484"},{"type":"Feature","geometry":{"type":"LineString","coordinates":[[-3.140658,51.474407],[-3.140505,51.474594],[-3.140409,51.474759],[-3.140335,51.474889],[-3.1403,51.475],[-3.140289,51.475051],[-3.140273,51.475189],[-3.140272,51.475302],[-3.140287,51.475388],[-3.140328,51.475496],[-3.140466,51.475743],[-3.140668,51.476095]]},"properties":{"@id":"way/303368051","electrified":"no","gauge":"1435","railway":"rail","railway:traffic_mode":"freight","service":"yard","usage":"industrial"},"id":"way/303368051"},{"type":"Feature","geometry":{"type":"LineString","coordinates":[[-3.140505,51.474594],[-3.140332,51.4748],[-3.140195,51.474961],[-3.139878,51.47534],[-3.139567,51.475715],[-3.13942,51.47589],[-3.139274,51.476066],[-3.139125,51.476246],[-3.138874,51.476543],[-3.138736,51.476717],[-3.138577,51.476904],[-3.138283,51.477255],[-3.138071,51.477509],[-3.137908,51.477707],[-3.137724,51.477927],[-3.137532,51.478159],[-3.137425,51.478286],[-3.137306,51.478442],[-3.137128,51.47868],[-3.137046,51.478771],[-3.136931,51.478893],[-3.136849,51.478972],[-3.136755,51.47905],[-3.136694,51.479099],[-3.136599,51.479167],[-3.136227,51.479402],[-3.13567,51.479754],[-3.135364,51.479941],[-3.135,51.480144],[-3.134757,51.480271],[-3.134483,51.4804],[-3.13425,51.480504],[-3.133806,51.48069],[-3.133601,51.48077],[-3.133259,51.480911],[-3.133001,51.48102],[-3.132758,51.481122],[-3.132691,51.481152],[-3.132518,51.481228],[-3.132372,51.481303],[-3.132321,51.481337],[-3.132249,51.481389],[-3.132175,51.481462]]},"properties":{"@id":"way/303368052","electrified":"no","gauge":"1435","railway":"rail","railway:traffic_mode":"freight","service":"spur","usage":"industrial"},"id":"way/303368052"},{"type":"Feature","geometry":{"type":"LineString","coordinates":[[-3.140332,51.4748],[-3.140181,51.475054],[-3.14006,51.475266],[-3.140023,51.475373],[-3.140011,51.475445],[-3.140007,51.475486],[-3.140005,51.475552],[-3.140014,51.475632],[-3.140036,51.475733],[-3.140066,51.475825],[-3.140098,51.475898],[-3.140189,51.476039],[-3.140329,51.476229],[-3.140459,51.476343]]},"properties":{"@id":"way/303368053","electrified":"no","gauge":"1435","railway":"rail","railway:traffic_mode":"freight","service":"spur","usage":"industrial"},"id":"way/303368053"},{"type":"Feature","geometry":{"type":"LineString","coordinates":[[-3.140195,51.474961],[-3.140064,51.475162],[-3.139972,51.475309],[-3.139901,51.475406],[-3.139801,51.475532],[-3.139655,51.475685],[-3.139553,51.475777],[-3.13942,51.47589]]},"properties":{"@id":"way/303368054","electrified":"no","gauge":"1435","railway":"rail","railway:traffic_mode":"freight","service":"spur","usage":"industrial"},"id":"way/303368054"},{"type":"Feature","geometry":{"type":"LineString","coordinates":[[-3.140335,51.474889],[-3.140283,51.474972],[-3.140228,51.475075],[-3.140196,51.475149],[-3.14014,51.475276],[-3.140117,51.475353],[-3.1401,51.475484],[-3.140104,51.475566],[-3.140109,51.475636],[-3.14013,51.475729],[-3.140156,51.475799],[-3.140197,51.47589],[-3.140261,51.476001]]},"properties":{"@id":"way/303368066","electrified":"no","gauge":"1435","railway":"rail","railway:traffic_mode":"freight","service":"spur","usage":"industrial"},"id":"way/303368066"},{"type":"Feature","geometry":{"type":"LineString","coordinates":[[-3.140496,51.476325],[-3.140317,51.476175],[-3.140189,51.476039]]},"properties":{"@id":"way/303368068","electrified":"no","gauge":"1435","railway":"rail","railway:traffic_mode":"freight","service":"spur","usage":"industrial"},"id":"way/303368068"},{"type":"Feature","geometry":{"type":"LineString","coordinates":[[-3.140423,51.476358],[-3.140305,51.476233],[-3.140189,51.476039]]},"properties":{"@id":"way/303368070","electrified":"no","gauge":"1435","railway":"rail","railway:traffic_mode":"freight","service":"spur","usage":"industrial"},"id":"way/303368070"},{"type":"Feature","geometry":{"type":"LineString","coordinates":[[-3.140196,51.475149],[-3.14017,51.475268],[-3.140172,51.475356],[-3.140198,51.475483],[-3.140227,51.475562],[-3.140271,51.475671],[-3.140376,51.475876]]},"properties":{"@id":"way/303368071","electrified":"no","gauge":"1435","railway":"rail","railway:traffic_mode":"freight","service":"spur","usage":"industrial"},"id":"way/303368071"},{"type":"Feature","geometry":{"type":"LineString","coordinates":[[-3.14042,51.475866],[-3.140371,51.475785],[-3.140324,51.475708],[-3.140227,51.475562]]},"properties":{"@id":"way/303368073","electrified":"no","gauge":"1435","railway":"rail","railway:traffic_mode":"freight","service":"spur","usage":"industrial"},"id":"way/303368073"},{"type":"Feature","geometry":{"type":"LineString","coordinates":[[-3.139172,51.477329],[-3.138912,51.477121]]},"properties":{"@id":"way/303368498","gauge":"1435","railway":"rail","service":"spur","tunnel":"yes"},"id":"way/303368498"},{"type":"Feature","geometry":{"type":"LineString","coordinates":[[-3.139126,51.477352],[-3.138869,51.477138]]},"properties":{"@id":"way/303368499","gauge":"1435","railway":"rail","service":"spur","tunnel":"yes"},"id":"way/303368499"},{"type":"Feature","geometry":{"type":"LineString","coordinates":[[-3.140423,51.476358],[-3.140776,51.476675]]},"properties":{"@id":"way/303408210","electrified":"no","gauge":"1435","railway":"rail","railway:traffic_mode":"freight","service":"spur","tunnel":"yes","usage":"industrial"},"id":"way/303408210"},{"type":"Feature","geometry":{"type":"LineString","coordinates":[[-3.140459,51.476343],[-3.140816,51.476658]]},"properties":{"@id":"way/303408211","electrified":"no","gauge":"1435","railway":"rail","railway:traffic_mode":"freight","service":"spur","tunnel":"yes","usage":"industrial"},"id":"way/303408211"},{"type":"Feature","geometry":{"type":"LineString","coordinates":[[-3.140855,51.476641],[-3.140496,51.476325]]},"properties":{"@id":"way/303408212","electrified":"no","gauge":"1435","railway":"rail","railway:traffic_mode":"freight","service":"spur","tunnel":"yes","usage":"industrial"},"id":"way/303408212"},{"type":"Feature","geometry":{"type":"LineString","coordinates":[[-3.15655,51.468702],[-3.15671,51.468761],[-3.156859,51.468851],[-3.156966,51.46894],[-3.157069,51.469082],[-3.157129,51.469175],[-3.157185,51.46928],[-3.157231,51.469385],[-3.157278,51.469471],[-3.157325,51.469535],[-3.157422,51.469657],[-3.15749,51.469786],[-3.157534,51.469869],[-3.15765,51.470032],[-3.15782,51.470252],[-3.158037,51.470534],[-3.158347,51.470943],[-3.158654,51.471349],[-3.158914,51.47169],[-3.159087,51.471916],[-3.159235,51.472125],[-3.159345,51.472308],[-3.159632,51.472749],[-3.159685,51.472831],[-3.159831,51.473055],[-3.160024,51.473344],[-3.160126,51.473489],[-3.160335,51.473764],[-3.16037,51.473813],[-3.160438,51.473905]]},"properties":{"@id":"way/303408215","electrified":"no","gauge":"1435","name":"Bute Dock Branch","railway":"rail","railway:traffic_mode":"freight","ref":"BUT","service":"yard","usage":"industrial"},"id":"way/303408215"},{"type":"Feature","geometry":{"type":"LineString","coordinates":[[-3.170037,51.480631],[-3.170056,51.480518],[-3.170126,51.480054]]},"properties":{"@id":"way/303502306","electrified":"no","gauge":"1435","maxspeed":"15 mph","operator":"Transport for Wales","operator:wikidata":"Q48740007","railway":"rail","service":"crossover"},"id":"way/303502306"},{"type":"Feature","geometry":{"type":"LineString","coordinates":[[-3.170488,51.482741],[-3.170374,51.482544],[-3.170255,51.482336]]},"properties":{"@id":"way/303502307","electrified":"no","gauge":"1435","maxspeed":"15 mph","name":"Cardiff Bay Branch","operator":"Transport for Wales","operator:wikidata":"Q48740007","railway":"rail","ref":"CAM","usage":"branch"},"id":"way/303502307"},{"type":"Feature","geometry":{"type":"LineString","coordinates":[[-3.172618,51.488816],[-3.172101,51.487216],[-3.1719,51.486624],[-3.171598,51.485774],[-3.171508,51.485535],[-3.171345,51.485085],[-3.171235,51.484781],[-3.171136,51.4845],[-3.171015,51.484176]]},"properties":{"@id":"way/303502308","electrified":"no","gauge":"1435","maxspeed":"75 mph","name":"Rhymney Line","name:cy":"Llinell Rhymni","operator":"Transport for Wales","operator:wikidata":"Q48740007","passenger_lines":"2","railway":"rail","railway:track_ref":"Down Rhymney","ref":"CAR","usage":"branch"},"id":"way/303502308"},{"type":"Feature","geometry":{"type":"LineString","coordinates":[[-3.172663,51.48895],[-3.172618,51.488816]]},"properties":{"@id":"way/303502309","bridge":"yes","electrified":"no","gauge":"1435","layer":"1","maxspeed":"75 mph","name":"Rhymney Line","name:cy":"Llinell Rhymni","operator":"Transport for Wales","operator:wikidata":"Q48740007","passenger_lines":"2","railway":"rail","ref":"CAR","usage":"branch"},"id":"way/303502309"},{"type":"Feature","geometry":{"type":"LineString","coordinates":[[-3.176688,51.501379],[-3.176644,51.501227],[-3.176004,51.49927],[-3.175915,51.498989],[-3.175799,51.49863],[-3.174136,51.493493],[-3.173949,51.492918],[-3.172753,51.489236],[-3.172663,51.48895]]},"properties":{"@id":"way/303502310","electrified":"no","gauge":"1435","maxspeed":"75 mph","name":"Rhymney Line","name:cy":"Llinell Rhymni","operator":"Transport for Wales","operator:wikidata":"Q48740007","passenger_lines":"2","railway":"rail","ref":"CAR","usage":"branch"},"id":"way/303502310"},{"type":"Feature","geometry":{"type":"LineString","coordinates":[[-3.177207,51.503008],[-3.176919,51.50212],[-3.176786,51.501723],[-3.176737,51.501551]]},"properties":{"@id":"way/303502313","electrified":"no","gauge":"1435","maxspeed":"75 mph","name":"Rhymney Line","name:cy":"Llinell Rhymni","operator":"Transport for Wales","operator:wikidata":"Q48740007","passenger_lines":"2","railway":"rail","ref":"CAR","usage":"branch"},"id":"way/303502313"},{"type":"Feature","geometry":{"type":"LineString","coordinates":[[-3.180356,51.512696],[-3.180285,51.512483],[-3.179822,51.511058],[-3.179699,51.510672],[-3.179117,51.508879],[-3.178998,51.508513],[-3.178838,51.508016],[-3.178637,51.507391],[-3.178451,51.506827],[-3.178335,51.506458],[-3.178217,51.506096],[-3.178128,51.505827],[-3.177966,51.505327],[-3.177814,51.504855],[-3.177692,51.504472],[-3.177596,51.504179],[-3.177491,51.50386],[-3.177443,51.503715]]},"properties":{"@id":"way/303502314","electrified":"contact_line","frequency":"50","gauge":"1435","maxspeed":"75 mph","name":"Rhymney Line","name:cy":"Llinell Rhymni","operator":"Transport for Wales","operator:wikidata":"Q48740007","passenger_lines":"2","railway":"rail","ref":"CAR","usage":"branch","voltage":"25000"},"id":"way/303502314"},{"type":"Feature","geometry":{"type":"LineString","coordinates":[[-3.181468,51.516341],[-3.181441,51.516204]]},"properties":{"@id":"way/303502315","bridge":"yes","electrified":"contact_line","frequency":"50","gauge":"1435","layer":"1","maxspeed":"75 mph","name":"Rhymney Line","name:cy":"Llinell Rhymni","operator":"Transport for Wales","operator:wikidata":"Q48740007","passenger_lines":"2","railway":"rail","ref":"CAR","usage":"branch","voltage":"25000"},"id":"way/303502315"},{"type":"Feature","geometry":{"type":"LineString","coordinates":[[-3.181659,51.518191],[-3.181655,51.51796],[-3.181648,51.517755],[-3.181641,51.517605],[-3.181591,51.517157],[-3.181522,51.516696],[-3.181468,51.516341]]},"properties":{"@id":"way/303502316","electrified":"contact_line","frequency":"50","gauge":"1435","maxspeed":"75 mph","name":"Rhymney Line","name:cy":"Llinell Rhymni","operator":"Transport for Wales","operator:wikidata":"Q48740007","passenger_lines":"2","railway":"rail","ref":"CAR","usage":"branch","voltage":"25000"},"id":"way/303502316"},{"type":"Feature","geometry":{"type":"LineString","coordinates":[[-3.181657,51.518722],[-3.18166,51.518602],[-3.181659,51.518191]]},"properties":{"@id":"way/303502317","bridge":"yes","electrified":"contact_line","frequency":"50","gauge":"1435","layer":"1","maxspeed":"75 mph","name":"Rhymney Line","name:cy":"Llinell Rhymni","operator":"Transport for Wales","operator:wikidata":"Q48740007","passenger_lines":"2","railway":"rail","ref":"CAR","usage":"branch","voltage":"25000"},"id":"way/303502317"},{"type":"Feature","geometry":{"type":"LineString","coordinates":[[-3.181607,51.527465],[-3.181626,51.52512],[-3.181657,51.518722]]},"properties":{"@id":"way/303502318","electrified":"contact_line","frequency":"50","gauge":"1435","maxspeed":"75 mph","name":"Rhymney Line","name:cy":"Llinell Rhymni","operator":"Transport for Wales","operator:wikidata":"Q48740007","passenger_lines":"2","railway":"rail","ref":"CAR","usage":"branch","voltage":"25000"},"id":"way/303502318"},{"type":"Feature","geometry":{"type":"LineString","coordinates":[[-3.195753,51.565978],[-3.192575,51.561611],[-3.190188,51.558445],[-3.186773,51.553901],[-3.185719,51.552432],[-3.185388,51.551896],[-3.185294,51.551545]]},"properties":{"@id":"way/303502319","electrified":"no","gauge":"1435","maxspeed":"50 mph","name":"Caerphilly Tunnel","operator":"Transport for Wales","operator:wikidata":"Q48740007","passenger_lines":"2","railway":"rail","ref":"CAR","tunnel":"yes","usage":"branch"},"id":"way/303502319"},{"type":"Feature","geometry":{"type":"LineString","coordinates":[[-3.213941,51.571254],[-3.212989,51.571174],[-3.211855,51.571077],[-3.210417,51.570975],[-3.209005,51.570858],[-3.206545,51.570667],[-3.203515,51.570409],[-3.202312,51.570272],[-3.201666,51.570148],[-3.201128,51.570007],[-3.201088,51.569994],[-3.200169,51.56969],[-3.199347,51.569344],[-3.198615,51.568938],[-3.197883,51.56842],[-3.19733,51.567947],[-3.196974,51.567549],[-3.195753,51.565978]]},"properties":{"@id":"way/303502320","electrified":"no","gauge":"1435","maxspeed":"65 mph","name":"Rhymney Line","name:cy":"Llinell Rhymni","operator":"Transport for Wales","operator:wikidata":"Q48740007","passenger_lines":"2","railway":"rail","ref":"CAR","usage":"branch"},"id":"way/303502320"},{"type":"Feature","geometry":{"type":"LineString","coordinates":[[-3.228927,51.581248],[-3.228945,51.581155]]},"properties":{"@id":"way/303502321","bridge":"yes","electrified":"contact_line","frequency":"50","gauge":"1435","maxspeed":"50 mph","name":"Rhymney Line","operator":"Transport for Wales","operator:wikidata":"Q48740007","passenger_lines":"2","railway":"rail","ref":"CAR","usage":"branch","voltage":"25000"},"id":"way/303502321"},{"type":"Feature","geometry":{"type":"LineString","coordinates":[[-3.229537,51.590819],[-3.229682,51.590166],[-3.229773,51.589688],[-3.229834,51.589233],[-3.229848,51.588975],[-3.229852,51.588678],[-3.229799,51.588069],[-3.229692,51.58744],[-3.229518,51.586681],[-3.229193,51.585186],[-3.228941,51.584048],[-3.228911,51.583906]]},"properties":{"@id":"way/303502324","electrified":"contact_line","frequency":"50","gauge":"1435","maxspeed":"50 mph","name":"Rhymney Line","operator":"Transport for Wales","operator:wikidata":"Q48740007","passenger_lines":"2","railway":"rail","ref":"CAR","usage":"branch","voltage":"25000"},"id":"way/303502324"},{"type":"Feature","geometry":{"type":"LineString","coordinates":[[-3.229481,51.591149],[-3.229537,51.590819]]},"properties":{"@id":"way/303502325","bridge":"yes","electrified":"contact_line","frequency":"50","gauge":"1435","maxspeed":"50 mph","name":"Rhymney Line","operator":"Transport for Wales","operator:wikidata":"Q48740007","passenger_lines":"2","railway":"rail","ref":"CAR","usage":"branch","voltage":"25000"},"id":"way/303502325"},{"type":"Feature","geometry":{"type":"LineString","coordinates":[[-3.229456,51.59149],[-3.229481,51.591149]]},"properties":{"@id":"way/303502326","electrified":"contact_line","frequency":"50","gauge":"1435","maxspeed":"50 mph","name":"Rhymney Line","operator":"Transport for Wales","operator:wikidata":"Q48740007","passenger_lines":"2","railway":"rail","ref":"CAR","usage":"branch","voltage":"25000"},"id":"way/303502326"},{"type":"Feature","geometry":{"type":"LineString","coordinates":[[-3.229454,51.59176],[-3.229456,51.59149]]},"properties":{"@id":"way/303502327","bridge":"yes","electrified":"contact_line","frequency":"50","gauge":"1435","maxspeed":"50 mph","name":"Rhymney Line","operator":"Transport for Wales","operator:wikidata":"Q48740007","passenger_lines":"2","railway":"rail","ref":"CAR","usage":"branch","voltage":"25000"},"id":"way/303502327"},{"type":"Feature","geometry":{"type":"LineString","coordinates":[[-3.227055,51.619779],[-3.226888,51.619476],[-3.226744,51.619049],[-3.226712,51.618748],[-3.226725,51.618447],[-3.226815,51.618092],[-3.227003,51.617674],[-3.227346,51.617228],[-3.228156,51.616357],[-3.228535,51.615871],[-3.228786,51.61539],[-3.228888,51.615039],[-3.228927,51.614655],[-3.228842,51.614054],[-3.228762,51.613439],[-3.228715,51.612847],[-3.22873,51.612625],[-3.228767,51.612403],[-3.228903,51.611954],[-3.229035,51.611676],[-3.229364,51.61116]]},"properties":{"@id":"way/303502328","electrified":"contact_line","frequency":"50","gauge":"1435","maxspeed":"45 mph","name":"Rhymney Line","operator":"Transport for Wales","operator:wikidata":"Q48740007","passenger_lines":"2","railway":"rail","ref":"CAR","usage":"branch","voltage":"25000"},"id":"way/303502328"},{"type":"Feature","geometry":{"type":"LineString","coordinates":[[-3.237724,51.629301],[-3.23802,51.629588],[-3.23831,51.6298],[-3.239203,51.630424],[-3.240224,51.631068],[-3.241324,51.631706],[-3.241953,51.632092],[-3.242497,51.632465],[-3.242898,51.632819]]},"properties":{"@id":"way/303502329","electrified":"no","gauge":"1435","maxspeed":"15 mph","name":"Rhymney Line","operator":"Transport for Wales","operator:wikidata":"Q48740007","railway":"rail","ref":"CAR","service":"siding","usage":"branch"},"id":"way/303502329"},{"type":"Feature","geometry":{"type":"LineString","coordinates":[[-2.978785,51.588521],[-2.977872,51.58827],[-2.976963,51.588035],[-2.975611,51.587707],[-2.973921,51.587297],[-2.970797,51.586536],[-2.96772,51.585788],[-2.965674,51.585299],[-2.963024,51.584656],[-2.962694,51.584577],[-2.962182,51.584462],[-2.961798,51.584386],[-2.961414,51.584307],[-2.960773,51.584192],[-2.960264,51.584106],[-2.959641,51.584014],[-2.9589,51.583919],[-2.958319,51.583847],[-2.957431,51.583752],[-2.95694,51.583701],[-2.956063,51.583607],[-2.955591,51.583567],[-2.955057,51.583521],[-2.954323,51.583451],[-2.953593,51.583401],[-2.952842,51.583354],[-2.951903,51.583311],[-2.950734,51.583257],[-2.949739,51.583216],[-2.948339,51.583156],[-2.946971,51.583094],[-2.945823,51.583047],[-2.944999,51.583011],[-2.94391,51.582966],[-2.942743,51.582914],[-2.941861,51.582874],[-2.94082,51.582826],[-2.934453,51.582551],[-2.924907,51.582134],[-2.916058,51.581737],[-2.905533,51.581286],[-2.896258,51.580874],[-2.891315,51.580661],[-2.888364,51.580534],[-2.881353,51.580229],[-2.874554,51.579929],[-2.874162,51.579907]]},"properties":{"@id":"way/310339568","electrified":"contact_line","frequency":"50","gauge":"1435","maxspeed":"75 mph","name":"South Wales Main Line","name:br":"Linenn Pennañ Su Kembre","name:cy":"Prif Linell De Cymru","operator":"Network Rail","operator:wikidata":"Q1501071","passenger_lines":"4","railway":"rail","railway:aws":"yes","railway:tpws":"yes","railway:track_ref":"UM","ref":"SWM2","source":"npe","tracks":"4","usage":"main","voltage":"25000"},"id":"way/310339568"},{"type":"Feature","geometry":{"type":"LineString","coordinates":[[-3.0064,51.579498],[-3.006619,51.579209]]},"properties":{"@id":"way/325424721","electrified":"contact_line","frequency":"50","gauge":"1435","name":"South Wales Main Line","operator":"Network Rail","operator:wikidata":"Q1501071","railway":"rail","ref":"SWM2","service":"crossover","usage":"main","voltage":"25000"},"id":"way/325424721"},{"type":"Feature","geometry":{"type":"LineString","coordinates":[[-3.17334,51.485826],[-3.172924,51.485565],[-3.172496,51.485292],[-3.172246,51.48513],[-3.172092,51.485021],[-3.171898,51.48488],[-3.171798,51.484802],[-3.171618,51.484657],[-3.171475,51.484533],[-3.171317,51.484369],[-3.171224,51.484272],[-3.171126,51.48415],[-3.171043,51.484029],[-3.170969,51.483908],[-3.170865,51.483706],[-3.170799,51.483567]]},"properties":{"@id":"way/325424723","electrified":"no","gauge":"1435","maxspeed":"25 mph","name":"Valley Lines","operator":"Transport for Wales","operator:wikidata":"Q48740007","passenger_lines":"2","railway":"rail","railway:track_ref":"Down","ref":"CAM","source":"npe","usage":"branch"},"id":"way/325424723"},{"type":"Feature","geometry":{"type":"LineString","coordinates":[[-2.991843,51.591888],[-2.992357,51.59179]]},"properties":{"@id":"way/330353199","electrified":"contact_line","frequency":"50","gauge":"1435","name":"South Wales Main Line","name:cy":"Prif Linell De Cymru","operator":"Network Rail","operator:wikidata":"Q1501071","railway":"rail","railway:aws":"yes","railway:tpws":"yes","ref":"SWM2","service":"crossover","voltage":"25000"},"id":"way/330353199"},{"type":"Feature","geometry":{"type":"LineString","coordinates":[[-3.235081,51.505296],[-3.234902,51.505107]]},"properties":{"@id":"way/341046534","bridge":"yes","electrified":"contact_line","frequency":"50","gauge":"1435","maxspeed":"55 mph","name":"Cardiff City Line","name:cy":"Llinell Dinas Caerdydd","operator":"Transport for Wales","operator:wikidata":"Q48740007","passenger_lines":"2","railway":"rail","ref":"RAD","usage":"branch","voltage":"25000"},"id":"way/341046534"},{"type":"Feature","geometry":{"type":"LineString","coordinates":[[-3.234902,51.505107],[-3.234699,51.504836],[-3.2344,51.504457],[-3.234254,51.504222],[-3.234068,51.50387],[-3.233838,51.503325],[-3.233705,51.502848],[-3.233627,51.50227],[-3.23363,51.50165],[-3.233717,51.50112],[-3.233741,51.501034],[-3.233791,51.500863],[-3.233881,51.500603],[-3.233986,51.500362],[-3.234088,51.500115],[-3.234271,51.499746],[-3.234445,51.49937],[-3.234576,51.499008],[-3.234694,51.498649],[-3.234782,51.498265],[-3.234822,51.498035],[-3.234863,51.4977],[-3.234878,51.497381],[-3.234875,51.497082],[-3.234851,51.496742],[-3.23481,51.496412],[-3.234776,51.496214],[-3.234713,51.495954],[-3.234673,51.495789],[-3.234548,51.495374],[-3.234395,51.494927],[-3.234225,51.494556],[-3.234146,51.494397],[-3.234,51.494148],[-3.233958,51.494086],[-3.233796,51.493845],[-3.233473,51.493366],[-3.233364,51.493203],[-3.23313,51.492857],[-3.232848,51.492425],[-3.232668,51.492165],[-3.232406,51.491787],[-3.232209,51.491505],[-3.232007,51.491199],[-3.231804,51.490883],[-3.231485,51.490425],[-3.231205,51.490042],[-3.230969,51.489752],[-3.230777,51.489506],[-3.230486,51.489151],[-3.230364,51.489002],[-3.230223,51.488846],[-3.229919,51.488514]]},"properties":{"@id":"way/341046538","electrified":"contact_line","frequency":"50","gauge":"1435","maxspeed":"55 mph","name":"Cardiff City Line","name:cy":"Llinell Dinas Caerdydd","operator":"Transport for Wales","operator:wikidata":"Q48740007","passenger_lines":"2","railway":"rail","ref":"RAD","usage":"branch","voltage":"25000"},"id":"way/341046538"},{"type":"Feature","geometry":{"type":"LineString","coordinates":[[-3.182475,51.475638],[-3.182303,51.475642],[-3.181826,51.475655]]},"properties":{"@id":"way/367718495","bridge":"yes","electrified":"contact_line","frequency":"50","gauge":"1435","layer":"1","maxspeed":"15 mph","name":"South Wales Main Line","name:br":"Linenn Pennañ Su Kembre","name:cy":"Prif Linell De Cymru","name:en":"South Wales Main Line","operator":"Network Rail","operator:wikidata":"Q1501071","railway":"rail","ref":"SWM2","usage":"main","voltage":"25000"},"id":"way/367718495"},{"type":"Feature","geometry":{"type":"LineString","coordinates":[[-3.183587,51.475583],[-3.183882,51.475623],[-3.184153,51.47566]]},"properties":{"@id":"way/367718496","electrified":"contact_line","frequency":"50","gauge":"1435","maxspeed":"15 mph","operator":"Network Rail","operator:wikidata":"Q1501071","railway":"rail","service":"crossover","voltage":"25000"},"id":"way/367718496"},{"type":"Feature","geometry":{"type":"LineString","coordinates":[[-3.184153,51.47566],[-3.184657,51.475696],[-3.185878,51.475787],[-3.186422,51.475829]]},"properties":{"@id":"way/367718568","electrified":"contact_line","frequency":"50","gauge":"1435","maxspeed":"30 mph","name":"South Wales Main Line","name:br":"Linenn Pennañ Su Kembre","name:cy":"Prif Linell De Cymru","name:en":"South Wales Main Line","operator":"Network Rail","operator:wikidata":"Q1501071","railway":"rail","ref":"SWM2","usage":"main","voltage":"25000"},"id":"way/367718568"},{"type":"Feature","geometry":{"type":"LineString","coordinates":[[-3.207332,51.478858],[-3.206455,51.478653],[-3.206199,51.478587],[-3.205698,51.478457],[-3.205135,51.478308],[-3.204474,51.478133],[-3.203904,51.477984],[-3.203133,51.477786],[-3.202625,51.477659],[-3.202252,51.477574],[-3.201832,51.477486]]},"properties":{"@id":"way/367718709","electrified":"no","gauge":"1435","name":"South Wales Main Line","name:br":"Linenn Pennañ Su Kembre","name:cy":"Prif Linell De Cymru","name:en":"South Wales Main Line","operator":"Network Rail","operator:wikidata":"Q1501071","railway":"rail","ref":"SWM2","usage":"main"},"id":"way/367718709"},{"type":"Feature","geometry":{"type":"LineString","coordinates":[[-3.244009,51.637269],[-3.243773,51.637699],[-3.243633,51.637923],[-3.243216,51.638531],[-3.242913,51.63899],[-3.242178,51.640037],[-3.241817,51.640545],[-3.241725,51.640678],[-3.241355,51.64121],[-3.241163,51.641461],[-3.240961,51.6417]]},"properties":{"@id":"way/368750515","electrified":"contact_line","frequency":"50","gauge":"1435","maxspeed":"35 mph","name":"Rhymney Line","operator":"Transport for Wales","operator:wikidata":"Q48740007","railway":"rail","ref":"CAR","usage":"branch","voltage":"25000"},"id":"way/368750515"},{"type":"Feature","geometry":{"type":"LineString","coordinates":[[-3.240904,51.64168],[-3.24123,51.641294],[-3.241754,51.640562],[-3.241998,51.640221],[-3.242133,51.640023],[-3.242309,51.639767],[-3.242853,51.638974],[-3.243156,51.638515],[-3.243583,51.637905],[-3.243854,51.637462]]},"properties":{"@id":"way/368750516","electrified":"contact_line","frequency":"50","gauge":"1435","maxspeed":"35 mph","name":"Rhymney Line","operator":"Transport for Wales","operator:wikidata":"Q48740007","railway":"rail","ref":"CAR","usage":"branch","voltage":"25000"},"id":"way/368750516"},{"type":"Feature","geometry":{"type":"LineString","coordinates":[[-3.238701,51.629974],[-3.239298,51.630368],[-3.240315,51.63101],[-3.241414,51.631648],[-3.242047,51.632036],[-3.242599,51.632414],[-3.243029,51.632795]]},"properties":{"@id":"way/368750517","electrified":"contact_line","frequency":"50","gauge":"1435","maxspeed":"55 mph","name":"Rhymney Line","operator":"Transport for Wales","operator:wikidata":"Q48740007","railway":"rail","ref":"CAR","usage":"branch","voltage":"25000"},"id":"way/368750517"},{"type":"Feature","geometry":{"type":"LineString","coordinates":[[-3.240584,51.642002],[-3.240904,51.64168]]},"properties":{"@id":"way/368750520","bridge":"yes","electrified":"contact_line","frequency":"50","gauge":"1435","layer":"1","maxspeed":"35 mph","name":"Rhymney Line","operator":"Transport for Wales","operator:wikidata":"Q48740007","railway":"rail","ref":"CAR","usage":"branch","voltage":"25000"},"id":"way/368750520"},{"type":"Feature","geometry":{"type":"LineString","coordinates":[[-3.237036,51.643467],[-3.237433,51.643407],[-3.237789,51.643332],[-3.238418,51.643193],[-3.238779,51.643075],[-3.239172,51.642931],[-3.239482,51.642786],[-3.239786,51.642623],[-3.240165,51.642356],[-3.240484,51.6421],[-3.240584,51.642002]]},"properties":{"@id":"way/368750523","electrified":"contact_line","frequency":"50","gauge":"1435","maxspeed":"35 mph","name":"Rhymney Line","operator":"Transport for Wales","operator:wikidata":"Q48740007","railway":"rail","ref":"CAR","usage":"branch","voltage":"25000"},"id":"way/368750523"},{"type":"Feature","geometry":{"type":"LineString","coordinates":[[-3.251399,51.410384],[-3.251156,51.410534]]},"properties":{"@id":"way/369491080","bridge":"yes","electrified":"no","gauge":"1435","layer":"1","maxspeed":"40 mph","name":"Barry Line","name:cy":"Llinell Y Barri","operator":"Network Rail","operator:wikidata":"Q1501071","passenger_lines":"2","railway":"rail","ref":"BRY","source":"NPE","usage":"branch"},"id":"way/369491080"},{"type":"Feature","geometry":{"type":"LineString","coordinates":[[-3.200224,51.442919],[-3.199751,51.443169],[-3.199149,51.443477],[-3.198755,51.443655],[-3.198475,51.443774],[-3.197855,51.444008]]},"properties":{"@id":"way/369491081","electrified":"no","gauge":"1435","layer":"-1","maxspeed":"40 mph","name":"Vale of Glamorgan Line","name:cy":"Llinell Bro Morgannwg","operator":"Network Rail","operator:wikidata":"Q1501071","passenger_lines":"2","railway":"rail","ref":"BRY","tunnel":"yes","tunnel:name":"Cogan Tunnel","usage":"branch"},"id":"way/369491081"},{"type":"Feature","geometry":{"type":"LineString","coordinates":[[-3.25929,51.404435],[-3.259114,51.404627],[-3.258946,51.404795],[-3.258749,51.404977],[-3.258542,51.405154],[-3.258218,51.405418],[-3.256147,51.407071],[-3.25426,51.408583],[-3.253737,51.408977],[-3.253234,51.409294],[-3.252029,51.409983],[-3.251399,51.410384]]},"properties":{"@id":"way/369491083","electrified":"no","gauge":"1435","layer":"0","maxspeed":"40 mph","name":"Barry Line","name:cy":"Llinell Y Barri","operator":"Network Rail","operator:wikidata":"Q1501071","passenger_lines":"2","railway":"rail","ref":"BRY","usage":"branch"},"id":"way/369491083"},{"type":"Feature","geometry":{"type":"LineString","coordinates":[[-3.24808,51.412753],[-3.248042,51.412783],[-3.247694,51.413036],[-3.247386,51.413234],[-3.247174,51.413342],[-3.246862,51.413501],[-3.246319,51.413718],[-3.245798,51.413875],[-3.245216,51.414014],[-3.244358,51.414161],[-3.243423,51.41428],[-3.241493,51.414524],[-3.240426,51.414676],[-3.239678,51.41485],[-3.239007,51.415079],[-3.23835,51.415393],[-3.238043,51.415573],[-3.23769,51.415796],[-3.237347,51.416077],[-3.231869,51.42096]]},"properties":{"@id":"way/369491087","electrified":"no","gauge":"1435","maxspeed":"50 mph","name":"Vale of Glamorgan Line","name:cy":"Llinell Bro Morgannwg","operator":"Network Rail","operator:wikidata":"Q1501071","passenger_lines":"2","railway":"rail","ref":"BRY","source":"NPE","usage":"branch"},"id":"way/369491087"},{"type":"Feature","geometry":{"type":"LineString","coordinates":[[-3.194699,51.457788],[-3.194571,51.458046],[-3.19449,51.458207],[-3.194435,51.458319]]},"properties":{"@id":"way/369491090","bridge":"yes","electrified":"no","gauge":"1435","layer":"1","maxspeed":"40 mph","name":"Vale of Glamorgan Line","name:cy":"Llinell Bro Morgannwg","operator":"Network Rail","operator:wikidata":"Q1501071","passenger_lines":"2","railway":"rail","ref":"BRY","usage":"branch"},"id":"way/369491090"},{"type":"Feature","geometry":{"type":"LineString","coordinates":[[-3.248415,51.412481],[-3.248114,51.412725]]},"properties":{"@id":"way/369491091","bridge":"yes","electrified":"no","gauge":"1435","layer":"1","maxspeed":"40 mph","name":"Vale of Glamorgan Line","name:cy":"Llinell Bro Morgannwg","operator":"Network Rail","operator:wikidata":"Q1501071","passenger_lines":"2","railway":"rail","ref":"BRY","source":"NPE","usage":"branch"},"id":"way/369491091"},{"type":"Feature","geometry":{"type":"LineString","coordinates":[[-3.214011,51.433838],[-3.213761,51.433965]]},"properties":{"@id":"way/369491093","bridge":"yes","electrified":"no","gauge":"1435","maxspeed":"50 mph","name":"Vale of Glamorgan Line","name:cy":"Llinell Bro Morgannwg","operator":"Network Rail","operator:wikidata":"Q1501071","passenger_lines":"2","railway":"rail","ref":"BRY","usage":"branch"},"id":"way/369491093"},{"type":"Feature","geometry":{"type":"LineString","coordinates":[[-3.231869,51.42096],[-3.231711,51.421104]]},"properties":{"@id":"way/369491098","bridge":"yes","electrified":"no","gauge":"1435","maxspeed":"50 mph","name":"Vale of Glamorgan Line","name:cy":"Llinell Bro Morgannwg","operator":"Network Rail","operator:wikidata":"Q1501071","passenger_lines":"2","railway":"rail","ref":"BRY","source":"NPE","usage":"branch"},"id":"way/369491098"},{"type":"Feature","geometry":{"type":"LineString","coordinates":[[-3.19351,51.444459],[-3.192687,51.444521],[-3.191943,51.444623],[-3.191297,51.444789],[-3.190842,51.44494],[-3.190669,51.445008],[-3.190445,51.445103],[-3.190205,51.44522],[-3.190008,51.445326],[-3.189829,51.445432],[-3.189644,51.445559],[-3.189495,51.445681],[-3.189381,51.445786],[-3.189314,51.445857],[-3.189247,51.445935],[-3.189133,51.446079],[-3.189074,51.446165],[-3.189019,51.446258],[-3.188929,51.44642],[-3.188875,51.446542],[-3.188777,51.446804],[-3.188734,51.447079],[-3.188741,51.44742],[-3.188779,51.447628],[-3.188855,51.447876],[-3.188986,51.448115]]},"properties":{"@id":"way/369491100","electrified":"no","gauge":"1435","maxspeed":"25 mph","name":"Vale of Glamorgan Line","name:cy":"Llinell Bro Morgannwg","operator":"Network Rail","operator:wikidata":"Q1501071","passenger_lines":"2","railway":"rail","ref":"BRY","usage":"branch"},"id":"way/369491100"},{"type":"Feature","geometry":{"type":"LineString","coordinates":[[-3.213761,51.433965],[-3.209592,51.436069],[-3.208307,51.436715],[-3.207729,51.437031],[-3.206826,51.437526],[-3.205852,51.438089],[-3.205735,51.438157],[-3.204682,51.438766],[-3.204327,51.438978],[-3.203858,51.43928],[-3.203571,51.439496],[-3.203296,51.439723],[-3.202983,51.440005],[-3.202724,51.440291],[-3.202274,51.440857]]},"properties":{"@id":"way/369491101","electrified":"no","gauge":"1435","maxspeed":"50 mph","name":"Vale of Glamorgan Line","name:cy":"Llinell Bro Morgannwg","operator":"Network Rail","operator:wikidata":"Q1501071","passenger_lines":"2","railway":"rail","ref":"BRY","usage":"branch"},"id":"way/369491101"},{"type":"Feature","geometry":{"type":"LineString","coordinates":[[-3.190781,51.449594],[-3.1915,51.45012],[-3.19202,51.450486],[-3.192622,51.450918],[-3.19295,51.451175],[-3.193311,51.451491],[-3.193666,51.451856],[-3.194001,51.452244],[-3.194268,51.45259],[-3.194514,51.452939],[-3.194761,51.453335],[-3.194978,51.453712],[-3.195195,51.454191],[-3.195339,51.454576],[-3.195417,51.454903],[-3.195455,51.455214],[-3.195457,51.455521],[-3.195436,51.455761],[-3.195395,51.456018],[-3.195331,51.456278],[-3.195261,51.456536],[-3.195135,51.45686],[-3.194972,51.457234],[-3.194791,51.457609],[-3.194699,51.457788]]},"properties":{"@id":"way/369491104","electrified":"no","gauge":"1435","maxspeed":"40 mph","name":"Vale of Glamorgan Line","name:cy":"Llinell Bro Morgannwg","operator":"Network Rail","operator:wikidata":"Q1501071","passenger_lines":"2","railway":"rail","ref":"BRY","usage":"branch"},"id":"way/369491104"},{"type":"Feature","geometry":{"type":"LineString","coordinates":[[-3.231711,51.421104],[-3.227796,51.424576],[-3.22412,51.427833]]},"properties":{"@id":"way/369491107","electrified":"no","gauge":"1435","maxspeed":"50 mph","name":"Vale of Glamorgan Line","name:cy":"Llinell Bro Morgannwg","operator":"Network Rail","operator:wikidata":"Q1501071","passenger_lines":"2","railway":"rail","ref":"BRY","source":"NPE","usage":"branch"},"id":"way/369491107"},{"type":"Feature","geometry":{"type":"LineString","coordinates":[[-3.251156,51.410534],[-3.250275,51.411077],[-3.250052,51.411229],[-3.249539,51.411583],[-3.24872,51.412233],[-3.248594,51.412335],[-3.248415,51.412481]]},"properties":{"@id":"way/369491112","electrified":"no","gauge":"1435","maxspeed":"40 mph","name":"Barry Line","name:cy":"Llinell Y Barri","operator":"Network Rail","operator:wikidata":"Q1501071","passenger_lines":"2","railway":"rail","ref":"BRY","source":"NPE","usage":"branch"},"id":"way/369491112"},{"type":"Feature","geometry":{"type":"LineString","coordinates":[[-3.22412,51.427833],[-3.22335,51.428475],[-3.222436,51.429105],[-3.221191,51.429942],[-3.21988,51.430811],[-3.219568,51.431007],[-3.219325,51.431149],[-3.219091,51.431279],[-3.218748,51.431459],[-3.216043,51.432824],[-3.214011,51.433838]]},"properties":{"@id":"way/369491115","electrified":"no","gauge":"1435","maxspeed":"50 mph","name":"Vale of Glamorgan Line","name:cy":"Llinell Bro Morgannwg","operator":"Network Rail","operator:wikidata":"Q1501071","passenger_lines":"2","railway":"rail","ref":"BRY","usage":"branch"},"id":"way/369491115"},{"type":"Feature","geometry":{"type":"LineString","coordinates":[[-3.475086,51.408144],[-3.475594,51.40814],[-3.476248,51.408165],[-3.47699,51.408237],[-3.477641,51.408333],[-3.478303,51.408455],[-3.47884,51.408581],[-3.47945,51.408759],[-3.479944,51.408923],[-3.480398,51.409109],[-3.4808,51.409292],[-3.481422,51.409624],[-3.481877,51.4099],[-3.482176,51.410104]]},"properties":{"@id":"way/369495676","electrified":"no","gauge":"1435","layer":"0","maxspeed":"50 mph","name":"Vale of Glamorgan Line","name:cy":"Llinell Bro Morgannwg","operator":"Network Rail","operator:wikidata":"Q1501071","passenger_lines":"2","railway":"rail","ref":"VOG","source":"NPE","usage":"branch"},"id":"way/369495676"},{"type":"Feature","geometry":{"type":"LineString","coordinates":[[-3.482295,51.410196],[-3.482859,51.410662],[-3.483591,51.41142],[-3.483904,51.411706],[-3.484194,51.411945],[-3.484559,51.412196],[-3.484924,51.412414],[-3.485281,51.412608],[-3.485629,51.41278],[-3.485968,51.412927],[-3.486346,51.413069],[-3.486802,51.413213],[-3.487316,51.413367]]},"properties":{"@id":"way/369495677","electrified":"no","gauge":"1435","maxspeed":"50 mph","name":"Vale of Glamorgan Line","name:cy":"Llinell Bro Morgannwg","operator":"Network Rail","operator:wikidata":"Q1501071","passenger_lines":"2","railway":"rail","ref":"VOG","source":"NPE","usage":"branch"},"id":"way/369495677"},{"type":"Feature","geometry":{"type":"LineString","coordinates":[[-3.462003,51.408531],[-3.462501,51.40855],[-3.462653,51.408556]]},"properties":{"@id":"way/369495678","bridge":"yes","electrified":"no","gauge":"1435","layer":"1","maxspeed":"50 mph","name":"Vale of Glamorgan Line","name:cy":"Llinell Bro Morgannwg","operator":"Network Rail","operator:wikidata":"Q1501071","passenger_lines":"2","railway":"rail","ref":"VOG","source":"NPE","usage":"branch"},"id":"way/369495678"},{"type":"Feature","geometry":{"type":"LineString","coordinates":[[-3.465156,51.408504],[-3.467104,51.408427]]},"properties":{"@id":"way/369495679","electrified":"no","gauge":"1435","layer":"0","maxspeed":"50 mph","name":"Vale of Glamorgan Line","name:cy":"Llinell Bro Morgannwg","operator":"Network Rail","operator:wikidata":"Q1501071","passenger_lines":"2","railway":"rail","ref":"VOG","source":"NPE","usage":"branch"},"id":"way/369495679"},{"type":"Feature","geometry":{"type":"LineString","coordinates":[[-3.467104,51.408427],[-3.46764,51.408408]]},"properties":{"@id":"way/369495680","bridge":"yes","electrified":"no","gauge":"1435","layer":"1","maxspeed":"50 mph","name":"Vale of Glamorgan Line","name:cy":"Llinell Bro Morgannwg","operator":"Network Rail","operator:wikidata":"Q1501071","passenger_lines":"2","railway":"rail","ref":"VOG","source":"NPE","usage":"branch"},"id":"way/369495680"},{"type":"Feature","geometry":{"type":"LineString","coordinates":[[-3.458885,51.407932],[-3.459554,51.408141]]},"properties":{"@id":"way/369495681","bridge":"yes","electrified":"no","gauge":"1435","layer":"1","maxspeed":"50 mph","name":"Vale of Glamorgan Line","name:cy":"Llinell Bro Morgannwg","operator":"Network Rail","operator:wikidata":"Q1501071","passenger_lines":"2","railway":"rail","ref":"VOG","source":"NPE","usage":"branch"},"id":"way/369495681"},{"type":"Feature","geometry":{"type":"LineString","coordinates":[[-3.487316,51.413367],[-3.487889,51.413474]]},"properties":{"@id":"way/369495682","bridge":"yes","electrified":"no","gauge":"1435","layer":"1","maxspeed":"50 mph","name":"Vale of Glamorgan Line","name:cy":"Llinell Bro Morgannwg","operator":"Network Rail","operator:wikidata":"Q1501071","passenger_lines":"2","railway":"rail","ref":"VOG","source":"NPE","usage":"branch"},"id":"way/369495682"},{"type":"Feature","geometry":{"type":"LineString","coordinates":[[-3.46764,51.408408],[-3.474728,51.408153]]},"properties":{"@id":"way/369495684","electrified":"no","gauge":"1435","layer":"0","maxspeed":"50 mph","name":"Vale of Glamorgan Line","name:cy":"Llinell Bro Morgannwg","operator":"Network Rail","operator:wikidata":"Q1501071","passenger_lines":"2","railway":"rail","ref":"VOG","source":"NPE","usage":"branch"},"id":"way/369495684"},{"type":"Feature","geometry":{"type":"LineString","coordinates":[[-3.464901,51.408512],[-3.465156,51.408504]]},"properties":{"@id":"way/369495685","bridge":"yes","electrified":"no","gauge":"1435","layer":"1","maxspeed":"50 mph","name":"Vale of Glamorgan Line","name:cy":"Llinell Bro Morgannwg","operator":"Network Rail","operator:wikidata":"Q1501071","passenger_lines":"2","railway":"rail","ref":"VOG","source":"NPE","usage":"branch"},"id":"way/369495685"},{"type":"Feature","geometry":{"type":"LineString","coordinates":[[-3.482176,51.410104],[-3.482295,51.410196]]},"properties":{"@id":"way/369495686","bridge":"yes","electrified":"no","gauge":"1435","layer":"1","maxspeed":"50 mph","name":"Vale of Glamorgan Line","name:cy":"Llinell Bro Morgannwg","operator":"Network Rail","operator:wikidata":"Q1501071","passenger_lines":"2","railway":"rail","ref":"VOG","source":"NPE","usage":"branch"},"id":"way/369495686"},{"type":"Feature","geometry":{"type":"LineString","coordinates":[[-3.474728,51.408153],[-3.475086,51.408144]]},"properties":{"@id":"way/369495687","bridge":"yes","electrified":"no","gauge":"1435","layer":"1","maxspeed":"50 mph","name":"Vale of Glamorgan Line","name:cy":"Llinell Bro Morgannwg","operator":"Network Rail","operator:wikidata":"Q1501071","passenger_lines":"2","railway":"rail","ref":"VOG","source":"NPE","usage":"branch"},"id":"way/369495687"},{"type":"Feature","geometry":{"type":"LineString","coordinates":[[-3.404167,51.397404],[-3.418518,51.398108],[-3.420026,51.398182],[-3.420064,51.398184],[-3.420352,51.398198],[-3.422807,51.398319],[-3.424343,51.398395],[-3.424373,51.398396],[-3.427096,51.39853],[-3.428059,51.398578],[-3.431922,51.398786],[-3.434154,51.398896],[-3.436504,51.399011],[-3.439155,51.399141],[-3.439951,51.399188],[-3.440701,51.399248],[-3.441399,51.399316],[-3.442074,51.399404],[-3.442763,51.399508],[-3.443438,51.399629],[-3.443868,51.399716],[-3.444302,51.399814],[-3.444863,51.399952],[-3.445534,51.400133],[-3.446187,51.400335],[-3.446402,51.400401],[-3.447023,51.400614],[-3.447767,51.400913],[-3.448312,51.401139],[-3.448837,51.401385],[-3.450161,51.402075],[-3.45077,51.402446],[-3.451386,51.402861],[-3.454796,51.405426],[-3.456291,51.40657],[-3.456754,51.406893],[-3.457194,51.40716],[-3.457709,51.407434],[-3.458198,51.407674],[-3.458632,51.407847],[-3.458885,51.407932]]},"properties":{"@id":"way/369495688","electrified":"no","gauge":"1435","maxspeed":"50 mph","name":"Vale of Glamorgan Line","name:cy":"Llinell Bro Morgannwg","operator":"Network Rail","operator:wikidata":"Q1501071","passenger_lines":"2","railway":"rail","ref":"VOG","source":"NPE","usage":"branch"},"id":"way/369495688"},{"type":"Feature","geometry":{"type":"LineString","coordinates":[[-3.462653,51.408556],[-3.463347,51.40856],[-3.464426,51.408526],[-3.464901,51.408512]]},"properties":{"@id":"way/369495689","electrified":"no","gauge":"1435","layer":"0","maxspeed":"50 mph","name":"Vale of Glamorgan Line","name:cy":"Llinell Bro Morgannwg","operator":"Network Rail","operator:wikidata":"Q1501071","passenger_lines":"2","railway":"rail","ref":"VOG","source":"NPE","usage":"branch"},"id":"way/369495689"},{"type":"Feature","geometry":{"type":"LineString","coordinates":[[-3.459554,51.408141],[-3.460372,51.408314],[-3.461177,51.408451],[-3.462003,51.408531]]},"properties":{"@id":"way/369495690","electrified":"no","gauge":"1435","layer":"0","maxspeed":"50 mph","name":"Vale of Glamorgan Line","name:cy":"Llinell Bro Morgannwg","operator":"Network Rail","operator:wikidata":"Q1501071","passenger_lines":"2","railway":"rail","ref":"VOG","source":"NPE","usage":"branch"},"id":"way/369495690"},{"type":"Feature","geometry":{"type":"LineString","coordinates":[[-3.494946,51.414795],[-3.494085,51.414568]]},"properties":{"@id":"way/369500712","bridge":"yes","electrified":"no","gauge":"1435","layer":"1","maxspeed":"50 mph","name":"Vale of Glamorgan Line","name:cy":"Llinell Bro Morgannwg","operator":"Network Rail","operator:wikidata":"Q1501071","passenger_lines":"2","railway":"rail","ref":"VOG","source":"NPE","usage":"branch"},"id":"way/369500712"},{"type":"Feature","geometry":{"type":"LineString","coordinates":[[-3.49179,51.41413],[-3.487873,51.413504]]},"properties":{"@id":"way/369500717","electrified":"no","gauge":"1435","maxspeed":"50 mph","name":"Vale of Glamorgan Line","name:cy":"Llinell Bro Morgannwg","operator":"Network Rail","operator:wikidata":"Q1501071","passenger_lines":"2","railway":"rail","ref":"VOG","source":"NPE","usage":"branch"},"id":"way/369500717"},{"type":"Feature","geometry":{"type":"LineString","coordinates":[[-3.525305,51.44802],[-3.52532,51.44779],[-3.525436,51.44687],[-3.525469,51.44654],[-3.52551,51.446024],[-3.525488,51.445567],[-3.525431,51.445181],[-3.525341,51.444819],[-3.525211,51.444452],[-3.525056,51.444159],[-3.524882,51.443869],[-3.524538,51.443407],[-3.524484,51.443326],[-3.52403,51.442861],[-3.523482,51.442406],[-3.522803,51.441957],[-3.522049,51.441569],[-3.521339,51.441255],[-3.519969,51.440752],[-3.519347,51.440493],[-3.519055,51.440348],[-3.518769,51.440206],[-3.518077,51.439783],[-3.517476,51.439318],[-3.516955,51.43881],[-3.516518,51.438318],[-3.516037,51.437837],[-3.515606,51.437448],[-3.515145,51.437094],[-3.51468,51.436781],[-3.514172,51.436471],[-3.513337,51.436029],[-3.512538,51.435583],[-3.511942,51.435188],[-3.511394,51.434757],[-3.511037,51.434416],[-3.510672,51.433983],[-3.510106,51.433118],[-3.508951,51.431333],[-3.502464,51.421132],[-3.501636,51.419847],[-3.500816,51.418573],[-3.500339,51.417941],[-3.499752,51.417342],[-3.499337,51.416989],[-3.499095,51.416795],[-3.498749,51.416543],[-3.498186,51.416191],[-3.49772,51.415902],[-3.497151,51.415609],[-3.496588,51.415355],[-3.495901,51.415092],[-3.494946,51.414795]]},"properties":{"@id":"way/369500721","electrified":"no","gauge":"1435","maxspeed":"50 mph","name":"Vale of Glamorgan Line","name:cy":"Llinell Bro Morgannwg","operator":"Network Rail","operator:wikidata":"Q1501071","passenger_lines":"2","railway":"rail","ref":"VOG","source":"NPE","usage":"branch"},"id":"way/369500721"},{"type":"Feature","geometry":{"type":"LineString","coordinates":[[-3.177167,51.487969],[-3.178129,51.488493]]},"properties":{"@id":"way/369616740","electrified":"no","gauge":"1435","layer":"0","maxspeed":"30 mph","operator":"Transport for Wales","operator:wikidata":"Q48740007","passenger_lines":"2","railway":"rail","ref":"CAM","source":"npe","tunnel":"yes","usage":"branch"},"id":"way/369616740"},{"type":"Feature","geometry":{"type":"LineString","coordinates":[[-3.23919,51.510841],[-3.239484,51.510967],[-3.23979,51.511102],[-3.240109,51.511243]]},"properties":{"@id":"way/369616741","bridge":"viaduct","electrified":"contact_line","frequency":"50","gauge":"1435","layer":"1","maxspeed":"60 mph","name":"Cardiff and Merthyr Line","operator":"Transport for Wales","operator:wikidata":"Q48740007","passenger_lines":"2","railway":"rail","ref":"CAM","source":"npe","usage":"branch","voltage":"25000"},"id":"way/369616741"},{"type":"Feature","geometry":{"type":"LineString","coordinates":[[-3.251267,51.517267],[-3.250527,51.517036]]},"properties":{"@id":"way/369616742","electrified":"contact_line","frequency":"50","gauge":"1435","maxspeed":"25 mph","operator":"Transport for Wales","operator:wikidata":"Q48740007","railway":"rail","service":"crossover","voltage":"25000"},"id":"way/369616742"},{"type":"Feature","geometry":{"type":"LineString","coordinates":[[-3.257483,51.532396],[-3.257602,51.532849],[-3.257643,51.533004]]},"properties":{"@id":"way/369616743","bridge":"yes","electrified":"no","gauge":"1435","maxspeed":"60 mph","name":"Cardiff and Merthyr Line","operator":"Transport for Wales","operator:wikidata":"Q48740007","railway":"rail","ref":"CAM","source":"npe","usage":"branch"},"id":"way/369616743"},{"type":"Feature","geometry":{"type":"LineString","coordinates":[[-3.23341,51.509121],[-3.233762,51.509195]]},"properties":{"@id":"way/369616744","bridge":"yes","electrified":"contact_line","frequency":"50","gauge":"1435","layer":"1","maxspeed":"60 mph","name":"Cardiff and Merthyr Line","operator":"Transport for Wales","operator:wikidata":"Q48740007","passenger_lines":"2","railway":"rail","ref":"CAM","source":"npe","usage":"branch","voltage":"25000"},"id":"way/369616744"},{"type":"Feature","geometry":{"type":"LineString","coordinates":[[-3.248119,51.516284],[-3.247834,51.516155],[-3.247644,51.516058],[-3.247554,51.516009],[-3.24742,51.515929],[-3.247296,51.515852],[-3.247099,51.515717],[-3.246949,51.515607],[-3.246809,51.515504]]},"properties":{"@id":"way/369616745","electrified":"contact_line","frequency":"50","gauge":"1435","maxspeed":"40 mph","name":"Cardiff and Merthyr Line","operator":"Transport for Wales","operator:wikidata":"Q48740007","passenger_lines":"4","railway":"rail","ref":"CAM","usage":"branch","voltage":"25000"},"id":"way/369616745"},{"type":"Feature","geometry":{"type":"LineString","coordinates":[[-3.240109,51.511243],[-3.241484,51.511887],[-3.242736,51.512589],[-3.243956,51.513357],[-3.244114,51.513484],[-3.244388,51.51368],[-3.244787,51.513977],[-3.245063,51.514192],[-3.245423,51.514475],[-3.245698,51.514694],[-3.245885,51.51484]]},"properties":{"@id":"way/369616746","electrified":"contact_line","frequency":"50","gauge":"1435","maxspeed":"60 mph","name":"Cardiff and Merthyr Line","operator":"Transport for Wales","operator:wikidata":"Q48740007","passenger_lines":"2","railway":"rail","ref":"CAM","source":"npe","usage":"branch","voltage":"25000"},"id":"way/369616746"},{"type":"Feature","geometry":{"type":"LineString","coordinates":[[-3.233762,51.509195],[-3.234427,51.509337],[-3.235034,51.509471],[-3.235534,51.509595],[-3.235865,51.509684],[-3.236262,51.509793],[-3.236779,51.50995],[-3.237073,51.510041],[-3.237561,51.510204],[-3.238081,51.510394],[-3.238878,51.510706],[-3.23919,51.510841]]},"properties":{"@id":"way/369616747","electrified":"contact_line","frequency":"50","gauge":"1435","maxspeed":"60 mph","name":"Cardiff and Merthyr Line","operator":"Transport for Wales","operator:wikidata":"Q48740007","passenger_lines":"2","railway":"rail","ref":"CAM","source":"npe","usage":"branch","voltage":"25000"},"id":"way/369616747"},{"type":"Feature","geometry":{"type":"LineString","coordinates":[[-3.257643,51.533004],[-3.257744,51.533429],[-3.257912,51.533917],[-3.258084,51.534319],[-3.258329,51.534766],[-3.258491,51.535021],[-3.258661,51.535259],[-3.25883,51.535462],[-3.259267,51.535963]]},"properties":{"@id":"way/369616748","electrified":"no","gauge":"1435","maxspeed":"60 mph","name":"Cardiff and Merthyr Line","operator":"Transport for Wales","operator:wikidata":"Q48740007","railway":"rail","ref":"CAM","source":"npe","usage":"branch"},"id":"way/369616748"},{"type":"Feature","geometry":{"type":"LineString","coordinates":[[-3.207056,51.503066],[-3.211749,51.504389],[-3.212583,51.504643],[-3.213378,51.504876],[-3.214602,51.505235],[-3.215526,51.505507],[-3.215987,51.505639],[-3.216777,51.505872],[-3.217101,51.505967],[-3.217876,51.506194],[-3.219496,51.506668],[-3.220695,51.507018],[-3.221381,51.507218],[-3.221701,51.507312],[-3.222241,51.507464],[-3.222737,51.507597],[-3.223217,51.507718],[-3.223569,51.507801],[-3.22384,51.507862],[-3.224228,51.507945],[-3.224607,51.50802],[-3.224883,51.50807],[-3.225278,51.508134],[-3.225784,51.508207],[-3.226192,51.508258],[-3.226693,51.508311],[-3.227091,51.508347],[-3.227673,51.508396],[-3.228261,51.508439],[-3.228755,51.508478],[-3.229332,51.508521],[-3.229783,51.508562],[-3.229979,51.508584],[-3.230163,51.508607],[-3.230465,51.508648],[-3.230892,51.508709],[-3.231446,51.50879],[-3.231904,51.508859],[-3.232284,51.508917],[-3.232912,51.509024],[-3.233185,51.509075],[-3.23341,51.509121]]},"properties":{"@id":"way/369616749","electrified":"contact_line","frequency":"50","gauge":"1435","maxspeed":"60 mph","name":"Valley Lines","operator":"Transport for Wales","operator:wikidata":"Q48740007","passenger_lines":"2","railway":"rail","ref":"CAM","source":"npe","usage":"branch","voltage":"25000"},"id":"way/369616749"},{"type":"Feature","geometry":{"type":"LineString","coordinates":[[-3.20677,51.502984],[-3.207056,51.503066]]},"properties":{"@id":"way/369616750","bridge":"yes","electrified":"contact_line","frequency":"50","gauge":"1435","layer":"1","maxspeed":"60 mph","name":"Valley Lines","operator":"Transport for Wales","operator:wikidata":"Q48740007","passenger_lines":"2","railway":"rail","ref":"CAM","source":"npe","usage":"branch","voltage":"25000"},"id":"way/369616750"},{"type":"Feature","geometry":{"type":"LineString","coordinates":[[-3.17334,51.485826],[-3.173574,51.485972]]},"properties":{"@id":"way/369616751","bridge":"yes","electrified":"no","gauge":"1435","layer":"1","maxspeed":"30 mph","name":"Valley Lines","operator":"Transport for Wales","operator:wikidata":"Q48740007","passenger_lines":"2","railway":"rail","ref":"CAM","source":"npe","usage":"branch"},"id":"way/369616751"},{"type":"Feature","geometry":{"type":"LineString","coordinates":[[-3.173574,51.485972],[-3.173898,51.486164],[-3.174434,51.486463],[-3.177167,51.487969]]},"properties":{"@id":"way/369616752","electrified":"no","embankment":"yes","gauge":"1435","maxspeed":"30 mph","name":"Valley Lines","operator":"Transport for Wales","operator:wikidata":"Q48740007","passenger_lines":"2","railway":"rail","ref":"CAM","source":"npe","usage":"branch"},"id":"way/369616752"},{"type":"Feature","geometry":{"type":"LineString","coordinates":[[-3.203742,51.502006],[-3.204446,51.502256]]},"properties":{"@id":"way/369616753","bridge":"yes","electrified":"contact_line","frequency":"50","gauge":"1435","layer":"1","maxspeed":"60 mph","name":"Valley Lines","operator":"Transport for Wales","operator:wikidata":"Q48740007","passenger_lines":"2","railway":"rail","ref":"CAM","source":"npe","usage":"branch","voltage":"25000"},"id":"way/369616753"},{"type":"Feature","geometry":{"type":"LineString","coordinates":[[-3.203786,51.501985],[-3.20447,51.502225]]},"properties":{"@id":"way/369616754","bridge":"yes","electrified":"contact_line","frequency":"50","gauge":"1435","layer":"1","maxspeed":"70 mph","name":"Valley Lines","operator":"Transport for Wales","operator:wikidata":"Q48740007","passenger_lines":"2","railway":"rail","ref":"CAM","source":"npe","usage":"branch","voltage":"25000"},"id":"way/369616754"},{"type":"Feature","geometry":{"type":"LineString","coordinates":[[-3.204446,51.502256],[-3.204993,51.502443],[-3.205578,51.502633],[-3.206292,51.502849],[-3.20677,51.502984]]},"properties":{"@id":"way/369616755","electrified":"contact_line","frequency":"50","gauge":"1435","maxspeed":"60 mph","name":"Valley Lines","operator":"Transport for Wales","operator:wikidata":"Q48740007","passenger_lines":"2","railway":"rail","ref":"CAM","source":"npe","usage":"branch","voltage":"25000"},"id":"way/369616755"},{"type":"Feature","geometry":{"type":"LineString","coordinates":[[-3.20447,51.502225],[-3.205107,51.502444],[-3.205893,51.502695],[-3.206432,51.502852],[-3.206792,51.502954]]},"properties":{"@id":"way/369616756","electrified":"contact_line","frequency":"50","gauge":"1435","maxspeed":"70 mph","name":"Valley Lines","operator":"Transport for Wales","operator:wikidata":"Q48740007","passenger_lines":"2","railway":"rail","ref":"CAM","source":"npe","usage":"branch","voltage":"25000"},"id":"way/369616756"},{"type":"Feature","geometry":{"type":"LineString","coordinates":[[-3.178129,51.488493],[-3.178523,51.488706],[-3.178774,51.488842],[-3.178907,51.488914],[-3.179444,51.489207],[-3.179843,51.489425],[-3.180124,51.489573],[-3.181172,51.490145],[-3.183324,51.491315],[-3.185013,51.49223],[-3.190655,51.495292],[-3.191218,51.495598],[-3.195199,51.497755],[-3.195988,51.498185],[-3.196933,51.498696]]},"properties":{"@id":"way/369616757","electrified":"no","gauge":"1435","maxspeed":"70 mph","name":"Valley Lines","operator":"Transport for Wales","operator:wikidata":"Q48740007","passenger_lines":"2","railway":"rail","ref":"CAM","source":"npe","usage":"branch"},"id":"way/369616757"},{"type":"Feature","geometry":{"type":"LineString","coordinates":[[-3.259654,51.536395],[-3.260164,51.536949],[-3.260692,51.537605],[-3.261274,51.538339],[-3.261569,51.538712],[-3.261805,51.53901],[-3.261977,51.539217],[-3.2624,51.539733],[-3.26268,51.540052],[-3.262826,51.54022],[-3.262879,51.54028],[-3.262985,51.540401],[-3.263222,51.540639],[-3.263384,51.540801],[-3.26366,51.54106],[-3.263814,51.541201],[-3.263989,51.541356],[-3.265583,51.542706],[-3.266054,51.543087],[-3.26684,51.543749],[-3.268495,51.545119],[-3.270166,51.546503],[-3.271041,51.547137]]},"properties":{"@id":"way/369617727","electrified":"no","gauge":"1435","maxspeed":"60 mph","name":"Cardiff and Merthyr Line","operator":"Transport for Wales","operator:wikidata":"Q48740007","railway":"rail","ref":"CAM","source":"npe","usage":"branch"},"id":"way/369617727"},{"type":"Feature","geometry":{"type":"LineString","coordinates":[[-3.283293,51.562086],[-3.283472,51.562181]]},"properties":{"@id":"way/369617728","bridge":"yes","electrified":"contact_line","frequency":"50","gauge":"1435","maxspeed":"55 mph","name":"Cardiff and Merthyr Line","operator":"Transport for Wales","operator:wikidata":"Q48740007","railway":"rail","ref":"CAM","source":"OS_OpenData_StreetView","usage":"branch","voltage":"25000"},"id":"way/369617728"},{"type":"Feature","geometry":{"type":"LineString","coordinates":[[-3.259267,51.535963],[-3.259654,51.536395]]},"properties":{"@id":"way/369617729","electrified":"no","gauge":"1435","maxspeed":"60 mph","name":"Cardiff and Merthyr Line","operator":"Transport for Wales","operator:wikidata":"Q48740007","railway":"rail","ref":"CAM","source":"npe","tunnel":"yes","usage":"branch"},"id":"way/369617729"},{"type":"Feature","geometry":{"type":"LineString","coordinates":[[-3.302955,51.574431],[-3.303173,51.574643]]},"properties":{"@id":"way/369617730","bridge":"yes","electrified":"contact_line","frequency":"50","gauge":"1435","maxspeed":"55 mph","name":"Cardiff and Merthyr Line","operator":"Transport for Wales","operator:wikidata":"Q48740007","railway":"rail","ref":"CAM","source":"OS_OpenData_StreetView","usage":"branch","voltage":"25000"},"id":"way/369617730"},{"type":"Feature","geometry":{"type":"LineString","coordinates":[[-3.295964,51.571166],[-3.296163,51.571244]]},"properties":{"@id":"way/369617731","bridge":"yes","electrified":"contact_line","frequency":"50","gauge":"1435","maxspeed":"55 mph","name":"Cardiff and Merthyr Line","operator":"Transport for Wales","operator:wikidata":"Q48740007","railway":"rail","ref":"CAM","source":"OS_OpenData_StreetView","usage":"branch","voltage":"25000"},"id":"way/369617731"},{"type":"Feature","geometry":{"type":"LineString","coordinates":[[-3.283335,51.562055],[-3.283516,51.562152]]},"properties":{"@id":"way/369617732","bridge":"yes","electrified":"contact_line","frequency":"50","gauge":"1435","maxspeed":"55 mph","name":"Cardiff and Merthyr Line","operator":"Transport for Wales","operator:wikidata":"Q48740007","railway":"rail","ref":"CAM","source":"OS_OpenData_StreetView","usage":"branch","voltage":"25000"},"id":"way/369617732"},{"type":"Feature","geometry":{"type":"LineString","coordinates":[[-3.324701,51.590019],[-3.324743,51.590159]]},"properties":{"@id":"way/369617734","bridge":"yes","electrified":"no","gauge":"1435","layer":"1","maxspeed":"50 mph","name":"Cardiff and Merthyr Line","operator":"Transport for Wales","operator:wikidata":"Q48740007","railway":"rail","ref":"CAM","source":"OS_OpenData_StreetView","usage":"branch"},"id":"way/369617734"},{"type":"Feature","geometry":{"type":"LineString","coordinates":[[-3.287595,51.5662],[-3.288417,51.566811],[-3.290297,51.56815],[-3.291031,51.568673],[-3.292468,51.569651],[-3.292867,51.569861],[-3.293494,51.570179],[-3.294145,51.570452],[-3.295996,51.571142]]},"properties":{"@id":"way/369617735","electrified":"contact_line","frequency":"50","gauge":"1435","maxspeed":"60 mph","name":"Cardiff and Merthyr Line","operator":"Transport for Wales","operator:wikidata":"Q48740007","railway":"rail","ref":"CAM","source":"OS_OpenData_StreetView","usage":"branch","voltage":"25000"},"id":"way/369617735"},{"type":"Feature","geometry":{"type":"LineString","coordinates":[[-3.287544,51.566225],[-3.288367,51.566837],[-3.289151,51.567442],[-3.289841,51.56793],[-3.290946,51.568712],[-3.291775,51.569228],[-3.292427,51.569665]]},"properties":{"@id":"way/369617736","electrified":"contact_line","frequency":"50","gauge":"1435","maxspeed":"40 mph","name":"Cardiff and Merthyr Line","operator":"Transport for Wales","operator:wikidata":"Q48740007","railway":"rail","ref":"CAM","source":"OS_OpenData_StreetView","usage":"branch","voltage":"25000"},"id":"way/369617736"},{"type":"Feature","geometry":{"type":"LineString","coordinates":[[-3.324743,51.590159],[-3.324856,51.590616],[-3.324901,51.59097],[-3.324938,51.591297],[-3.324932,51.591614],[-3.324938,51.591891],[-3.324958,51.592199],[-3.325008,51.592476],[-3.325067,51.592646],[-3.325209,51.592999],[-3.325472,51.593404],[-3.325852,51.593848],[-3.326286,51.594273],[-3.326761,51.594675],[-3.3275,51.595224],[-3.328762,51.596099],[-3.329422,51.596506],[-3.329985,51.596794],[-3.331625,51.597577],[-3.332232,51.597833],[-3.332666,51.598],[-3.333128,51.59816],[-3.333535,51.598272],[-3.333957,51.598379],[-3.334325,51.59846],[-3.33476,51.59854]]},"properties":{"@id":"way/369617737","electrified":"no","gauge":"1435","maxspeed":"50 mph","name":"Cardiff and Merthyr Line","operator":"Transport for Wales","operator:wikidata":"Q48740007","railway":"rail","ref":"CAM","source":"OS_OpenData_StreetView","usage":"branch"},"id":"way/369617737"},{"type":"Feature","geometry":{"type":"LineString","coordinates":[[-3.303173,51.574643],[-3.303652,51.57508],[-3.304053,51.575381],[-3.304452,51.575656],[-3.305108,51.576011],[-3.305804,51.576309],[-3.306585,51.57657],[-3.309061,51.577227],[-3.310298,51.577633],[-3.311183,51.577968],[-3.311952,51.578284],[-3.314436,51.579411],[-3.31568,51.579977],[-3.316541,51.580429],[-3.317266,51.580873],[-3.317921,51.581315],[-3.318723,51.581933],[-3.320135,51.583132],[-3.320981,51.583918]]},"properties":{"@id":"way/369617739","electrified":"contact_line","frequency":"50","gauge":"1435","maxspeed":"55 mph","name":"Cardiff and Merthyr Line","operator":"Transport for Wales","operator:wikidata":"Q48740007","railway":"rail","ref":"CAM","source":"OS_OpenData_StreetView","usage":"branch","voltage":"25000"},"id":"way/369617739"},{"type":"Feature","geometry":{"type":"LineString","coordinates":[[-3.272852,51.548278],[-3.273128,51.548483],[-3.273437,51.548765]]},"properties":{"@id":"way/369617742","bridge":"yes","electrified":"no","gauge":"1435","maxspeed":"55 mph","name":"Cardiff and Merthyr Line","operator":"Transport for Wales","operator:wikidata":"Q48740007","railway":"rail","ref":"CAM","source":"npe","usage":"branch","wikidata":"Q29500380"},"id":"way/369617742"},{"type":"Feature","geometry":{"type":"LineString","coordinates":[[-3.273437,51.548765],[-3.273624,51.548967],[-3.273792,51.549181],[-3.273898,51.549347],[-3.273994,51.54952],[-3.274095,51.549736],[-3.274151,51.549888],[-3.274219,51.5501],[-3.274266,51.550296],[-3.274286,51.550435],[-3.274304,51.550618],[-3.274307,51.550837],[-3.274301,51.551051],[-3.274284,51.551246],[-3.274251,51.551496],[-3.274209,51.551713],[-3.274165,51.551894],[-3.274116,51.552047],[-3.274056,51.552203],[-3.273974,51.552377],[-3.273863,51.552555],[-3.273625,51.5529],[-3.273251,51.553404],[-3.273146,51.553572],[-3.273031,51.553771],[-3.272954,51.553936],[-3.27288,51.554125],[-3.272815,51.554325],[-3.272776,51.554501],[-3.272737,51.554711],[-3.272722,51.554893],[-3.272706,51.555062],[-3.272707,51.555298],[-3.272723,51.555484],[-3.272751,51.555669],[-3.272778,51.555799],[-3.272826,51.555963],[-3.272866,51.556072],[-3.272929,51.55622],[-3.272998,51.556374],[-3.273111,51.556576],[-3.273253,51.556817],[-3.273463,51.557149],[-3.273914,51.55781],[-3.274215,51.558197],[-3.274417,51.558429],[-3.274634,51.558657],[-3.27495,51.558962],[-3.275182,51.559158],[-3.275454,51.559369],[-3.275722,51.559557],[-3.276077,51.559762],[-3.276398,51.55993],[-3.276676,51.560064],[-3.276985,51.560196],[-3.277358,51.560338],[-3.277784,51.560483],[-3.2791,51.560934],[-3.27964,51.56108],[-3.280044,51.561176],[-3.280444,51.561256],[-3.281131,51.561384],[-3.281502,51.561459],[-3.28188,51.56155],[-3.282271,51.561665],[-3.282661,51.561804],[-3.283046,51.561964],[-3.283293,51.562086]]},"properties":{"@id":"way/369617744","electrified":"contact_line","frequency":"50","gauge":"1435","maxspeed":"55 mph","name":"Cardiff and Merthyr Line","operator":"Transport for Wales","operator:wikidata":"Q48740007","railway":"rail","ref":"CAM","source":"OS_OpenData_StreetView","usage":"branch","voltage":"25000"},"id":"way/369617744"},{"type":"Feature","geometry":{"type":"LineString","coordinates":[[-3.296163,51.571244],[-3.299742,51.572588],[-3.300673,51.572956],[-3.301117,51.573139],[-3.301513,51.573349],[-3.301986,51.573618],[-3.302356,51.573886],[-3.302955,51.574431]]},"properties":{"@id":"way/369617745","electrified":"contact_line","frequency":"50","gauge":"1435","maxspeed":"55 mph","name":"Cardiff and Merthyr Line","operator":"Transport for Wales","operator:wikidata":"Q48740007","railway":"rail","ref":"CAM","source":"OS_OpenData_StreetView","usage":"branch","voltage":"25000"},"id":"way/369617745"},{"type":"Feature","geometry":{"type":"LineString","coordinates":[[-3.344457,51.601533],[-3.34426,51.601435],[-3.344079,51.601323]]},"properties":{"@id":"way/369662168","bridge":"yes","gauge":"1435","layer":"1","maxspeed":"15 mph","operator":"Transport for Wales","operator:wikidata":"Q48740007","railway":"rail","ref":"THT","service":"crossover"},"id":"way/369662168"},{"type":"Feature","geometry":{"type":"LineString","coordinates":[[-3.330289,51.626393],[-3.330419,51.626585],[-3.330585,51.626832]]},"properties":{"@id":"way/369662169","bridge":"yes","electrified":"contact_line","frequency":"50","gauge":"1435","layer":"1","maxspeed":"50 mph","name":"Cardiff and Merthyr Line","operator":"Transport for Wales","operator:wikidata":"Q48740007","railway":"rail","ref":"CAM","source":"OS_OpenData_StreetView","usage":"branch","voltage":"25000"},"id":"way/369662169"},{"type":"Feature","geometry":{"type":"LineString","coordinates":[[-3.330984,51.627956],[-3.331235,51.62986],[-3.331304,51.630407],[-3.331482,51.631827],[-3.331678,51.633345],[-3.331992,51.635766],[-3.332328,51.638287]]},"properties":{"@id":"way/369662170","electrified":"contact_line","frequency":"50","gauge":"1435","maxspeed":"55 mph","name":"Cardiff and Merthyr Line","operator":"Transport for Wales","operator:wikidata":"Q48740007","railway":"rail","ref":"CAM","source":"OS_OpenData_StreetView","usage":"branch","voltage":"25000"},"id":"way/369662170"},{"type":"Feature","geometry":{"type":"LineString","coordinates":[[-3.32864,51.643509],[-3.327781,51.644118],[-3.327159,51.644602]]},"properties":{"@id":"way/369662171","electrified":"contact_line","frequency":"50","gauge":"1435","maxspeed":"25 mph","name":"Cardiff and Merthyr Line","operator":"Transport for Wales","operator:wikidata":"Q48740007","railway":"rail","ref":"CAM","usage":"branch","voltage":"25000"},"id":"way/369662171"},{"type":"Feature","geometry":{"type":"LineString","coordinates":[[-3.343092,51.600319],[-3.343254,51.60065],[-3.34327,51.600721]]},"properties":{"@id":"way/369662172","electrified":"no","gauge":"1435","maxspeed":"20 mph","name":"Cardiff and Merthyr Line","operator":"Transport for Wales","operator:wikidata":"Q48740007","railway":"rail","ref":"CAM","source":"OS_OpenData_StreetView","usage":"branch"},"id":"way/369662172"},{"type":"Feature","geometry":{"type":"LineString","coordinates":[[-3.331493,51.612872],[-3.33112,51.613256],[-3.330859,51.613591],[-3.330638,51.613959],[-3.330381,51.614707],[-3.330184,51.615253],[-3.329938,51.615702],[-3.329682,51.616016],[-3.328913,51.616837],[-3.328548,51.617275],[-3.328248,51.617737],[-3.32796,51.618285],[-3.327741,51.618792],[-3.327635,51.619245],[-3.327599,51.619736],[-3.327602,51.620254],[-3.327784,51.62222]]},"properties":{"@id":"way/369662173","electrified":"contact_line","frequency":"50","gauge":"1435","maxspeed":"55 mph","name":"Cardiff and Merthyr Line","operator":"Transport for Wales","operator:wikidata":"Q48740007","railway":"rail","ref":"CAM","source":"OS_OpenData_StreetView","usage":"branch","voltage":"25000"},"id":"way/369662173"},{"type":"Feature","geometry":{"type":"LineString","coordinates":[[-3.343092,51.600319],[-3.343275,51.600581],[-3.34337,51.60071]]},"properties":{"@id":"way/369662174","electrified":"no","gauge":"1435","maxspeed":"20 mph","name":"Rhondda Line","operator":"Transport for Wales","operator:wikidata":"Q48740007","railway":"rail","ref":"THT","source":"OS_OpenData_StreetView","usage":"branch"},"id":"way/369662174"},{"type":"Feature","geometry":{"type":"LineString","coordinates":[[-3.382899,51.6107],[-3.383759,51.610763]]},"properties":{"@id":"way/369662175","bridge":"yes","electrified":"contact_line","frequency":"50","gauge":"1435","layer":"1","maxspeed":"40 mph","name":"Rhondda Line","operator":"Transport for Wales","operator:wikidata":"Q48740007","railway":"rail","ref":"THT","source":"Yahoo, npe","usage":"branch","voltage":"25000"},"id":"way/369662175"},{"type":"Feature","geometry":{"type":"LineString","coordinates":[[-3.388221,51.611468],[-3.388851,51.611498]]},"properties":{"@id":"way/369662176","bridge":"yes","electrified":"contact_line","frequency":"50","gauge":"1435","layer":"1","maxspeed":"40 mph","name":"Rhondda Line","operator":"Transport for Wales","operator:wikidata":"Q48740007","railway":"rail","ref":"THT","source":"OS_OpenData_StreetView","usage":"branch","voltage":"25000"},"id":"way/369662176"},{"type":"Feature","geometry":{"type":"LineString","coordinates":[[-3.442145,51.617846],[-3.442905,51.617881],[-3.443798,51.617989],[-3.444726,51.61817],[-3.44584,51.618453],[-3.446772,51.618757],[-3.447692,51.619121],[-3.448396,51.61945],[-3.449056,51.619826],[-3.449279,51.619964],[-3.449655,51.620217],[-3.450314,51.620692],[-3.45099,51.621252],[-3.451509,51.621778],[-3.452056,51.622386],[-3.452252,51.622633],[-3.452546,51.623004],[-3.452825,51.623463],[-3.453059,51.623962],[-3.453235,51.624507],[-3.453351,51.624989],[-3.453418,51.625474],[-3.453393,51.628152],[-3.453394,51.628879]]},"properties":{"@id":"way/369662177","electrified":"contact_line","frequency":"50","gauge":"1435","maxspeed":"50 mph","name":"Rhondda Line","operator":"Transport for Wales","operator:wikidata":"Q48740007","railway":"rail","ref":"THT","source":"OS_OpenData_StreetView","usage":"branch","voltage":"25000"},"id":"way/369662177"},{"type":"Feature","geometry":{"type":"LineString","coordinates":[[-3.361132,51.60783],[-3.363671,51.608647],[-3.366742,51.609572],[-3.367904,51.609885],[-3.368746,51.610085],[-3.369389,51.610176],[-3.370001,51.61022],[-3.370365,51.610244],[-3.371004,51.610273],[-3.371676,51.610293],[-3.37206,51.610292],[-3.372606,51.610258],[-3.373369,51.610208],[-3.374558,51.610066],[-3.375383,51.609987],[-3.37837,51.609827],[-3.378739,51.609828],[-3.379138,51.609838],[-3.379499,51.609869],[-3.37976,51.609904],[-3.380078,51.609958],[-3.380405,51.610036],[-3.380729,51.610128],[-3.381373,51.610353],[-3.38174,51.610468],[-3.381987,51.610539],[-3.382322,51.610615],[-3.382447,51.610641],[-3.382646,51.61067],[-3.382899,51.6107]]},"properties":{"@id":"way/369662178","electrified":"contact_line","frequency":"50","gauge":"1435","maxspeed":"40 mph","name":"Rhondda Line","operator":"Transport for Wales","operator:wikidata":"Q48740007","railway":"rail","ref":"THT","source":"OS_OpenData_StreetView","usage":"branch","voltage":"25000"},"id":"way/369662178"},{"type":"Feature","geometry":{"type":"LineString","coordinates":[[-3.383759,51.610763],[-3.384129,51.610795],[-3.384277,51.610808],[-3.38455,51.610846],[-3.384941,51.610916],[-3.386751,51.611269],[-3.387386,51.611374],[-3.387789,51.611427],[-3.388221,51.611468]]},"properties":{"@id":"way/369662179","electrified":"contact_line","frequency":"50","gauge":"1435","maxspeed":"40 mph","name":"Rhondda Line","operator":"Transport for Wales","operator:wikidata":"Q48740007","railway":"rail","ref":"THT","source":"OS_OpenData_StreetView","usage":"branch","voltage":"25000"},"id":"way/369662179"},{"type":"Feature","geometry":{"type":"LineString","coordinates":[[-3.388851,51.611498],[-3.389446,51.611502],[-3.389766,51.611487],[-3.390125,51.611451],[-3.390443,51.611398],[-3.390664,51.61136],[-3.3909,51.611304],[-3.391278,51.611202],[-3.391745,51.611055],[-3.393593,51.610495],[-3.394357,51.61029],[-3.395011,51.610145],[-3.395604,51.610058],[-3.396142,51.610003],[-3.396446,51.609989],[-3.396689,51.609987],[-3.39694,51.609991],[-3.397373,51.610019],[-3.398081,51.610096],[-3.400249,51.610377],[-3.401972,51.6106],[-3.402823,51.610742],[-3.403546,51.610888],[-3.40423,51.611062],[-3.404655,51.611188],[-3.405092,51.611337],[-3.405575,51.611509],[-3.406245,51.611768],[-3.406924,51.612096],[-3.407205,51.612252],[-3.407599,51.612487],[-3.408371,51.613008],[-3.408978,51.613415],[-3.409371,51.613645],[-3.40958,51.613768],[-3.409817,51.613891],[-3.410142,51.614047],[-3.410264,51.614104]]},"properties":{"@id":"way/369662180","electrified":"contact_line","frequency":"50","gauge":"1435","maxspeed":"40 mph","name":"Rhondda Line","operator":"Transport for Wales","operator:wikidata":"Q48740007","railway":"rail","ref":"THT","source":"OS_OpenData_StreetView","usage":"branch","voltage":"25000"},"id":"way/369662180"},{"type":"Feature","geometry":{"type":"LineString","coordinates":[[-3.379158,51.683408],[-3.378668,51.683022],[-3.377955,51.682481],[-3.377636,51.682266],[-3.377316,51.682085],[-3.377167,51.682007],[-3.377006,51.681932],[-3.376615,51.681757],[-3.375538,51.681275],[-3.375307,51.681162],[-3.375027,51.681004],[-3.374855,51.680895],[-3.374717,51.680798],[-3.374584,51.680697],[-3.374446,51.680579],[-3.374313,51.680455],[-3.374212,51.680346],[-3.374058,51.680159],[-3.37396,51.680013],[-3.373868,51.679867],[-3.373705,51.679501],[-3.373298,51.678151]]},"properties":{"@id":"way/369786330","electrified":"contact_line","frequency":"50","gauge":"1435","maxspeed":"40 mph","name":"Merthyr Line - Aberdare Branch","operator":"Transport for Wales","operator:wikidata":"Q48740007","railway":"rail","ref":"ABD","usage":"branch","voltage":"25000"},"id":"way/369786330"},{"type":"Feature","geometry":{"type":"LineString","coordinates":[[-3.468839,51.644197],[-3.467947,51.643952]]},"properties":{"@id":"way/369786332","electrified":"contact_line","frequency":"50","gauge":"1435","maxspeed":"40 mph","name":"Rhondda Line","operator":"Transport for Wales","operator:wikidata":"Q48740007","railway":"rail","ref":"THT","usage":"branch","voltage":"25000"},"id":"way/369786332"},{"type":"Feature","geometry":{"type":"LineString","coordinates":[[-3.180356,51.512696],[-3.180548,51.513143]]},"properties":{"@id":"way/369807214","electrified":"contact_line","frequency":"50","gauge":"1435","maxspeed":"25 mph","operator":"Transport for Wales","operator:wikidata":"Q48740007","railway":"rail","service":"crossover","voltage":"25000"},"id":"way/369807214"},{"type":"Feature","geometry":{"type":"LineString","coordinates":[[-3.181658,51.527663],[-3.181643,51.530897],[-3.18165,51.531273],[-3.181659,51.531461],[-3.181666,51.531583],[-3.181677,51.531728],[-3.1817,51.531954],[-3.181718,51.532118],[-3.181735,51.532241],[-3.181755,51.532379],[-3.181777,51.532532],[-3.181832,51.532825],[-3.181861,51.532966],[-3.181891,51.533095],[-3.181927,51.533232],[-3.18194,51.533287],[-3.182006,51.533515],[-3.182151,51.533971],[-3.182263,51.534299],[-3.182404,51.53465],[-3.182581,51.535058],[-3.183371,51.536617],[-3.184224,51.538277],[-3.185041,51.53994],[-3.185403,51.541047],[-3.185542,51.541691],[-3.185609,51.542151],[-3.185655,51.542532],[-3.185683,51.543318],[-3.185684,51.543495]]},"properties":{"@id":"way/372342394","electrified":"contact_line","frequency":"50","gauge":"1435","maxspeed":"65 mph","name":"Rhymney Line","name:cy":"Llinell Rhymni","operator":"Transport for Wales","operator:wikidata":"Q48740007","passenger_lines":"2","railway":"rail","ref":"CAR","usage":"branch","voltage":"25000"},"id":"way/372342394"},{"type":"Feature","geometry":{"type":"LineString","coordinates":[[-3.185634,51.543494],[-3.185643,51.543314],[-3.185597,51.542531],[-3.185559,51.542154],[-3.185497,51.541698],[-3.185354,51.541057],[-3.184977,51.539952],[-3.184165,51.538284],[-3.183315,51.536615],[-3.182531,51.535065],[-3.182355,51.534662],[-3.182219,51.534312],[-3.1821,51.533979],[-3.181963,51.533548],[-3.181941,51.533468],[-3.181885,51.533266],[-3.181843,51.533098],[-3.181817,51.532977],[-3.18178,51.532809],[-3.181755,51.532681],[-3.181732,51.532537],[-3.181708,51.532405],[-3.181685,51.532248],[-3.181668,51.532121],[-3.181651,51.53196],[-3.181626,51.531726],[-3.181617,51.531597],[-3.181611,51.531514],[-3.181598,51.531272],[-3.181593,51.530898],[-3.181608,51.527654]]},"properties":{"@id":"way/372342395","electrified":"contact_line","frequency":"50","gauge":"1435","maxspeed":"75 mph","name":"Rhymney Line","name:cy":"Llinell Rhymni","operator":"Transport for Wales","operator:wikidata":"Q48740007","passenger_lines":"2","railway":"rail","ref":"CAR","usage":"branch","voltage":"25000"},"id":"way/372342395"},{"type":"Feature","geometry":{"type":"LineString","coordinates":[[-3.181608,51.527654],[-3.181607,51.527465]]},"properties":{"@id":"way/372342396","bridge":"yes","electrified":"contact_line","frequency":"50","gauge":"1435","level":"1","maxspeed":"75 mph","name":"Rhymney Line","operator":"Transport for Wales","operator:wikidata":"Q48740007","passenger_lines":"2","railway":"rail","ref":"CAR","usage":"branch","voltage":"25000"},"id":"way/372342396"},{"type":"Feature","geometry":{"type":"LineString","coordinates":[[-3.181662,51.527472],[-3.181658,51.527663]]},"properties":{"@id":"way/372342397","bridge":"yes","electrified":"contact_line","frequency":"50","gauge":"1435","layer":"1","maxspeed":"65 mph","name":"Rhymney Line","operator":"Transport for Wales","operator:wikidata":"Q48740007","passenger_lines":"2","railway":"rail","ref":"CAR","usage":"branch","voltage":"25000"},"id":"way/372342397"},{"type":"Feature","geometry":{"type":"LineString","coordinates":[[-3.190503,51.449402],[-3.189847,51.448979]]},"properties":{"@id":"way/375919816","electrified":"no","gauge":"1435","maxspeed":"25 mph","name":"Vale of Glamorgan Line","operator":"Network Rail","operator:wikidata":"Q1501071","railway":"rail","ref":"BRY","service":"crossover"},"id":"way/375919816"},{"type":"Feature","geometry":{"type":"LineString","coordinates":[[-3.217195,51.571549],[-3.216626,51.571517],[-3.21588,51.571459]]},"properties":{"@id":"way/379389332","electrified":"contact_line","frequency":"50","gauge":"1435","maxspeed":"25 mph","name:cy":"Llinell Rhymni","operator":"Transport for Wales","operator:wikidata":"Q48740007","railway":"rail","service":"spur","voltage":"25000"},"id":"way/379389332"},{"type":"Feature","geometry":{"type":"LineString","coordinates":[[-3.346253,51.494462],[-3.346007,51.493816],[-3.345844,51.493401],[-3.345671,51.492954],[-3.345486,51.492455],[-3.345319,51.492031],[-3.345171,51.491649],[-3.344942,51.491048],[-3.344551,51.490049],[-3.34432,51.489398],[-3.344061,51.488707],[-3.343638,51.487689],[-3.343463,51.487336],[-3.343277,51.48699],[-3.343122,51.486717],[-3.342934,51.486443],[-3.3427,51.486113],[-3.342441,51.485768],[-3.342187,51.485477],[-3.341874,51.485134],[-3.341581,51.484844],[-3.341158,51.484466],[-3.340553,51.483992],[-3.340087,51.48362],[-3.339681,51.483341],[-3.339052,51.482945],[-3.33898,51.482903],[-3.338228,51.482459],[-3.337223,51.481915],[-3.336185,51.481349],[-3.335212,51.480817],[-3.334589,51.480468],[-3.334002,51.480132],[-3.333387,51.479832],[-3.332883,51.47959],[-3.332361,51.479375],[-3.331924,51.479221],[-3.331396,51.479058],[-3.330747,51.478878],[-3.330571,51.47884],[-3.330067,51.478731],[-3.329355,51.478574],[-3.328777,51.478458],[-3.328344,51.478381],[-3.327911,51.478325],[-3.327441,51.47825]]},"properties":{"@id":"way/379636851","electrified":"no","gauge":"1435","maxspeed":"75 mph","name":"South Wales Main Line","name:br":"Linenn Pennañ Su Kembre","name:cy":"Prif Linell De Cymru","name:en":"South Wales Main Line","operator":"Network Rail","operator:wikidata":"Q1501071","passenger_lines":"2","railway":"rail","ref":"SWM2","usage":"main"},"id":"way/379636851"},{"type":"Feature","geometry":{"type":"LineString","coordinates":[[-3.327144,51.478209],[-3.326841,51.47818],[-3.326529,51.478152],[-3.326194,51.478131],[-3.32583,51.478111],[-3.325408,51.478091],[-3.32499,51.478083],[-3.324645,51.478094],[-3.324278,51.478109],[-3.323882,51.478135],[-3.323516,51.478166],[-3.323133,51.478209],[-3.3224,51.47831],[-3.322157,51.478338],[-3.321816,51.478389],[-3.321043,51.478525],[-3.320616,51.47861],[-3.320417,51.478653],[-3.319867,51.478776],[-3.319358,51.478898],[-3.318801,51.479049],[-3.318299,51.479196],[-3.317852,51.479335],[-3.317447,51.479465],[-3.316921,51.479645],[-3.316585,51.479776],[-3.316201,51.479921],[-3.31519,51.480334],[-3.314419,51.480648],[-3.313917,51.480836],[-3.313623,51.480945],[-3.313425,51.481011],[-3.31301,51.481148],[-3.312539,51.481288],[-3.312065,51.481419],[-3.311566,51.481543],[-3.311194,51.48163],[-3.310783,51.481713],[-3.309994,51.481859],[-3.309132,51.481994],[-3.308168,51.482147],[-3.305429,51.482579],[-3.305059,51.482636],[-3.304501,51.482723],[-3.303798,51.482835],[-3.302875,51.482977],[-3.302363,51.483053],[-3.301812,51.483121],[-3.30128,51.483177],[-3.300942,51.483208],[-3.300604,51.483233],[-3.300157,51.483261],[-3.29971,51.483278]]},"properties":{"@id":"way/379636856","electrified":"no","gauge":"1435","maxspeed":"75 mph","name":"South Wales Main Line","name:br":"Linenn Pennañ Su Kembre","name:cy":"Prif Linell De Cymru","name:en":"South Wales Main Line","operator":"Network Rail","operator:wikidata":"Q1501071","passenger_lines":"2","railway":"rail","ref":"SWM2","usage":"main"},"id":"way/379636856"},{"type":"Feature","geometry":{"type":"LineString","coordinates":[[-3.299745,51.48323],[-3.300655,51.483185],[-3.300991,51.483164],[-3.301323,51.483129],[-3.301877,51.483071],[-3.302417,51.483002],[-3.302988,51.482917],[-3.303791,51.482791],[-3.304487,51.482683],[-3.305036,51.482596],[-3.30541,51.482541],[-3.306,51.482447],[-3.308155,51.482107],[-3.309862,51.481835],[-3.310535,51.481715],[-3.311404,51.481533],[-3.311775,51.48145],[-3.312204,51.48134],[-3.312654,51.481212],[-3.313187,51.481048],[-3.313927,51.480788],[-3.314294,51.480651],[-3.314653,51.480505],[-3.315967,51.479967],[-3.31654,51.479744],[-3.317264,51.479485],[-3.318023,51.479231],[-3.318624,51.479055],[-3.318948,51.478965],[-3.319281,51.478874],[-3.320068,51.47868],[-3.320684,51.478551],[-3.321467,51.478405],[-3.322194,51.478291],[-3.322398,51.47826],[-3.323124,51.47818],[-3.323509,51.478136],[-3.323876,51.478105],[-3.324274,51.47808],[-3.324642,51.478064],[-3.324989,51.478053],[-3.32541,51.478061],[-3.325834,51.478081],[-3.326199,51.478102],[-3.326535,51.478123],[-3.326848,51.47815],[-3.327109,51.478176]]},"properties":{"@id":"way/379636860","electrified":"no","gauge":"1435","maxspeed":"75 mph","name":"South Wales Main Line","name:br":"Linenn Pennañ Su Kembre","name:cy":"Prif Linell De Cymru","name:en":"South Wales Main Line","operator":"Network Rail","operator:wikidata":"Q1501071","passenger_lines":"2","railway":"rail","ref":"SWM2","usage":"main"},"id":"way/379636860"},{"type":"Feature","geometry":{"type":"LineString","coordinates":[[-3.247906,51.412644],[-3.247595,51.412937],[-3.247342,51.41312],[-3.247024,51.41331],[-3.246723,51.413454],[-3.24638,51.413596],[-3.245757,51.41383],[-3.245207,51.413984]]},"properties":{"@id":"way/379648065","maxspeed":"20 mph","name":"Barry Docks High Level Lines","operator":"Network Rail","operator:wikidata":"Q1501071","railway":"rail","ref":"BDL","source":"NPE"},"id":"way/379648065"},{"type":"Feature","geometry":{"type":"LineString","coordinates":[[-3.250388,51.410899],[-3.249889,51.411278]]},"properties":{"@id":"way/379648068","maxspeed":"15 mph","operator":"Network Rail","operator:wikidata":"Q1501071","railway":"rail","service":"crossover","source":"NPE"},"id":"way/379648068"},{"type":"Feature","geometry":{"type":"LineString","coordinates":[[-3.247997,51.412556],[-3.247906,51.412644]]},"properties":{"@id":"way/379648072","bridge":"yes","layer":"1","maxspeed":"20 mph","name":"Barry Docks High Level Lines","operator":"Network Rail","operator:wikidata":"Q1501071","railway":"rail","ref":"BDL","source":"NPE"},"id":"way/379648072"},{"type":"Feature","geometry":{"type":"LineString","coordinates":[[-3.181749,51.475338],[-3.181645,51.475336],[-3.181216,51.475331],[-3.180451,51.475315],[-3.179974,51.475308],[-3.179325,51.47532],[-3.178746,51.475344]]},"properties":{"@id":"way/379649921","electrified":"no","gauge":"1435","maxspeed":"15 mph","name":"Down Barry","operator":"Network Rail","operator:wikidata":"Q1501071","passenger_lines":"2","railway":"rail","ref":"SWM2","usage":"branch"},"id":"way/379649921"},{"type":"Feature","geometry":{"type":"LineString","coordinates":[[-3.184962,51.475581],[-3.185776,51.475643],[-3.186287,51.475679],[-3.186496,51.475695],[-3.186961,51.475727],[-3.187301,51.475751]]},"properties":{"@id":"way/379649922","electrified":"no","gauge":"1435","maxspeed":"15 mph","name":"Down Barry Relief","operator":"Network Rail","operator:wikidata":"Q1501071","railway":"rail","ref":"BRY","usage":"branch"},"id":"way/379649922"},{"type":"Feature","geometry":{"type":"LineString","coordinates":[[-3.198896,51.475657],[-3.199251,51.4758],[-3.199624,51.475945],[-3.199777,51.476],[-3.199915,51.476048],[-3.200076,51.476108],[-3.200456,51.476233],[-3.200955,51.476384],[-3.201608,51.476566],[-3.202084,51.476695],[-3.202294,51.476753]]},"properties":{"@id":"way/379650565","electrified":"no","gauge":"1435","maxspeed":"55 mph","name":"Radyr Branch","operator":"Network Rail","operator:wikidata":"Q1501071","passenger_lines":"2","railway":"rail","ref":"RAD","usage":"branch"},"id":"way/379650565"},{"type":"Feature","geometry":{"type":"LineString","coordinates":[[-3.198889,51.475686],[-3.199231,51.475831],[-3.199754,51.476026],[-3.199863,51.476066],[-3.199932,51.47609],[-3.200204,51.476188],[-3.200411,51.476254],[-3.200683,51.476338],[-3.201032,51.476442],[-3.201389,51.476541],[-3.202053,51.476726],[-3.202264,51.476782]]},"properties":{"@id":"way/379650566","electrified":"no","gauge":"1435","maxspeed":"55 mph","name":"Cardiff City Line","name:cy":"Llinell Dinas Caerdydd","operator":"Network Rail","operator:wikidata":"Q1501071","passenger_lines":"2","railway":"rail","ref":"RAD","usage":"branch"},"id":"way/379650566"},{"type":"Feature","geometry":{"type":"LineString","coordinates":[[-3.170815,51.47834],[-3.170891,51.478216],[-3.17118,51.477756]]},"properties":{"@id":"way/385524494","electrified":"no","embankment":"yes","gauge":"1435","maxspeed":"25 mph","name":"Cardiff Bay Branch","operator":"Transport for Wales","operator:wikidata":"Q48740007","passenger_lines":"3","railway":"rail","ref":"CAM","usage":"branch"},"id":"way/385524494"},{"type":"Feature","geometry":{"type":"LineString","coordinates":[[-3.176258,51.4758],[-3.175559,51.47596]]},"properties":{"@id":"way/385524495","bridge":"yes","electrified":"no","gauge":"1435","layer":"1","maxspeed":"15 mph","name":"Cardiff Valley Line","operator":"Network Rail","operator:wikidata":"Q1501071","passenger_lines":"2","railway":"rail","ref":"CEJ","source":"npe","usage":"branch"},"id":"way/385524495"},{"type":"Feature","geometry":{"type":"LineString","coordinates":[[-3.171334,51.47761],[-3.171224,51.477765],[-3.170876,51.47834]]},"properties":{"@id":"way/385524496","electrified":"no","embankment":"yes","gauge":"1435","maxspeed":"25 mph","name":"Valley Lines","operator":"Transport for Wales","operator:wikidata":"Q48740007","passenger_lines":"3","railway":"rail","ref":"CAM","source":"npe","usage":"branch"},"id":"way/385524496"},{"type":"Feature","geometry":{"type":"LineString","coordinates":[[-3.237407,51.409201],[-3.237112,51.408817],[-3.237012,51.408703],[-3.236965,51.408661],[-3.236937,51.408636],[-3.236891,51.408599],[-3.236836,51.408549],[-3.236767,51.408488]]},"properties":{"@id":"way/392698504","railway":"rail","service":"siding"},"id":"way/392698504"},{"type":"Feature","geometry":{"type":"LineString","coordinates":[[-3.236806,51.408411],[-3.236755,51.408281],[-3.2367,51.408103],[-3.236665,51.407993],[-3.236659,51.407961],[-3.236655,51.407917],[-3.236655,51.407892],[-3.236656,51.407869],[-3.236664,51.407809],[-3.23668,51.407717]]},"properties":{"@id":"way/392698505","railway":"rail","service":"spur"},"id":"way/392698505"},{"type":"Feature","geometry":{"type":"LineString","coordinates":[[-3.236535,51.407822],[-3.236537,51.407911],[-3.236543,51.407938],[-3.236548,51.407955],[-3.23656,51.407983],[-3.236584,51.408023],[-3.236618,51.408075],[-3.236651,51.408121],[-3.236679,51.408157],[-3.236698,51.408186],[-3.236719,51.408219],[-3.236755,51.408281]]},"properties":{"@id":"way/392698506","railway":"rail","service":"spur"},"id":"way/392698506"},{"type":"Feature","geometry":{"type":"LineString","coordinates":[[-3.170553,51.482898],[-3.170532,51.482842],[-3.170488,51.482741]]},"properties":{"@id":"way/395475705","electrified":"no","gauge":"1435","maxspeed":"25 mph","name":"Cardiff Bay Branch","operator":"Transport for Wales","operator:wikidata":"Q48740007","passenger_lines":"3","railway":"rail","ref":"CAM","usage":"branch"},"id":"way/395475705"},{"type":"Feature","geometry":{"type":"LineString","coordinates":[[-3.170891,51.478216],[-3.171224,51.477765]]},"properties":{"@id":"way/395475706","electrified":"no","gauge":"1435","maxspeed":"15 mph","name":"Cardiff Bay Branch","operator":"Transport for Wales","operator:wikidata":"Q48740007","railway":"rail","ref":"CAM"},"id":"way/395475706"},{"type":"Feature","geometry":{"type":"LineString","coordinates":[[-3.170245,51.479192],[-3.170136,51.479489],[-3.170112,51.479602],[-3.170093,51.479735],[-3.170091,51.479867]]},"properties":{"@id":"way/395475707","electrified":"no","gauge":"1435","maxspeed":"15 mph","name":"Cardiff Bay Branch","operator":"Transport for Wales","operator:wikidata":"Q48740007","passenger_lines":"4","railway":"rail","ref":"CAM","usage":"branch"},"id":"way/395475707"},{"type":"Feature","geometry":{"type":"LineString","coordinates":[[-3.17014,51.479868],[-3.170147,51.47973],[-3.170169,51.479601],[-3.170193,51.479492],[-3.170231,51.479368],[-3.17027,51.479255]]},"properties":{"@id":"way/395475709","electrified":"no","embankment":"yes","gauge":"1435","maxspeed":"25 mph","name":"Cardiff Bay Branch","operator":"Transport for Wales","operator:wikidata":"Q48740007","passenger_lines":"4","railway":"rail","ref":"CAM","usage":"branch"},"id":"way/395475709"},{"type":"Feature","geometry":{"type":"LineString","coordinates":[[-3.170537,51.482433],[-3.170609,51.482892]]},"properties":{"@id":"way/395475710","electrified":"no","gauge":"1435","maxspeed":"15 mph","name":"Valley Lines","operator":"Transport for Wales","operator:wikidata":"Q48740007","passenger_lines":"4","railway":"rail","ref":"CAM","source":"npe","usage":"branch"},"id":"way/395475710"},{"type":"Feature","geometry":{"type":"LineString","coordinates":[[-3.171887,51.476611],[-3.171778,51.476809]]},"properties":{"@id":"way/395475711","electrified":"no","embankment":"yes","gauge":"1435","maxspeed":"25 mph","name":"Cardiff Bay Branch","operator":"Transport for Wales","operator:wikidata":"Q48740007","passenger_lines":"2","railway":"rail","railway:aws":"yes","railway:tpws":"yes","ref":"CAM","usage":"branch"},"id":"way/395475711"},{"type":"Feature","geometry":{"type":"LineString","coordinates":[[-3.170175,51.480107],[-3.170169,51.480181],[-3.170167,51.480408],[-3.17017,51.480577],[-3.170182,51.480793],[-3.170195,51.480926],[-3.170211,51.481048],[-3.17023,51.481178],[-3.170373,51.481889],[-3.170395,51.481992],[-3.170438,51.482192],[-3.170475,51.48237],[-3.170534,51.482626],[-3.170609,51.482892]]},"properties":{"@id":"way/395475712","electrified":"no","gauge":"1435","maxspeed":"25 mph","name":"Valley Lines","operator":"Transport for Wales","operator:wikidata":"Q48740007","passenger_lines":"4","railway":"rail","ref":"CAM","source":"npe","usage":"branch"},"id":"way/395475712"},{"type":"Feature","geometry":{"type":"LineString","coordinates":[[-3.170327,51.479264],[-3.170285,51.479359],[-3.170242,51.479497],[-3.170216,51.479604],[-3.170197,51.479734],[-3.170192,51.479869]]},"properties":{"@id":"way/395475714","electrified":"no","embankment":"yes","gauge":"1435","maxspeed":"25 mph","name":"Valley Lines","operator":"Transport for Wales","operator:wikidata":"Q48740007","passenger_lines":"4","railway":"rail","ref":"CAM","source":"npe","usage":"branch"},"id":"way/395475714"},{"type":"Feature","geometry":{"type":"LineString","coordinates":[[-3.171171,51.477679],[-3.171008,51.477952],[-3.17076,51.478343]]},"properties":{"@id":"way/395475715","electrified":"no","embankment":"yes","gauge":"1435","maxspeed":"25 mph","name":"Cardiff Bay Branch","operator":"Transport for Wales","operator:wikidata":"Q48740007","passenger_lines":"3","railway":"rail","ref":"CAM","usage":"branch"},"id":"way/395475715"},{"type":"Feature","geometry":{"type":"LineString","coordinates":[[-3.170245,51.479192],[-3.170112,51.479484],[-3.170076,51.479593],[-3.170048,51.479727],[-3.170042,51.479866]]},"properties":{"@id":"way/395475716","electrified":"no","gauge":"1435","maxspeed":"20 mph","name":"Cardiff Bay Branch","operator":"Transport for Wales","operator:wikidata":"Q48740007","passenger_lines":"4","railway":"rail","ref":"CAM","usage":"branch"},"id":"way/395475716"},{"type":"Feature","geometry":{"type":"LineString","coordinates":[[-3.247757,51.51599],[-3.247514,51.515866],[-3.24723,51.515704]]},"properties":{"@id":"way/395475982","electrified":"contact_line","frequency":"50","gauge":"1435","maxspeed":"50 mph","name":"Cardiff and Merthyr Line","operator":"Transport for Wales","operator:wikidata":"Q48740007","passenger_lines":"4","railway":"rail","ref":"CAM","usage":"branch","voltage":"25000"},"id":"way/395475982"},{"type":"Feature","geometry":{"type":"LineString","coordinates":[[-3.252564,51.517638],[-3.252785,51.517715],[-3.252969,51.517786],[-3.253034,51.517814],[-3.253301,51.517927],[-3.253347,51.517948],[-3.253611,51.518076],[-3.253767,51.518161],[-3.253916,51.518246],[-3.254062,51.518333],[-3.254255,51.518461],[-3.25439,51.518558],[-3.25453,51.518664],[-3.254642,51.518752],[-3.254774,51.518868],[-3.254966,51.519052],[-3.255035,51.519124],[-3.255157,51.519264],[-3.255236,51.519359],[-3.255343,51.519502],[-3.255464,51.519683],[-3.255537,51.519814],[-3.255577,51.519887],[-3.255628,51.519995],[-3.255649,51.520043],[-3.255697,51.520163],[-3.255742,51.520296],[-3.255773,51.520399],[-3.255812,51.520557],[-3.25585,51.520819],[-3.25586,51.520994],[-3.255856,51.521139],[-3.255847,51.521231],[-3.255825,51.521409],[-3.255783,51.521598],[-3.255728,51.521786],[-3.255551,51.522289],[-3.255446,51.522572],[-3.255365,51.522835],[-3.255329,51.523062],[-3.255318,51.523274],[-3.255318,51.523457],[-3.255334,51.52364],[-3.255367,51.523804],[-3.25544,51.524124],[-3.255714,51.525229],[-3.256069,51.526688]]},"properties":{"@id":"way/395475983","electrified":"contact_line","frequency":"50","gauge":"1435","maxspeed":"60 mph","name":"Cardiff and Merthyr Line","operator":"Transport for Wales","operator:wikidata":"Q48740007","passenger_lines":"2","railway":"rail","ref":"CAM","source":"npe","usage":"branch","voltage":"25000"},"id":"way/395475983"},{"type":"Feature","geometry":{"type":"LineString","coordinates":[[-3.252601,51.517606],[-3.25288,51.517712],[-3.253061,51.517784],[-3.253367,51.517917],[-3.253642,51.518051],[-3.253806,51.518139],[-3.253923,51.518206],[-3.254095,51.518309],[-3.254281,51.518432],[-3.254415,51.518525],[-3.254571,51.518644],[-3.254688,51.51874],[-3.254817,51.518851],[-3.255008,51.519034],[-3.255081,51.519112],[-3.255208,51.519257],[-3.25528,51.519346],[-3.25539,51.51949],[-3.25547,51.519612],[-3.255508,51.519674],[-3.255586,51.519806],[-3.255642,51.519913],[-3.255701,51.520043],[-3.255756,51.520182],[-3.255795,51.520301],[-3.255825,51.5204],[-3.255853,51.52052],[-3.25588,51.52066],[-3.255898,51.520784],[-3.255909,51.520955],[-3.255912,51.521232],[-3.25589,51.521413],[-3.255847,51.521605],[-3.255792,51.521794],[-3.255614,51.522298],[-3.255509,51.52258],[-3.255429,51.52284],[-3.255393,51.523065],[-3.255383,51.523275],[-3.255383,51.523456],[-3.255399,51.523637],[-3.255431,51.523799],[-3.255505,51.524118],[-3.255778,51.525223],[-3.256128,51.526684]]},"properties":{"@id":"way/395475984","electrified":"contact_line","frequency":"50","gauge":"1435","maxspeed":"60 mph","name":"Cardiff and Merthyr Line","operator":"Transport for Wales","operator:wikidata":"Q48740007","passenger_lines":"2","railway":"rail","ref":"CAM","source":"npe","usage":"branch","voltage":"25000"},"id":"way/395475984"},{"type":"Feature","geometry":{"type":"LineString","coordinates":[[-3.248119,51.516284],[-3.248213,51.516329],[-3.24837,51.516401],[-3.24849,51.516451],[-3.248593,51.516489],[-3.24873,51.516537],[-3.248839,51.516574],[-3.249001,51.516623],[-3.249374,51.516726]]},"properties":{"@id":"way/395475985","electrified":"contact_line","frequency":"50","gauge":"1435","maxspeed":"25 mph","name":"Cardiff and Merthyr Line","operator":"Transport for Wales","operator:wikidata":"Q48740007","passenger_lines":"3","railway":"rail","ref":"CAM","source":"npe","usage":"branch","voltage":"25000"},"id":"way/395475985"},{"type":"Feature","geometry":{"type":"LineString","coordinates":[[-3.248039,51.516317],[-3.248178,51.516378],[-3.248344,51.516443],[-3.248468,51.516489],[-3.248692,51.516563],[-3.248909,51.516631],[-3.249152,51.516701],[-3.249468,51.516788],[-3.251267,51.517267]]},"properties":{"@id":"way/395475986","electrified":"contact_line","frequency":"50","gauge":"1435","maxspeed":"45 mph","name":"Cardiff and Merthyr Line","operator":"Transport for Wales","operator:wikidata":"Q48740007","passenger_lines":"3","railway":"rail","ref":"CAM","source":"npe","usage":"branch","voltage":"25000"},"id":"way/395475986"},{"type":"Feature","geometry":{"type":"LineString","coordinates":[[-3.246128,51.514254],[-3.246159,51.514408],[-3.246188,51.514523],[-3.246239,51.514681]]},"properties":{"@id":"way/395475987","electrified":"contact_line","frequency":"50","gauge":"1435","maxspeed":"25 mph","operator":"Transport for Wales","operator:wikidata":"Q48740007","railway":"rail","voltage":"25000"},"id":"way/395475987"},{"type":"Feature","geometry":{"type":"LineString","coordinates":[[-3.245476,51.511069],[-3.245215,51.510721],[-3.244902,51.510357],[-3.244587,51.51004],[-3.244285,51.509792],[-3.243807,51.509449],[-3.243188,51.509056],[-3.242133,51.508538],[-3.241766,51.508402],[-3.2414,51.508286],[-3.240594,51.508081],[-3.239263,51.507741],[-3.238747,51.507575],[-3.237617,51.507123],[-3.237044,51.506798],[-3.236148,51.506227],[-3.235679,51.505865],[-3.235427,51.505642],[-3.235081,51.505296]]},"properties":{"@id":"way/395475988","electrified":"contact_line","frequency":"50","gauge":"1435","maxspeed":"55 mph","name":"Cardiff City Line","name:cy":"Llinell Dinas Caerdydd","operator":"Transport for Wales","operator:wikidata":"Q48740007","passenger_lines":"2","railway":"rail","ref":"RAD","usage":"branch","voltage":"25000"},"id":"way/395475988"},{"type":"Feature","geometry":{"type":"LineString","coordinates":[[-3.247757,51.51599],[-3.247511,51.515843],[-3.247338,51.51573],[-3.247153,51.515601],[-3.246974,51.515468]]},"properties":{"@id":"way/395475989","electrified":"contact_line","frequency":"50","gauge":"1435","maxspeed":"25 mph","name":"Cardiff City Line","name:cy":"Llinell Dinas Caerdydd","operator":"Transport for Wales","operator:wikidata":"Q48740007","passenger":"yes","passenger_lines":"4","railway":"rail","ref":"RAD","usage":"branch","voltage":"25000"},"id":"way/395475989"},{"type":"Feature","geometry":{"type":"LineString","coordinates":[[-3.246779,51.51555],[-3.246902,51.515645],[-3.246991,51.515711],[-3.247125,51.515805],[-3.247234,51.51588],[-3.247345,51.515952],[-3.247464,51.516024],[-3.24758,51.516091],[-3.247735,51.516175],[-3.247839,51.516226],[-3.248039,51.516317]]},"properties":{"@id":"way/395475990","electrified":"contact_line","frequency":"50","gauge":"1435","maxspeed":"45 mph","name":"Cardiff and Merthyr Line","operator":"Transport for Wales","operator:wikidata":"Q48740007","passenger_lines":"4","railway":"rail","ref":"CAM","source":"npe","usage":"branch","voltage":"25000"},"id":"way/395475990"},{"type":"Feature","geometry":{"type":"LineString","coordinates":[[-3.246809,51.515504],[-3.246472,51.515262],[-3.246247,51.5151],[-3.245885,51.51484]]},"properties":{"@id":"way/395475991","electrified":"contact_line","frequency":"50","gauge":"1435","maxspeed":"40 mph","name":"Cardiff and Merthyr Line","operator":"Transport for Wales","operator:wikidata":"Q48740007","passenger_lines":"2","railway":"rail","ref":"CAM","usage":"branch","voltage":"25000"},"id":"way/395475991"},{"type":"Feature","geometry":{"type":"LineString","coordinates":[[-3.007342,51.572773],[-3.007166,51.572605],[-3.007075,51.572515],[-3.006919,51.57236],[-3.006794,51.572254],[-3.006674,51.572159],[-3.006515,51.572068],[-3.006252,51.571927]]},"properties":{"@id":"way/396289049","electrified":"no","gauge":"1435","operator":"Network Rail","operator:wikidata":"Q1501071","railway":"rail","service":"yard"},"id":"way/396289049"},{"type":"Feature","geometry":{"type":"LineString","coordinates":[[-3.465271,51.643074],[-3.465946,51.643262],[-3.466588,51.643488],[-3.467219,51.643686],[-3.467614,51.643811]]},"properties":{"@id":"way/403688825","electrified":"contact_line","frequency":"50","gauge":"1435","maxspeed":"40 mph","name":"Rhondda Line","operator":"Transport for Wales","operator:wikidata":"Q48740007","railway":"rail","ref":"THT","source":"OS_OpenData_StreetView","usage":"branch","voltage":"25000"},"id":"way/403688825"},{"type":"Feature","geometry":{"type":"LineString","coordinates":[[-3.475906,51.645287],[-3.475518,51.645233]]},"properties":{"@id":"way/403688826","bridge":"yes","electrified":"contact_line","frequency":"50","gauge":"1435","layer":"1","maxspeed":"50 mph","name":"Rhondda Line","operator":"Transport for Wales","operator:wikidata":"Q48740007","railway":"rail","ref":"THT","source":"OS_OpenData_StreetView","usage":"branch","voltage":"25000"},"id":"way/403688826"},{"type":"Feature","geometry":{"type":"LineString","coordinates":[[-3.483938,51.646624],[-3.483601,51.646494],[-3.483243,51.646377],[-3.482938,51.646299],[-3.482599,51.64623],[-3.481866,51.646106]]},"properties":{"@id":"way/403689531","electrified":"contact_line","frequency":"50","gauge":"1435","maxspeed":"50 mph","name":"Rhondda Line","operator":"Transport for Wales","operator:wikidata":"Q48740007","railway":"rail","ref":"THT","source":"OS_OpenData_StreetView","usage":"branch","voltage":"25000"},"id":"way/403689531"},{"type":"Feature","geometry":{"type":"LineString","coordinates":[[-3.49462,51.651843],[-3.494917,51.651989]]},"properties":{"@id":"way/403689532","bridge":"yes","electrified":"contact_line","frequency":"50","gauge":"1435","layer":"1","maxspeed":"60 mph","name":"Rhondda Line","operator":"Transport for Wales","operator:wikidata":"Q48740007","railway":"rail","ref":"THT","source":"OS_OpenData_StreetView","usage":"branch","voltage":"25000"},"id":"way/403689532"},{"type":"Feature","geometry":{"type":"LineString","coordinates":[[-3.489661,51.649402],[-3.48994,51.649527]]},"properties":{"@id":"way/403689533","bridge":"yes","electrified":"contact_line","frequency":"50","gauge":"1435","layer":"1","maxspeed":"60 mph","name":"Rhondda Line","operator":"Transport for Wales","operator:wikidata":"Q48740007","railway":"rail","ref":"THT","source":"OS_OpenData_StreetView","usage":"branch","voltage":"25000"},"id":"way/403689533"},{"type":"Feature","geometry":{"type":"LineString","coordinates":[[-3.48994,51.649527],[-3.494045,51.651559],[-3.49462,51.651843]]},"properties":{"@id":"way/403689534","electrified":"contact_line","frequency":"50","gauge":"1435","maxspeed":"60 mph","name":"Rhondda Line","operator":"Transport for Wales","operator:wikidata":"Q48740007","railway":"rail","ref":"THT","source":"OS_OpenData_StreetView","usage":"branch","voltage":"25000"},"id":"way/403689534"},{"type":"Feature","geometry":{"type":"LineString","coordinates":[[-3.48642,51.647828],[-3.486768,51.647999]]},"properties":{"@id":"way/403689535","bridge":"yes","electrified":"contact_line","frequency":"50","gauge":"1435","layer":"1","maxspeed":"60 mph","name":"Rhondda Line","operator":"Transport for Wales","operator:wikidata":"Q48740007","railway":"rail","ref":"THT","source":"OS_OpenData_StreetView","usage":"branch","voltage":"25000"},"id":"way/403689535"},{"type":"Feature","geometry":{"type":"LineString","coordinates":[[-3.486768,51.647999],[-3.487487,51.648356],[-3.489661,51.649402]]},"properties":{"@id":"way/403689536","electrified":"contact_line","frequency":"50","gauge":"1435","maxspeed":"60 mph","name":"Rhondda Line","operator":"Transport for Wales","operator:wikidata":"Q48740007","railway":"rail","ref":"THT","source":"OS_OpenData_StreetView","usage":"branch","voltage":"25000"},"id":"way/403689536"},{"type":"Feature","geometry":{"type":"LineString","coordinates":[[-3.494917,51.651989],[-3.497381,51.653181],[-3.497746,51.65336],[-3.501363,51.655121],[-3.506061,51.657407],[-3.507021,51.657877]]},"properties":{"@id":"way/403799550","electrified":"contact_line","frequency":"50","gauge":"1435","maxspeed":"60 mph","name":"Rhondda Line","operator":"Transport for Wales","operator:wikidata":"Q48740007","railway":"rail","ref":"THT","source":"OS_OpenData_StreetView","usage":"branch","voltage":"25000"},"id":"way/403799550"},{"type":"Feature","geometry":{"type":"LineString","coordinates":[[-3.169301,51.477792],[-3.169753,51.477692],[-3.170138,51.477607],[-3.170796,51.477459],[-3.17124,51.477352],[-3.171777,51.477198],[-3.171984,51.477142],[-3.172486,51.476983]]},"properties":{"@id":"way/405377739","electrified":"contact_line","frequency":"50","gauge":"1435","maxspeed":"40 mph","name":"South Wales Main Line","name:br":"Linenn Pennañ Su Kembre","name:cy":"Prif Linell De Cymru","operator":"Network Rail","operator:wikidata":"Q1501071","passenger_lines":"4","railway":"rail","ref":"SWM2","usage":"main","voltage":"25000"},"id":"way/405377739"},{"type":"Feature","geometry":{"type":"LineString","coordinates":[[-3.170148,51.477563],[-3.169595,51.477685],[-3.169244,51.477764],[-3.168447,51.477941],[-3.167696,51.478121],[-3.167363,51.478203],[-3.166816,51.478341]]},"properties":{"@id":"way/405377741","electrified":"contact_line","frequency":"50","gauge":"1435","name":"South Wales Main Line","name:br":"Linenn Pennañ Su Kembre","name:cy":"Prif Linell De Cymru","operator":"Network Rail","operator:wikidata":"Q1501071","passenger_lines":"4","railway":"rail","ref":"SWM2","usage":"main","voltage":"25000"},"id":"way/405377741"},{"type":"Feature","geometry":{"type":"LineString","coordinates":[[-3.171197,51.477281],[-3.171672,51.477143],[-3.171792,51.477107],[-3.171809,51.477102],[-3.172233,51.476976],[-3.172432,51.476916]]},"properties":{"@id":"way/405377747","electrified":"contact_line","frequency":"50","gauge":"1435","maxspeed":"40 mph","name":"South Wales Main Line","name:br":"Linenn Pennañ Su Kembre","name:cy":"Prif Linell De Cymru","operator":"Network Rail","operator:wikidata":"Q1501071","passenger_lines":"4","railway":"rail","ref":"SWM2","usage":"main","voltage":"25000"},"id":"way/405377747"},{"type":"Feature","geometry":{"type":"LineString","coordinates":[[-3.136447,51.497872],[-3.136577,51.497809],[-3.136612,51.497791],[-3.137607,51.497303],[-3.138457,51.496859],[-3.139094,51.496493],[-3.139711,51.496114],[-3.140218,51.495786],[-3.140554,51.49556],[-3.141387,51.494951],[-3.141835,51.494601],[-3.142504,51.494077],[-3.14335,51.493405],[-3.143891,51.492978],[-3.145119,51.492003],[-3.145192,51.491944],[-3.14605,51.491261],[-3.147127,51.490387],[-3.147599,51.489991],[-3.148296,51.489392],[-3.148731,51.489019],[-3.149468,51.488395],[-3.15037,51.487625],[-3.1517,51.486496],[-3.152802,51.485557],[-3.153654,51.484804],[-3.154376,51.48416],[-3.154854,51.483755],[-3.155336,51.48337],[-3.155978,51.482933],[-3.156724,51.48247],[-3.157063,51.482265],[-3.157927,51.481801],[-3.158365,51.481588],[-3.159035,51.48127],[-3.159487,51.481067],[-3.160529,51.480585],[-3.161331,51.480221],[-3.162163,51.479858],[-3.162584,51.479701],[-3.162937,51.479568],[-3.163428,51.479401],[-3.163931,51.47925],[-3.164447,51.479102],[-3.164742,51.479024],[-3.165169,51.478902]]},"properties":{"@id":"way/405377750","electrified":"contact_line","frequency":"50","gauge":"1435","maxspeed":"75 mph","name":"South Wales Main Line","name:br":"Linenn Pennañ Su Kembre","name:cy":"Prif Linell De Cymru","operator":"Network Rail","operator:wikidata":"Q1501071","railway":"rail","railway:track_ref":"Down Main","ref":"SWM2","usage":"main","voltage":"25000"},"id":"way/405377750"},{"type":"Feature","geometry":{"type":"LineString","coordinates":[[-3.170148,51.477563],[-3.169709,51.477687],[-3.169563,51.477726],[-3.169301,51.477792]]},"properties":{"@id":"way/405377756","electrified":"contact_line","frequency":"50","gauge":"1435","maxspeed":"30 mph","name":"South Wales Main Line","name:br":"Linenn Pennañ Su Kembre","name:cy":"Prif Linell De Cymru","operator":"Network Rail","operator:wikidata":"Q1501071","railway":"rail","service":"crossover","voltage":"25000"},"id":"way/405377756"},{"type":"Feature","geometry":{"type":"LineString","coordinates":[[-3.172514,51.47701],[-3.171933,51.477189],[-3.17177,51.477234],[-3.171221,51.477391],[-3.170867,51.477476],[-3.170575,51.477542],[-3.170164,51.477635]]},"properties":{"@id":"way/405377761","electrified":"contact_line","frequency":"50","gauge":"1435","name":"South Wales Main Line","name:br":"Linenn Pennañ Su Kembre","name:cy":"Prif Linell De Cymru","operator":"Network Rail","operator:wikidata":"Q1501071","passenger_lines":"4","railway":"rail","ref":"SWM2","usage":"main","voltage":"25000"},"id":"way/405377761"},{"type":"Feature","geometry":{"type":"LineString","coordinates":[[-3.183675,51.517854],[-3.183545,51.517692]]},"properties":{"@id":"way/419258089","bridge":"yes","electrified":"contact_line","frequency":"50","gauge":"1435","layer":"1","maxspeed:backward":"50 mph","maxspeed:forward":"40 mph","name":"Coryton Line","operator":"Transport for Wales","operator:wikidata":"Q48740007","railway":"rail","railway:aws":"yes","railway:bidirectional":"regular","railway:preferred_direction":"both","railway:tpws":"yes","ref":"CRY","source":"Bing","usage":"branch","voltage":"25000","wikidata":"Q5173810","wikipedia":"en:Coryton Line"},"id":"way/419258089"},{"type":"Feature","geometry":{"type":"LineString","coordinates":[[-3.19764,51.521692],[-3.197208,51.521708],[-3.19708,51.521712],[-3.196618,51.521727],[-3.195256,51.521778],[-3.194076,51.52181],[-3.193237,51.521789],[-3.192496,51.521742],[-3.191786,51.52167],[-3.190997,51.521568],[-3.190244,51.521406],[-3.189629,51.52127],[-3.188994,51.5211],[-3.188032,51.520782],[-3.186973,51.520318],[-3.186006,51.519806],[-3.185147,51.519199],[-3.184582,51.518797],[-3.183844,51.518054],[-3.183675,51.517854]]},"properties":{"@id":"way/419258091","electrified":"contact_line","frequency":"50","gauge":"1435","maxspeed:backward":"50 mph","maxspeed:forward":"40 mph","name":"Coryton Line","operator":"Transport for Wales","operator:wikidata":"Q48740007","railway":"rail","railway:aws":"yes","railway:bidirectional":"regular","railway:preferred_direction":"both","railway:tpws":"yes","ref":"CRY","source":"NPE","usage":"branch","voltage":"25000","wikidata":"Q5173810","wikipedia":"en:Coryton Line"},"id":"way/419258091"},{"type":"Feature","geometry":{"type":"LineString","coordinates":[[-3.09616,51.607546],[-3.096411,51.607658],[-3.09673,51.607783],[-3.097122,51.607917],[-3.097425,51.60801],[-3.098031,51.608188],[-3.098334,51.608275],[-3.098616,51.608368],[-3.098829,51.608453],[-3.098956,51.608511],[-3.099135,51.608599],[-3.099305,51.608696],[-3.099801,51.609044],[-3.100069,51.609291],[-3.100203,51.609446],[-3.100354,51.609681],[-3.100427,51.609821],[-3.100531,51.610055],[-3.10066,51.610515],[-3.100823,51.611201],[-3.10088,51.611623],[-3.10091,51.612106],[-3.100969,51.612354],[-3.101092,51.612669],[-3.101209,51.612864],[-3.101404,51.613115],[-3.101599,51.613293],[-3.101851,51.61348],[-3.10264,51.613946],[-3.102938,51.614128],[-3.103302,51.614343]]},"properties":{"@id":"way/419977062","electrified":"no","gauge":"1435","maxspeed":"30 mph","name":"Western Valleys Line","operator":"Network Rail","operator:wikidata":"Q1501071","railway":"rail","ref":"WVL","usage":"branch"},"id":"way/419977062"},{"type":"Feature","geometry":{"type":"LineString","coordinates":[[-3.096009,51.607478],[-3.09616,51.607546]]},"properties":{"@id":"way/419977066","bridge":"yes","electrified":"no","gauge":"1435","maxspeed":"30 mph","name":"Ebbw Valley Line","operator":"Network Rail","operator:wikidata":"Q1501071","railway":"rail","ref":"WVL","source":"NPE","usage":"branch"},"id":"way/419977066"},{"type":"Feature","geometry":{"type":"LineString","coordinates":[[-3.160366,51.473414],[-3.160462,51.473542],[-3.160537,51.473651],[-3.160588,51.473751],[-3.160624,51.473831],[-3.160685,51.473977],[-3.160785,51.474202]]},"properties":{"@id":"way/433553797","electrified":"no","gauge":"1435","railway":"rail","railway:traffic_mode":"freight","service":"yard","usage":"industrial"},"id":"way/433553797"},{"type":"Feature","geometry":{"type":"LineString","coordinates":[[-3.162842,51.474771],[-3.162847,51.474802],[-3.162852,51.474842],[-3.162854,51.474862],[-3.162856,51.474881],[-3.162852,51.474925],[-3.162844,51.474968],[-3.162826,51.475016],[-3.162804,51.475068],[-3.162772,51.475127],[-3.162739,51.475175],[-3.1627,51.475225],[-3.162639,51.475289],[-3.1626,51.475329],[-3.162519,51.475421],[-3.162424,51.475575],[-3.162343,51.475713],[-3.162307,51.475777],[-3.162289,51.475818],[-3.162279,51.475851],[-3.162264,51.475906],[-3.162256,51.475971],[-3.162253,51.476036],[-3.162257,51.476085],[-3.16227,51.476144],[-3.162294,51.476217],[-3.162339,51.476312]]},"properties":{"@id":"way/433553798","electrified":"no","gauge":"1435","railway":"rail","railway:traffic_mode":"freight","service":"yard","usage":"industrial"},"id":"way/433553798"},{"type":"Feature","geometry":{"type":"LineString","coordinates":[[-3.230282,51.575787],[-3.23024,51.575687]]},"properties":{"@id":"way/446120998","bridge":"yes","electrified":"contact_line","frequency":"50","gauge":"1435","layer":"1","maxspeed":"50 mph","name":"Rhymney Line","operator":"Transport for Wales","operator:wikidata":"Q48740007","passenger_lines":"2","railway":"rail","ref":"CAR","usage":"branch","voltage":"25000"},"id":"way/446120998"},{"type":"Feature","geometry":{"type":"LineString","coordinates":[[-3.230294,51.575677],[-3.230338,51.575777]]},"properties":{"@id":"way/446120999","bridge":"yes","electrified":"contact_line","frequency":"50","gauge":"1435","layer":"1","maxspeed":"50 mph","name":"Rhymney Line","operator":"Transport for Wales","operator:wikidata":"Q48740007","passenger_lines":"2","railway":"rail","ref":"CAR","tracks":"2","usage":"branch","voltage":"25000"},"id":"way/446120999"},{"type":"Feature","geometry":{"type":"LineString","coordinates":[[-3.230338,51.575777],[-3.230463,51.57611],[-3.230605,51.576686],[-3.230626,51.577254],[-3.230554,51.577691],[-3.230443,51.578112],[-3.230334,51.578436],[-3.230254,51.5786],[-3.22998,51.579019],[-3.229643,51.579536],[-3.229425,51.579935],[-3.229333,51.580116],[-3.229183,51.580513],[-3.229068,51.580913],[-3.228993,51.581175]]},"properties":{"@id":"way/446121000","electrified":"contact_line","frequency":"50","gauge":"1435","maxspeed":"50 mph","name":"Rhymney Line","operator":"Transport for Wales","operator:wikidata":"Q48740007","passenger_lines":"2","railway":"rail","ref":"CAR","tracks":"2","usage":"branch","voltage":"25000"},"id":"way/446121000"},{"type":"Feature","geometry":{"type":"LineString","coordinates":[[-3.228945,51.581155],[-3.22913,51.5805],[-3.229276,51.580112],[-3.229467,51.579755],[-3.229782,51.579226],[-3.229933,51.579006],[-3.230104,51.578744],[-3.230275,51.578429],[-3.23039,51.5781],[-3.230496,51.577678],[-3.230571,51.57725],[-3.230537,51.57668],[-3.23041,51.57611],[-3.230361,51.575958],[-3.230282,51.575787]]},"properties":{"@id":"way/446121001","electrified":"contact_line","frequency":"50","gauge":"1435","maxspeed":"50 mph","name":"Rhymney Line","operator":"Transport for Wales","operator:wikidata":"Q48740007","passenger_lines":"2","railway":"rail","ref":"CAR","usage":"branch","voltage":"25000"},"id":"way/446121001"},{"type":"Feature","geometry":{"type":"LineString","coordinates":[[-3.219645,51.5716],[-3.219265,51.571582]]},"properties":{"@id":"way/446411281","electrified":"no","gauge":"1435","layer":"-1","maxspeed":"50 mph","name":"Rhymney Line","operator":"Transport for Wales","operator:wikidata":"Q48740007","passenger_lines":"2","railway":"rail","ref":"CAR","tunnel":"yes","usage":"branch"},"id":"way/446411281"},{"type":"Feature","geometry":{"type":"LineString","coordinates":[[-3.219252,51.571546],[-3.219635,51.571562]]},"properties":{"@id":"way/446411282","electrified":"no","gauge":"1435","layer":"-1","maxspeed":"50 mph","name":"Rhymney Line","operator":"Transport for Wales","operator:wikidata":"Q48740007","passenger_lines":"2","railway":"rail","ref":"CAR","tracks":"2","tunnel":"yes","usage":"branch"},"id":"way/446411282"},{"type":"Feature","geometry":{"type":"LineString","coordinates":[[-3.23024,51.575687],[-3.23002,51.575208],[-3.229874,51.574985],[-3.229736,51.574811],[-3.229559,51.574589],[-3.22923,51.574242],[-3.228825,51.573879],[-3.22829,51.573492],[-3.227639,51.573097],[-3.227037,51.572798],[-3.22637,51.572525],[-3.225071,51.572122],[-3.224553,51.571996],[-3.223998,51.571883],[-3.223447,51.5718],[-3.222894,51.571748],[-3.221366,51.571674],[-3.219645,51.5716]]},"properties":{"@id":"way/446411283","electrified":"contact_line","frequency":"50","gauge":"1435","maxspeed":"50 mph","name":"Rhymney Line","name:cy":"Llinell Rhymni","operator":"Transport for Wales","operator:wikidata":"Q48740007","passenger_lines":"2","railway":"rail","ref":"CAR","usage":"branch","voltage":"25000"},"id":"way/446411283"},{"type":"Feature","geometry":{"type":"LineString","coordinates":[[-3.219635,51.571562],[-3.222901,51.571713],[-3.223461,51.571758],[-3.224016,51.571847],[-3.22457,51.571959],[-3.225106,51.572088],[-3.226403,51.572496],[-3.227064,51.572765],[-3.227684,51.573073],[-3.228342,51.573474],[-3.228857,51.573862],[-3.229266,51.574225],[-3.229605,51.574576],[-3.22978,51.574788],[-3.229918,51.574978],[-3.230072,51.575221],[-3.230182,51.575435],[-3.230294,51.575677]]},"properties":{"@id":"way/446411284","electrified":"contact_line","frequency":"50","gauge":"1435","maxspeed":"50 mph","name":"Rhymney Line","operator":"Transport for Wales","operator:wikidata":"Q48740007","passenger_lines":"2","railway":"rail","ref":"CAR","tracks":"2","usage":"branch","voltage":"25000"},"id":"way/446411284"},{"type":"Feature","geometry":{"type":"LineString","coordinates":[[-3.15782,51.470252],[-3.157879,51.470355],[-3.157956,51.470509],[-3.158022,51.470608],[-3.158255,51.470916],[-3.158613,51.471386],[-3.159054,51.471963],[-3.159144,51.472071],[-3.159256,51.472193],[-3.159345,51.472308]]},"properties":{"@id":"way/449897596","electrified":"no","gauge":"1435","railway":"rail","railway:traffic_mode":"freight","service":"yard","usage":"industrial"},"id":"way/449897596"},{"type":"Feature","geometry":{"type":"LineString","coordinates":[[-3.140556,51.474609],[-3.140658,51.474407],[-3.140742,51.474295],[-3.140794,51.474227],[-3.140845,51.474132],[-3.140882,51.474027],[-3.14096,51.473671],[-3.140997,51.473532],[-3.141048,51.473416],[-3.141113,51.473303],[-3.141181,51.473211],[-3.141295,51.473081],[-3.141407,51.47298],[-3.141642,51.472787]]},"properties":{"@id":"way/449897598","electrified":"no","gauge":"1435","railway":"rail","railway:traffic_mode":"freight","service":"yard","usage":"industrial"},"id":"way/449897598"},{"type":"Feature","geometry":{"type":"LineString","coordinates":[[-2.966877,51.585433],[-2.966011,51.58524]]},"properties":{"@id":"way/449897606","electrified":"contact_line","frequency":"50","gauge":"1435","operator":"Network Rail","operator:wikidata":"Q1501071","railway":"rail","railway:track_ref":"Up Branch Dn","service":"crossover","voltage":"25000"},"id":"way/449897606"},{"type":"Feature","geometry":{"type":"LineString","coordinates":[[-2.981101,51.589126],[-2.981275,51.589195],[-2.981397,51.589243],[-2.981663,51.589366],[-2.981799,51.589429],[-2.981907,51.589475]]},"properties":{"@id":"way/449897608","electrified":"contact_line","frequency":"50","gauge":"1435","maxspeed":"20 mph","name":"South Wales Main Line","name:br":"Linenn Pennañ Su Kembre","name:cy":"Prif Linell De Cymru","operator":"Network Rail","operator:wikidata":"Q1501071","railway":"rail","railway:aws":"yes","railway:tpws":"yes","ref":"SWM2","service":"crossover","tracks":"2","voltage":"25000"},"id":"way/449897608"},{"type":"Feature","geometry":{"type":"LineString","coordinates":[[-3.176416,51.475837],[-3.176945,51.475733]]},"properties":{"@id":"way/449897612","electrified":"contact_line","frequency":"50","gauge":"1435","maxspeed":"15 mph","name":"South Wales Main Line","name:br":"Linenn Pennañ Su Kembre","name:cy":"Prif Linell De Cymru","operator":"Network Rail","operator:wikidata":"Q1501071","railway":"rail","ref":"SWM2","service":"crossover","voltage":"25000"},"id":"way/449897612"},{"type":"Feature","geometry":{"type":"LineString","coordinates":[[-2.995844,51.591015],[-2.996385,51.590801]]},"properties":{"@id":"way/449897614","bridge":"yes","electrified":"contact_line","frequency":"50","gauge":"1435","layer":"1","maxspeed":"20 mph","name":"South Wales Main Line","name:br":"Linenn Pennañ Su Kembre","name:cy":"Prif Linell De Cymru","operator":"Network Rail","operator:wikidata":"Q1501071","railway":"rail","railway:aws":"yes","railway:tpws":"yes","ref":"SWM2","usage":"main","voltage":"25000"},"id":"way/449897614"},{"type":"Feature","geometry":{"type":"LineString","coordinates":[[-3.144826,51.480106],[-3.144737,51.479871],[-3.144641,51.479657],[-3.144573,51.479524],[-3.144513,51.479433],[-3.144409,51.479291],[-3.144295,51.479161],[-3.144025,51.478867],[-3.143821,51.478642],[-3.143466,51.478252],[-3.143063,51.477808],[-3.142644,51.477341],[-3.142436,51.477119],[-3.142148,51.476802],[-3.141795,51.476412],[-3.141424,51.476005],[-3.14126,51.475815],[-3.141164,51.475682],[-3.14107,51.475541],[-3.140988,51.475374],[-3.140912,51.475197],[-3.140865,51.47508],[-3.140832,51.474925],[-3.140816,51.474826],[-3.14082,51.474702],[-3.140832,51.474598],[-3.140847,51.474519],[-3.140878,51.474394],[-3.140913,51.474266],[-3.140957,51.474105],[-3.141021,51.473956],[-3.141114,51.473743]]},"properties":{"@id":"way/449897616","electrified":"no","gauge":"1435","name":"Tidal Sidings","railway":"rail","railway:traffic_mode":"freight","ref":"DOK","service":"yard"},"id":"way/449897616"},{"type":"Feature","geometry":{"type":"LineString","coordinates":[[-3.183147,51.47547],[-3.184462,51.475572],[-3.18455,51.475578]]},"properties":{"@id":"way/449897618","electrified":"contact_line","frequency":"50","gauge":"1435","maxspeed":"15 mph","name":"Up Barry Relief","operator":"Network Rail","operator:wikidata":"Q1501071","railway":"rail","ref":"SWM2","usage":"branch","voltage":"25000"},"id":"way/449897618"},{"type":"Feature","geometry":{"type":"LineString","coordinates":[[-3.140846,51.475484],[-3.140864,51.475583],[-3.140897,51.475723],[-3.140935,51.475834],[-3.140982,51.475931],[-3.141053,51.476055],[-3.141206,51.476297]]},"properties":{"@id":"way/449897620","electrified":"no","gauge":"1435","railway":"rail","railway:traffic_mode":"freight","service":"yard"},"id":"way/449897620"},{"type":"Feature","geometry":{"type":"LineString","coordinates":[[-3.001791,51.587165],[-3.002016,51.586781],[-3.002262,51.586353],[-3.002372,51.586167],[-3.002631,51.585711]]},"properties":{"@id":"way/449897624","electrified":"contact_line","frequency":"50","gauge":"1435","maxspeed":"40 mph","name":"South Wales Main Line","name:br":"Linenn Pennañ Su Kembre","name:cy":"Prif Linell De Cymru","operator":"Network Rail","operator:wikidata":"Q1501071","railway":"rail","railway:aws":"yes","railway:tpws":"yes","railway:track_ref":"DR","ref":"SWM2","usage":"main","voltage":"25000"},"id":"way/449897624"},{"type":"Feature","geometry":{"type":"LineString","coordinates":[[-3.211654,51.480023],[-3.211347,51.479941]]},"properties":{"@id":"way/449897626","bridge":"yes","electrified":"no","gauge":"1435","layer":"1","maxspeed":"75 mph","name":"South Wales Main Line","name:br":"Linenn Pennañ Su Kembre","name:cy":"Prif Linell De Cymru","name:en":"South Wales Main Line","operator":"Network Rail","operator:wikidata":"Q1501071","railway":"rail","ref":"SWM2","usage":"main"},"id":"way/449897626"},{"type":"Feature","geometry":{"type":"LineString","coordinates":[[-3.207332,51.478858],[-3.206779,51.478709],[-3.206307,51.478582],[-3.205893,51.478469],[-3.205513,51.478367],[-3.205161,51.478272],[-3.204635,51.478134],[-3.204153,51.478011],[-3.203492,51.477839],[-3.20289,51.477686],[-3.202602,51.477615],[-3.202263,51.477539],[-3.201858,51.477455]]},"properties":{"@id":"way/449897628","electrified":"no","gauge":"1435","maxspeed":"75 mph","name":"South Wales Main Line","name:br":"Linenn Pennañ Su Kembre","name:cy":"Prif Linell De Cymru","name:en":"South Wales Main Line","operator":"Network Rail","operator:wikidata":"Q1501071","railway":"rail","ref":"SWM2","usage":"main"},"id":"way/449897628"},{"type":"Feature","geometry":{"type":"LineString","coordinates":[[-3.202609,51.476839],[-3.203182,51.476992],[-3.203557,51.477095],[-3.203838,51.477172],[-3.204283,51.477291],[-3.204753,51.477419],[-3.205228,51.477547],[-3.20554,51.477631],[-3.206048,51.477769],[-3.206635,51.477929],[-3.207248,51.478093],[-3.207651,51.478203],[-3.208113,51.478329],[-3.208913,51.478544],[-3.209364,51.478666],[-3.209834,51.478794],[-3.210215,51.478896],[-3.210589,51.478998],[-3.210742,51.479039],[-3.2111,51.479137],[-3.211414,51.479221],[-3.211765,51.479313]]},"properties":{"@id":"way/497751310","electrified":"no","gauge":"1435","maxspeed":"55 mph","name":"Radyr Branch","operator":"Network Rail","operator:wikidata":"Q1501071","passenger_lines":"2","railway":"rail","ref":"RAD","usage":"branch"},"id":"way/497751310"},{"type":"Feature","geometry":{"type":"LineString","coordinates":[[-3.202294,51.476753],[-3.202609,51.476839]]},"properties":{"@id":"way/497751314","bridge":"yes","electrified":"no","gauge":"1435","layer":"1","maxspeed":"55 mph","name":"Radyr Branch","operator":"Network Rail","operator:wikidata":"Q1501071","passenger_lines":"2","railway":"rail","ref":"RAD","usage":"branch"},"id":"way/497751314"},{"type":"Feature","geometry":{"type":"LineString","coordinates":[[-3.090222,51.605299],[-3.09043,51.605343],[-3.090666,51.6054],[-3.091044,51.605505],[-3.091497,51.605643],[-3.092004,51.605809],[-3.092666,51.606051],[-3.093181,51.606244],[-3.093391,51.60633],[-3.093828,51.606509],[-3.094818,51.60695],[-3.095695,51.607337],[-3.096009,51.607478]]},"properties":{"@id":"way/516647223","electrified":"no","gauge":"1435","layer":"1","maxspeed":"30 mph","name":"Ebbw Valley Line","operator":"Network Rail","operator:wikidata":"Q1501071","railway":"rail","ref":"WVL"},"id":"way/516647223"},{"type":"Feature","geometry":{"type":"LineString","coordinates":[[-3.090025,51.605257],[-3.090222,51.605299]]},"properties":{"@id":"way/516647226","bridge":"yes","electrified":"no","gauge":"1435","layer":"1","maxspeed":"30 mph","name":"Western Valleys Line","operator":"Network Rail","operator:wikidata":"Q1501071","railway":"rail","ref":"WVL","usage":"branch"},"id":"way/516647226"},{"type":"Feature","geometry":{"type":"LineString","coordinates":[[-3.345816,51.602328],[-3.345896,51.602385],[-3.346143,51.602599],[-3.346244,51.602692]]},"properties":{"@id":"way/520357999","alt_name":"Treherbert Branch","electrified":"no","gauge":"1435","layer":"1","maxspeed":"40 mph","name":"Rhondda Line","operator":"Transport for Wales","operator:wikidata":"Q48740007","railway":"rail","ref":"THT","source":"OS_OpenData_StreetView","usage":"branch"},"id":"way/520357999"},{"type":"Feature","geometry":{"type":"LineString","coordinates":[[-3.345728,51.60232],[-3.345845,51.60241],[-3.346089,51.602622],[-3.346145,51.602669]]},"properties":{"@id":"way/520358000","alt_name":"Treherbert Branch","electrified":"no","gauge":"1435","layer":"1","maxspeed":"40 mph","name":"Rhondda Line","operator":"Transport for Wales","operator:wikidata":"Q48740007","railway":"rail","ref":"THT","source":"OS_OpenData_StreetView","usage":"branch"},"id":"way/520358000"},{"type":"Feature","geometry":{"type":"LineString","coordinates":[[-3.34327,51.600721],[-3.343302,51.600839]]},"properties":{"@id":"way/520358001","bridge":"yes","electrified":"no","gauge":"1435","layer":"1","maxspeed":"20 mph","name":"Cardiff and Merthyr Line","operator":"Transport for Wales","operator:wikidata":"Q48740007","railway":"rail","ref":"CAM","source":"OS_OpenData_StreetView","usage":"branch"},"id":"way/520358001"},{"type":"Feature","geometry":{"type":"LineString","coordinates":[[-3.343322,51.600716],[-3.343353,51.600833]]},"properties":{"@id":"way/520358002","bridge":"yes","electrified":"no","gauge":"1435","layer":"1","maxspeed":"20 mph","name":"Cardiff and Merthyr Line","operator":"Transport for Wales","operator:wikidata":"Q48740007","railway":"rail","ref":"CAM","source":"OS_OpenData_StreetView","usage":"branch"},"id":"way/520358002"},{"type":"Feature","geometry":{"type":"LineString","coordinates":[[-3.232303,51.666606],[-3.232453,51.665971],[-3.232498,51.66563],[-3.232535,51.665218],[-3.232534,51.664782],[-3.232515,51.664545],[-3.232378,51.663837],[-3.232278,51.663513],[-3.23158,51.661829],[-3.231102,51.660703]]},"properties":{"@id":"way/569398299","electrified":"contact_line","frequency":"50","gauge":"1435","maxspeed":"60 mph","name":"Rhymney Line","operator":"Transport for Wales","operator:wikidata":"Q48740007","railway":"rail","ref":"CAR","usage":"branch","voltage":"25000"},"id":"way/569398299"},{"type":"Feature","geometry":{"type":"LineString","coordinates":[[-3.231151,51.66069],[-3.231629,51.661819],[-3.232329,51.663505],[-3.232442,51.66383],[-3.232556,51.664442],[-3.232582,51.664666],[-3.232586,51.665226],[-3.232549,51.665637],[-3.232502,51.665973],[-3.232356,51.666635]]},"properties":{"@id":"way/569398300","electrified":"contact_line","frequency":"50","gauge":"1435","maxspeed":"60 mph","name":"Rhymney Line","operator":"Transport for Wales","operator:wikidata":"Q48740007","railway":"rail","ref":"CAR","usage":"branch","voltage":"25000"},"id":"way/569398300"},{"type":"Feature","geometry":{"type":"LineString","coordinates":[[-3.236926,51.643486],[-3.237036,51.643467]]},"properties":{"@id":"way/569398301","bridge":"yes","electrified":"contact_line","frequency":"50","gauge":"1435","layer":"1","maxspeed":"35 mph","name":"Rhymney Line","operator":"Transport for Wales","operator:wikidata":"Q48740007","railway":"rail","ref":"CAR","usage":"branch","voltage":"25000"},"id":"way/569398301"},{"type":"Feature","geometry":{"type":"LineString","coordinates":[[-3.237047,51.643497],[-3.236937,51.643515]]},"properties":{"@id":"way/569398302","bridge":"yes","electrified":"contact_line","frequency":"50","gauge":"1435","layer":"1","maxspeed":"40 mph","name":"Rhymney Line","operator":"Transport for Wales","operator:wikidata":"Q48740007","railway":"rail","ref":"CAR","usage":"branch","voltage":"25000"},"id":"way/569398302"},{"type":"Feature","geometry":{"type":"LineString","coordinates":[[-3.240648,51.642016],[-3.240561,51.642104]]},"properties":{"@id":"way/569398303","electrified":"no","gauge":"1435","maxspeed":"40 mph","name":"Rhymney Line","operator":"Transport for Wales","operator:wikidata":"Q48740007","railway":"rail","ref":"CAR"},"id":"way/569398303"},{"type":"Feature","geometry":{"type":"LineString","coordinates":[[-3.229238,51.670915],[-3.2293,51.67085]]},"properties":{"@id":"way/570006234","bridge":"yes","electrified":"contact_line","frequency":"50","gauge":"1435","layer":"1","maxspeed":"60 mph","name":"Rhymney Line","operator":"Transport for Wales","operator:wikidata":"Q48740007","railway":"rail","ref":"CAR","usage":"branch","voltage":"25000"},"id":"way/570006234"},{"type":"Feature","geometry":{"type":"LineString","coordinates":[[-3.229342,51.670866],[-3.229278,51.670929]]},"properties":{"@id":"way/570006235","bridge":"yes","electrified":"contact_line","frequency":"50","gauge":"1435","layer":"1","maxspeed":"60 mph","name":"Rhymney Line","operator":"Transport for Wales","operator:wikidata":"Q48740007","railway":"rail","ref":"CAR","usage":"branch","voltage":"25000"},"id":"way/570006235"},{"type":"Feature","geometry":{"type":"LineString","coordinates":[[-3.22489,51.679589],[-3.226139,51.681694],[-3.226544,51.68226],[-3.226947,51.682852],[-3.227127,51.683287],[-3.227287,51.683723],[-3.227386,51.684009],[-3.227423,51.684139],[-3.227448,51.684229],[-3.227502,51.684428],[-3.227583,51.684775],[-3.22764,51.685137],[-3.22768,51.685521],[-3.227636,51.68638],[-3.227472,51.687881]]},"properties":{"@id":"way/570006236","electrified":"contact_line","frequency":"50","gauge":"1435","maxspeed":"45 mph","name":"Rhymney Line","name:cy":"Rheilffordd Rhymni","operator":"Transport for Wales","operator:wikidata":"Q48740007","railway":"rail","ref":"CAR","usage":"branch","voltage":"25000"},"id":"way/570006236"},{"type":"Feature","geometry":{"type":"LineString","coordinates":[[-3.332562,51.639374],[-3.332535,51.639149],[-3.332503,51.638895],[-3.332506,51.638789],[-3.332515,51.638601],[-3.33253,51.638429],[-3.3325,51.638108],[-3.332424,51.637535],[-3.332353,51.636973],[-3.332297,51.636552],[-3.332231,51.636052],[-3.332188,51.635739],[-3.332175,51.635555],[-3.332183,51.63541],[-3.332203,51.635209],[-3.332203,51.635111],[-3.332132,51.634577],[-3.332064,51.634084],[-3.331995,51.633536],[-3.331917,51.633064],[-3.331871,51.632793],[-3.331836,51.632638],[-3.331785,51.632488],[-3.331684,51.632215],[-3.331643,51.6321],[-3.331593,51.631801],[-3.331562,51.631639],[-3.331478,51.631273]]},"properties":{"@id":"way/575544123","gauge":"1435","maxspeed":"15 mph","operator":"Transport for Wales","operator:wikidata":"Q48740007","railway":"rail","service":"siding"},"id":"way/575544123"},{"type":"Feature","geometry":{"type":"LineString","coordinates":[[-3.331304,51.630407],[-3.33145,51.631054]]},"properties":{"@id":"way/575544124","gauge":"1435","maxspeed":"15 mph","operator":"Transport for Wales","operator:wikidata":"Q48740007","railway":"rail","service":"crossover"},"id":"way/575544124"},{"type":"Feature","geometry":{"type":"LineString","coordinates":[[-3.12769,51.594009],[-3.127844,51.594178],[-3.127929,51.59426],[-3.128165,51.59445],[-3.128412,51.594608],[-3.12867,51.594764],[-3.129018,51.594939],[-3.129278,51.59506],[-3.129464,51.595148],[-3.129857,51.595344],[-3.130033,51.595437],[-3.13034,51.595606],[-3.130576,51.595746],[-3.13099,51.595982],[-3.13119,51.5961],[-3.131438,51.59621],[-3.131983,51.59642],[-3.132479,51.596574],[-3.132959,51.596732],[-3.133501,51.59694],[-3.133946,51.597112],[-3.134107,51.597169],[-3.134266,51.597221],[-3.134408,51.597269],[-3.134715,51.597354],[-3.135062,51.597447],[-3.135448,51.597517],[-3.136257,51.597637],[-3.13704,51.597757]]},"properties":{"@id":"way/588471791","electrified":"no","gauge":"1435","maxspeed":"20 mph","name":"Bassaleg Junction and Rhymney Line","operator":"Network Rail","operator:wikidata":"Q1501071","railway":"rail","railway:aws":"yes","railway:bidirectional":"regular","railway:preferred_direction":"both","railway:tpws":"no","railway:traffic_mode":"freight","ref":"BJR","usage":"branch"},"id":"way/588471791"},{"type":"Feature","geometry":{"type":"LineString","coordinates":[[-3.127608,51.593887],[-3.12763,51.593921],[-3.12769,51.594009]]},"properties":{"@id":"way/588471794","bridge":"yes","electrified":"no","gauge":"1435","layer":"1","maxspeed":"20 mph","name":"Bassaleg Junction and Rhymney Line","operator":"Network Rail","operator:wikidata":"Q1501071","railway":"rail","railway:aws":"yes","railway:bidirectional":"regular","railway:preferred_direction":"both","railway:tpws":"no","railway:traffic_mode":"freight","ref":"BJR","usage":"branch"},"id":"way/588471794"},{"type":"Feature","geometry":{"type":"LineString","coordinates":[[-3.121478,51.590005],[-3.121752,51.590075],[-3.122048,51.590136],[-3.122371,51.590188],[-3.12276,51.590237],[-3.12299,51.590258],[-3.123226,51.590271],[-3.12351,51.590281],[-3.124054,51.590299],[-3.124282,51.590313],[-3.124532,51.590338],[-3.124764,51.590383],[-3.125162,51.590482],[-3.125324,51.590532],[-3.125544,51.59061],[-3.125945,51.590785],[-3.126204,51.590929],[-3.126545,51.591155],[-3.126686,51.591279],[-3.126847,51.591439],[-3.126965,51.591585],[-3.127073,51.591756],[-3.127182,51.592034],[-3.127223,51.592224],[-3.127262,51.592449],[-3.127284,51.592666],[-3.127316,51.59299],[-3.127344,51.593185],[-3.12739,51.593403],[-3.127431,51.593547],[-3.127512,51.593708],[-3.127608,51.593887]]},"properties":{"@id":"way/588471800","electrified":"no","gauge":"1435","maxspeed":"20 mph","name":"Bassaleg Junction and Rhymney Line","operator":"Network Rail","operator:wikidata":"Q1501071","railway":"rail","railway:aws":"yes","railway:bidirectional":"regular","railway:preferred_direction":"both","railway:tpws":"no","railway:traffic_mode":"freight","ref":"BJR","usage":"branch"},"id":"way/588471800"},{"type":"Feature","geometry":{"type":"LineString","coordinates":[[-3.121264,51.589946],[-3.121478,51.590005]]},"properties":{"@id":"way/588471803","bridge":"yes","electrified":"no","gauge":"1435","layer":"1","maxspeed":"20 mph","name":"Bassaleg Junction and Rhymney Line","operator":"Network Rail","operator:wikidata":"Q1501071","railway":"rail","railway:aws":"yes","railway:bidirectional":"regular","railway:preferred_direction":"both","railway:tpws":"no","railway:traffic_mode":"freight","ref":"BJR","usage":"branch"},"id":"way/588471803"},{"type":"Feature","geometry":{"type":"LineString","coordinates":[[-3.244208,51.636754],[-3.24428,51.636282]]},"properties":{"@id":"way/589643961","electrified":"no","gauge":"1435","maxspeed":"15 mph","operator":"Transport for Wales","operator:wikidata":"Q48740007","railway":"rail","service":"crossover","source":"NPE"},"id":"way/589643961"},{"type":"Feature","geometry":{"type":"LineString","coordinates":[[-3.242898,51.632819],[-3.243031,51.632936]]},"properties":{"@id":"way/589643962","bridge":"yes","electrified":"no","gauge":"1435","layer":"1","maxspeed":"15 mph","name":"Rhymney Line","operator":"Transport for Wales","operator:wikidata":"Q48740007","railway":"rail","ref":"CAR","service":"siding","usage":"branch"},"id":"way/589643962"},{"type":"Feature","geometry":{"type":"LineString","coordinates":[[-3.243083,51.632928],[-3.242963,51.632805]]},"properties":{"@id":"way/589643963","bridge":"yes","electrified":"contact_line","frequency":"50","gauge":"1435","layer":"1","maxspeed":"55 mph","name":"Rhymney Line","operator":"Transport for Wales","operator:wikidata":"Q48740007","passenger_lines":"2","railway":"rail","ref":"CAR","usage":"branch","voltage":"25000"},"id":"way/589643963"},{"type":"Feature","geometry":{"type":"LineString","coordinates":[[-3.243029,51.632795],[-3.243145,51.632915]]},"properties":{"@id":"way/589643964","bridge":"yes","electrified":"contact_line","frequency":"50","gauge":"1435","layer":"1","maxspeed":"55 mph","name":"Rhymney Line","operator":"Transport for Wales","operator:wikidata":"Q48740007","railway":"rail","ref":"CAR","usage":"branch","voltage":"25000"},"id":"way/589643964"},{"type":"Feature","geometry":{"type":"LineString","coordinates":[[-3.243145,51.632915],[-3.243403,51.63321],[-3.243698,51.633631],[-3.243848,51.63388],[-3.243978,51.634138],[-3.2441,51.634456],[-3.244248,51.634884],[-3.244356,51.635371],[-3.24438,51.635708],[-3.244368,51.636043]]},"properties":{"@id":"way/589643965","electrified":"contact_line","frequency":"50","gauge":"1435","maxspeed":"55 mph","name":"Up Rhymney","operator":"Transport for Wales","operator:wikidata":"Q48740007","railway":"rail","ref":"CAR","usage":"branch","voltage":"25000"},"id":"way/589643965"},{"type":"Feature","geometry":{"type":"LineString","coordinates":[[-3.244314,51.636043],[-3.24432,51.635711],[-3.244298,51.63537],[-3.244191,51.63489],[-3.244054,51.634467],[-3.243928,51.63415],[-3.243787,51.633877],[-3.243644,51.633639],[-3.243345,51.633228],[-3.243083,51.632928]]},"properties":{"@id":"way/589643966","electrified":"contact_line","frequency":"50","gauge":"1435","maxspeed":"55 mph","name":"Down Rhymney","operator":"Transport for Wales","operator:wikidata":"Q48740007","railway":"rail","ref":"CAR","usage":"branch","voltage":"25000"},"id":"way/589643966"},{"type":"Feature","geometry":{"type":"LineString","coordinates":[[-3.243031,51.632936],[-3.243291,51.633228],[-3.243577,51.633622],[-3.243748,51.633882],[-3.24388,51.634169],[-3.244007,51.634491],[-3.244144,51.634906],[-3.244249,51.63537],[-3.244285,51.635703],[-3.244314,51.636043]]},"properties":{"@id":"way/589643967","electrified":"no","gauge":"1435","maxspeed":"15 mph","name":"Down Rhymney Loop","operator":"Transport for Wales","operator:wikidata":"Q48740007","railway":"rail","ref":"CAR","service":"siding","usage":"branch"},"id":"way/589643967"},{"type":"Feature","geometry":{"type":"LineString","coordinates":[[-3.236527,51.628361],[-3.238701,51.629974]]},"properties":{"@id":"way/589643968","electrified":"contact_line","frequency":"50","gauge":"1435","maxspeed":"55 mph","name":"Rhymney Line","operator":"Transport for Wales","operator:wikidata":"Q48740007","passenger_lines":"2","railway":"rail","ref":"CAR","usage":"branch","voltage":"25000"},"id":"way/589643968"},{"type":"Feature","geometry":{"type":"LineString","coordinates":[[-3.242963,51.632805],[-3.242548,51.63244],[-3.242,51.632064],[-3.241369,51.631677],[-3.240269,51.631039],[-3.239251,51.630396],[-3.238354,51.629772],[-3.237724,51.629301],[-3.236465,51.628381]]},"properties":{"@id":"way/589643969","electrified":"contact_line","frequency":"50","gauge":"1435","maxspeed":"55 mph","name":"Rhymney Line","operator":"Transport for Wales","operator:wikidata":"Q48740007","passenger_lines":"2","railway":"rail","ref":"CAR","usage":"branch","voltage":"25000"},"id":"way/589643969"},{"type":"Feature","geometry":{"type":"LineString","coordinates":[[-3.236465,51.628381],[-3.236345,51.628293]]},"properties":{"@id":"way/589643970","bridge":"yes","electrified":"contact_line","frequency":"50","gauge":"1435","layer":"1","maxspeed":"55 mph","name":"Rhymney Line","operator":"Transport for Wales","operator:wikidata":"Q48740007","passenger_lines":"2","railway":"rail","ref":"CAR","usage":"branch","voltage":"25000"},"id":"way/589643970"},{"type":"Feature","geometry":{"type":"LineString","coordinates":[[-3.236402,51.628268],[-3.236527,51.628361]]},"properties":{"@id":"way/589643971","bridge":"yes","electrified":"contact_line","frequency":"50","gauge":"1435","layer":"1","maxspeed":"55 mph","name":"Rhymney Line","operator":"Transport for Wales","operator:wikidata":"Q48740007","passenger_lines":"2","railway":"rail","ref":"CAR","usage":"branch","voltage":"25000"},"id":"way/589643971"},{"type":"Feature","geometry":{"type":"LineString","coordinates":[[-3.232325,51.666757],[-3.232126,51.667277],[-3.231983,51.667624],[-3.231855,51.667872],[-3.231673,51.668189],[-3.231481,51.668488],[-3.231131,51.668977],[-3.230864,51.669298],[-3.23012,51.67009],[-3.229905,51.670304],[-3.229342,51.670866]]},"properties":{"@id":"way/589643972","electrified":"contact_line","frequency":"50","gauge":"1435","maxspeed":"60 mph","name":"Rhymney Line","operator":"Transport for Wales","operator:wikidata":"Q48740007","railway":"rail","ref":"CAR","usage":"branch","voltage":"25000"},"id":"way/589643972"},{"type":"Feature","geometry":{"type":"LineString","coordinates":[[-3.2293,51.67085],[-3.229513,51.670639],[-3.230073,51.670072],[-3.230498,51.66964],[-3.23082,51.669285],[-3.231083,51.668968],[-3.231295,51.668687],[-3.231488,51.66841],[-3.231634,51.66817],[-3.231839,51.667796],[-3.231955,51.66757],[-3.232077,51.667259],[-3.232271,51.666723]]},"properties":{"@id":"way/589643973","electrified":"contact_line","frequency":"50","gauge":"1435","maxspeed":"60 mph","name":"Rhymney Line","operator":"Transport for Wales","operator:wikidata":"Q48740007","railway":"rail","ref":"CAR","usage":"branch","voltage":"25000"},"id":"way/589643973"},{"type":"Feature","geometry":{"type":"LineString","coordinates":[[-3.232271,51.666723],[-3.232303,51.666606]]},"properties":{"@id":"way/589643974","bridge":"yes","electrified":"contact_line","frequency":"50","gauge":"1435","layer":"1","maxspeed":"60 mph","name":"Rhymney Line","operator":"Transport for Wales","operator:wikidata":"Q48740007","railway":"rail","ref":"CAR","usage":"branch","voltage":"25000"},"id":"way/589643974"},{"type":"Feature","geometry":{"type":"LineString","coordinates":[[-3.232356,51.666635],[-3.232325,51.666757]]},"properties":{"@id":"way/589643975","bridge":"yes","electrified":"contact_line","frequency":"50","gauge":"1435","layer":"1","maxspeed":"60 mph","name":"Rhymney Line","operator":"Transport for Wales","operator:wikidata":"Q48740007","railway":"rail","ref":"CAR","usage":"branch","voltage":"25000"},"id":"way/589643975"},{"type":"Feature","geometry":{"type":"LineString","coordinates":[[-3.357322,51.665836],[-3.357506,51.666228],[-3.357626,51.666596],[-3.357835,51.667618],[-3.357972,51.668012],[-3.358161,51.668375],[-3.358588,51.668915],[-3.359017,51.669371],[-3.359376,51.669683],[-3.359779,51.669987],[-3.360177,51.67024],[-3.360546,51.670451],[-3.360992,51.670655],[-3.361669,51.670932],[-3.364622,51.672002],[-3.365423,51.672312],[-3.366425,51.672735],[-3.367128,51.673077],[-3.367566,51.673347],[-3.368139,51.673751],[-3.369025,51.674415],[-3.369711,51.674861],[-3.370596,51.675382],[-3.371277,51.675789],[-3.371795,51.676171],[-3.372162,51.676492],[-3.372494,51.676809],[-3.372681,51.67696],[-3.372979,51.67735],[-3.37316,51.677718],[-3.373298,51.678151]]},"properties":{"@id":"way/606095211","electrified":"contact_line","frequency":"50","gauge":"1435","maxspeed":"50 mph","name":"Aberdare Branch","operator":"Transport for Wales","operator:wikidata":"Q48740007","passenger_lines":"1","railway":"rail","railway:track_ref":"Up","ref":"ABD","source":"OS_OpenData_StreetView","usage":"branch","voltage":"25000"},"id":"way/606095211"},{"type":"Feature","geometry":{"type":"LineString","coordinates":[[-3.357107,51.66551],[-3.357322,51.665836]]},"properties":{"@id":"way/606095219","bridge":"yes","electrified":"contact_line","frequency":"50","gauge":"1435","layer":"1","maxspeed":"50 mph","name":"Aberdare Branch","operator":"Transport for Wales","operator:wikidata":"Q48740007","passenger_lines":"1","railway":"rail","ref":"ABD","source":"OS_OpenData_StreetView","usage":"branch","voltage":"25000"},"id":"way/606095219"},{"type":"Feature","geometry":{"type":"LineString","coordinates":[[-3.165828,51.478721],[-3.166309,51.478587],[-3.167459,51.478265],[-3.167807,51.47817],[-3.167945,51.478131],[-3.168519,51.477974],[-3.16889,51.477886],[-3.169301,51.477792]]},"properties":{"@id":"way/609753726","electrified":"contact_line","frequency":"50","gauge":"1435","maxspeed":"40 mph","name":"South Wales Main Line","name:br":"Linenn Pennañ Su Kembre","name:cy":"Prif Linell De Cymru","operator":"Network Rail","operator:wikidata":"Q1501071","railway":"rail","ref":"SWM2","usage":"main","voltage":"25000"},"id":"way/609753726"},{"type":"Feature","geometry":{"type":"LineString","coordinates":[[-3.126816,51.501177],[-3.12841,51.50067],[-3.129156,51.500433],[-3.13026,51.50009],[-3.130877,51.499898],[-3.131383,51.499738],[-3.132121,51.499505],[-3.132939,51.49924],[-3.133631,51.499011],[-3.134185,51.498807],[-3.134708,51.49861],[-3.135502,51.498293],[-3.135751,51.498178]]},"properties":{"@id":"way/609753727","electrified":"contact_line","frequency":"50","gauge":"1435","maxspeed":"95 mph","name":"South Wales Main Line","name:br":"Linenn Pennañ Su Kembre","name:cy":"Prif Linell De Cymru","operator":"Network Rail","operator:wikidata":"Q1501071","passenger_lines":"4","railway":"rail","railway:track_ref":"Down Main","ref":"SWM2","usage":"main","voltage":"25000"},"id":"way/609753727"},{"type":"Feature","geometry":{"type":"LineString","coordinates":[[-3.131173,51.499723],[-3.131659,51.499567],[-3.132128,51.499415],[-3.132651,51.499246],[-3.133094,51.499099],[-3.133442,51.498984],[-3.133641,51.498912],[-3.134079,51.498755],[-3.134337,51.498662],[-3.134409,51.498634],[-3.134629,51.498549],[-3.134863,51.498456],[-3.135313,51.498272],[-3.135701,51.498095]]},"properties":{"@id":"way/609753728","electrified":"contact_line","frequency":"50","gauge":"1435","maxspeed":"40 mph","name":"South Wales Main Line","name:br":"Linenn Pennañ Su Kembre","name:cy":"Prif Linell De Cymru","operator":"Network Rail","operator:wikidata":"Q1501071","passenger_lines":"4","railway":"rail","railway:track_ref":"Down Relief","ref":"SWM2","usage":"main","voltage":"25000"},"id":"way/609753728"},{"type":"Feature","geometry":{"type":"LineString","coordinates":[[-3.006493,51.564231],[-3.006548,51.563762]]},"properties":{"@id":"way/609753729","electrified":"contact_line","frequency":"50","gauge":"1435","maxspeed":"40 mph","name":"South Wales Main Line","name:br":"Linenn Pennañ Su Kembre","name:cy":"Prif Linell De Cymru","operator":"Network Rail","operator:wikidata":"Q1501071","railway":"rail","ref":"SWM2","service":"crossover","voltage":"25000"},"id":"way/609753729"},{"type":"Feature","geometry":{"type":"LineString","coordinates":[[-3.00657,51.56634],[-3.00653,51.566035],[-3.00646,51.565513],[-3.006437,51.565268]]},"properties":{"@id":"way/609753732","electrified":"contact_line","frequency":"50","gauge":"1435","maxspeed":"40 mph","name":"South Wales Main Line","name:br":"Linenn Pennañ Su Kembre","name:cy":"Prif Linell De Cymru","operator":"Network Rail","operator:wikidata":"Q1501071","passenger_lines":"4","railway":"rail","ref":"SWM2","usage":"main","voltage":"25000"},"id":"way/609753732"},{"type":"Feature","geometry":{"type":"LineString","coordinates":[[-3.006497,51.565269],[-3.006507,51.564589]]},"properties":{"@id":"way/609753736","electrified":"contact_line","frequency":"50","gauge":"1435","maxspeed":"40 mph","name":"South Wales Main Line","operator":"Network Rail","operator:wikidata":"Q1501071","railway":"rail","ref":"SWM2","service":"crossover","voltage":"25000"},"id":"way/609753736"},{"type":"Feature","geometry":{"type":"LineString","coordinates":[[-3.00653,51.566035],[-3.006525,51.565582]]},"properties":{"@id":"way/609753740","electrified":"contact_line","frequency":"50","gauge":"1435","maxspeed":"40 mph","name":"South Wales Main Line","name:br":"Linenn Pennañ Su Kembre","name:cy":"Prif Linell De Cymru","operator":"Network Rail","operator:wikidata":"Q1501071","railway":"rail","ref":"SWM2","service":"crossover","voltage":"25000"},"id":"way/609753740"},{"type":"Feature","geometry":{"type":"LineString","coordinates":[[-3.006773,51.567153],[-3.006929,51.567591]]},"properties":{"@id":"way/609753744","electrified":"contact_line","frequency":"50","gauge":"1435","name":"South Wales Main Line","name:br":"Linenn Pennañ Su Kembre","name:cy":"Prif Linell De Cymru","operator":"Network Rail","operator:wikidata":"Q1501071","railway":"rail","ref":"SWM2","service":"crossover","voltage":"25000"},"id":"way/609753744"},{"type":"Feature","geometry":{"type":"LineString","coordinates":[[-3.006848,51.567594],[-3.006716,51.567161]]},"properties":{"@id":"way/609753748","electrified":"contact_line","frequency":"50","gauge":"1435","name":"South Wales Main Line","name:br":"Linenn Pennañ Su Kembre","name:cy":"Prif Linell De Cymru","operator":"Network Rail","operator:wikidata":"Q1501071","railway":"rail","ref":"SWM2","service":"crossover","voltage":"25000"},"id":"way/609753748"},{"type":"Feature","geometry":{"type":"LineString","coordinates":[[-3.007225,51.568826],[-3.00704,51.568168]]},"properties":{"@id":"way/609753750","electrified":"contact_line","frequency":"50","gauge":"1435","name":"South Wales Main Line","name:br":"Linenn Pennañ Su Kembre","name:cy":"Prif Linell De Cymru","operator":"Network Rail","operator:wikidata":"Q1501071","railway":"rail","ref":"SWM2","service":"crossover","voltage":"25000"},"id":"way/609753750"},{"type":"Feature","geometry":{"type":"LineString","coordinates":[[-3.006954,51.568181],[-3.007169,51.568827]]},"properties":{"@id":"way/609753752","electrified":"contact_line","frequency":"50","gauge":"1435","name":"South Wales Main Line","name:br":"Linenn Pennañ Su Kembre","name:cy":"Prif Linell De Cymru","operator":"Network Rail","operator:wikidata":"Q1501071","railway":"rail","ref":"SWM2","service":"crossover","voltage":"25000"},"id":"way/609753752"},{"type":"Feature","geometry":{"type":"LineString","coordinates":[[-3.007952,51.576271],[-3.008008,51.575988],[-3.008052,51.575651]]},"properties":{"@id":"way/609753753","electrified":"contact_line","frequency":"50","gauge":"1435","maxspeed":"40 mph","name":"South Wales Main Line","operator":"Network Rail","operator:wikidata":"Q1501071","railway":"rail","ref":"SWM2","service":"crossover","voltage":"25000"},"id":"way/609753753"},{"type":"Feature","geometry":{"type":"LineString","coordinates":[[-3.006493,51.579044],[-3.00619,51.579472]]},"properties":{"@id":"way/609753754","electrified":"contact_line","frequency":"50","gauge":"1435","maxspeed":"40 mph","name":"South Wales Main Line","operator":"Network Rail","operator:wikidata":"Q1501071","railway":"rail","ref":"SWM2","service":"crossover","voltage":"25000"},"id":"way/609753754"},{"type":"Feature","geometry":{"type":"LineString","coordinates":[[-3.00157,51.5877],[-3.001732,51.587449],[-3.001935,51.587102],[-3.002081,51.586857],[-3.002558,51.586102]]},"properties":{"@id":"way/609753755","electrified":"contact_line","frequency":"50","gauge":"1435","maxspeed":"20 mph","name":"South Wales Main Line","name:br":"Linenn Pennañ Su Kembre","name:cy":"Prif Linell De Cymru","operator":"Network Rail","operator:wikidata":"Q1501071","railway":"rail","railway:aws":"yes","railway:tpws":"yes","railway:track_ref":"DM","ref":"SWM2","usage":"main","voltage":"25000"},"id":"way/609753755"},{"type":"Feature","geometry":{"type":"LineString","coordinates":[[-3.00157,51.5877],[-3.001779,51.587274]]},"properties":{"@id":"way/609753756","electrified":"contact_line","frequency":"50","gauge":"1435","maxspeed":"20 mph","name":"South Wales Main Line","name:br":"Linenn Pennañ Su Kembre","name:cy":"Prif Linell De Cymru","operator":"Network Rail","operator:wikidata":"Q1501071","railway":"rail","railway:aws":"yes","railway:tpws":"yes","ref":"SWM2","usage":"main","voltage":"25000"},"id":"way/609753756"},{"type":"Feature","geometry":{"type":"LineString","coordinates":[[-2.99648,51.590887],[-2.996551,51.59086],[-2.996972,51.590688],[-2.997406,51.590487]]},"properties":{"@id":"way/609753757","electrified":"contact_line","frequency":"50","gauge":"1435","maxspeed":"30 mph","name":"South Wales Main Line","name:br":"Linenn Pennañ Su Kembre","name:cy":"Prif Linell De Cymru","operator":"Network Rail","operator:wikidata":"Q1501071","railway":"rail","railway:aws":"yes","railway:tpws":"yes","railway:track_ref":"DM","ref":"SWM2","tracks":"2","usage":"main","voltage":"25000"},"id":"way/609753757"},{"type":"Feature","geometry":{"type":"LineString","coordinates":[[-2.98537,51.591117],[-2.985266,51.591074],[-2.985172,51.591032],[-2.985082,51.590989],[-2.984841,51.590862],[-2.984757,51.590817],[-2.984623,51.590756]]},"properties":{"@id":"way/609753769","electrified":"contact_line","frequency":"50","gauge":"1435","maxspeed":"20 mph","name":"South Wales Main Line","name:br":"Linenn Pennañ Su Kembre","name:cy":"Prif Linell De Cymru","operator":"Network Rail","operator:wikidata":"Q1501071","railway":"rail","railway:aws":"yes","railway:tpws":"yes","ref":"SWM2","service":"crossover","voltage":"25000"},"id":"way/609753769"},{"type":"Feature","geometry":{"type":"LineString","coordinates":[[-3.410493,51.614201],[-3.410923,51.614374],[-3.411632,51.614619],[-3.412378,51.61482],[-3.41279,51.614911],[-3.413205,51.614984],[-3.413674,51.615052],[-3.414116,51.615101],[-3.414777,51.61516],[-3.415439,51.615191],[-3.416301,51.61519],[-3.417121,51.615129],[-3.418038,51.615027],[-3.418862,51.614932],[-3.419576,51.61491],[-3.420379,51.614941],[-3.421148,51.61508],[-3.421897,51.615299],[-3.422957,51.615687],[-3.423806,51.615999],[-3.424573,51.616218],[-3.425401,51.616399],[-3.42635,51.616567],[-3.427913,51.616749],[-3.428653,51.616801],[-3.429327,51.616801],[-3.430109,51.616721],[-3.430967,51.61661],[-3.431543,51.616532],[-3.432118,51.6165],[-3.432878,51.616504],[-3.433431,51.616545],[-3.433864,51.61661],[-3.434432,51.616711],[-3.435042,51.616853],[-3.436051,51.617118],[-3.436659,51.617279],[-3.4371,51.617391],[-3.437483,51.617486],[-3.437957,51.617588],[-3.438387,51.61767]]},"properties":{"@id":"way/614966947","electrified":"contact_line","frequency":"50","gauge":"1435","maxspeed":"40 mph","name":"Rhondda Line","operator":"Transport for Wales","operator:wikidata":"Q48740007","railway":"rail","ref":"THT","source":"OS_OpenData_StreetView","usage":"branch","voltage":"25000"},"id":"way/614966947"},{"type":"Feature","geometry":{"type":"LineString","coordinates":[[-3.410264,51.614104],[-3.410493,51.614201]]},"properties":{"@id":"way/614966948","bridge":"yes","electrified":"contact_line","frequency":"50","gauge":"1435","layer":"1","maxspeed":"40 mph","name":"Rhondda Line","operator":"Transport for Wales","operator:wikidata":"Q48740007","railway":"rail","ref":"THT","source":"OS_OpenData_StreetView","usage":"branch","voltage":"25000"},"id":"way/614966948"},{"type":"Feature","geometry":{"type":"LineString","coordinates":[[-3.410264,51.614066],[-3.410492,51.614161]]},"properties":{"@id":"way/614966949","bridge":"yes","electrified":"contact_line","frequency":"50","gauge":"1435","layer":"1","maxspeed":"40 mph","name":"Rhondda Line","operator":"Transport for Wales","operator:wikidata":"Q48740007","railway":"rail","ref":"THT","source":"OS_OpenData_StreetView","usage":"branch","voltage":"25000"},"id":"way/614966949"},{"type":"Feature","geometry":{"type":"LineString","coordinates":[[-3.410492,51.614161],[-3.410956,51.614339],[-3.411661,51.614583],[-3.412411,51.614775],[-3.413002,51.614909],[-3.413712,51.61501],[-3.414127,51.615059],[-3.414785,51.615115],[-3.415443,51.61515],[-3.416298,51.615145],[-3.417104,51.615083],[-3.418023,51.614987],[-3.418853,51.614893],[-3.419573,51.614873],[-3.420392,51.614901],[-3.421171,51.615042],[-3.421927,51.615263],[-3.42299,51.615653],[-3.423836,51.615963],[-3.424597,51.616181],[-3.425421,51.61636],[-3.426365,51.616527],[-3.427922,51.616709],[-3.428657,51.61676],[-3.429322,51.61676],[-3.430096,51.616681],[-3.430935,51.616584],[-3.431514,51.616505],[-3.432103,51.616468],[-3.432861,51.616474],[-3.433609,51.616537],[-3.434329,51.616657],[-3.435161,51.616842],[-3.436525,51.617208],[-3.437384,51.617414],[-3.437981,51.617557],[-3.438406,51.617631],[-3.43864,51.617668],[-3.438935,51.617702],[-3.439542,51.617758],[-3.440813,51.617833]]},"properties":{"@id":"way/614966950","electrified":"contact_line","frequency":"50","gauge":"1435","maxspeed":"40 mph","name":"Rhondda Line","operator":"Transport for Wales","operator:wikidata":"Q48740007","railway":"rail","ref":"THT","source":"OS_OpenData_StreetView","usage":"branch","voltage":"25000"},"id":"way/614966950"},{"type":"Feature","geometry":{"type":"LineString","coordinates":[[-3.152406,51.463706],[-3.151971,51.463884],[-3.151614,51.464029],[-3.151039,51.464246],[-3.150827,51.464327],[-3.150741,51.464366],[-3.15054,51.464465],[-3.150316,51.464576],[-3.150113,51.464683],[-3.149872,51.464808],[-3.149692,51.464896],[-3.149518,51.464974]]},"properties":{"@id":"way/624797112","electrified":"no","gauge":"1435","railway":"rail","railway:traffic_mode":"freight","service":"spur"},"id":"way/624797112"},{"type":"Feature","geometry":{"type":"LineString","coordinates":[[-3.343302,51.600839],[-3.343328,51.60097],[-3.343362,51.601166]]},"properties":{"@id":"way/655651160","electrified":"no","gauge":"1435","maxspeed":"20 mph","name":"Cardiff and Merthyr Line","operator":"Transport for Wales","operator:wikidata":"Q48740007","railway":"rail","ref":"CAM","source":"OS_OpenData_StreetView","usage":"branch"},"id":"way/655651160"},{"type":"Feature","geometry":{"type":"LineString","coordinates":[[-3.343353,51.600833],[-3.343415,51.601162]]},"properties":{"@id":"way/655651161","electrified":"no","gauge":"1435","maxspeed":"20 mph","name":"Cardiff and Merthyr Line","operator":"Transport for Wales","operator:wikidata":"Q48740007","railway":"rail","ref":"CAM","source":"OS_OpenData_StreetView","usage":"branch"},"id":"way/655651161"},{"type":"Feature","geometry":{"type":"LineString","coordinates":[[-3.34338,51.601251],[-3.343427,51.601504]]},"properties":{"@id":"way/655651162","electrified":"no","gauge":"1435","maxspeed":"20 mph","name":"Cardiff and Merthyr Line","operator":"Transport for Wales","operator:wikidata":"Q48740007","railway":"rail","ref":"CAM","source":"OS_OpenData_StreetView","usage":"branch"},"id":"way/655651162"},{"type":"Feature","geometry":{"type":"LineString","coordinates":[[-3.343362,51.601166],[-3.34338,51.601251]]},"properties":{"@id":"way/655651163","bridge":"yes","electrified":"no","gauge":"1435","layer":"1","maxspeed":"20 mph","name":"Cardiff and Merthyr Line","operator":"Transport for Wales","operator:wikidata":"Q48740007","railway":"rail","ref":"CAM","source":"OS_OpenData_StreetView","usage":"branch"},"id":"way/655651163"},{"type":"Feature","geometry":{"type":"LineString","coordinates":[[-3.343429,51.601248],[-3.343454,51.601382],[-3.343477,51.601501]]},"properties":{"@id":"way/655651164","electrified":"no","gauge":"1435","maxspeed":"20 mph","name":"Cardiff and Merthyr Line","operator":"Transport for Wales","operator:wikidata":"Q48740007","railway":"rail","ref":"CAM","source":"OS_OpenData_StreetView","usage":"branch"},"id":"way/655651164"},{"type":"Feature","geometry":{"type":"LineString","coordinates":[[-3.343415,51.601162],[-3.343429,51.601248]]},"properties":{"@id":"way/655651165","bridge":"yes","electrified":"no","gauge":"1435","layer":"1","maxspeed":"20 mph","name":"Cardiff and Merthyr Line","operator":"Transport for Wales","operator:wikidata":"Q48740007","railway":"rail","ref":"CAM","source":"OS_OpenData_StreetView","usage":"branch"},"id":"way/655651165"},{"type":"Feature","geometry":{"type":"LineString","coordinates":[[-3.343427,51.601504],[-3.343494,51.601903],[-3.34352,51.602081],[-3.343535,51.602199]]},"properties":{"@id":"way/655651166","bridge":"yes","electrified":"no","gauge":"1435","layer":"2","maxspeed":"20 mph","name":"Cardiff and Merthyr Line","operator":"Transport for Wales","operator:wikidata":"Q48740007","railway":"rail","ref":"CAM","source":"OS_OpenData_StreetView","usage":"branch"},"id":"way/655651166"},{"type":"Feature","geometry":{"type":"LineString","coordinates":[[-3.343477,51.601501],[-3.343545,51.601892],[-3.343571,51.602078],[-3.343588,51.60221]]},"properties":{"@id":"way/655651167","bridge":"yes","electrified":"no","gauge":"1435","layer":"2","maxspeed":"50 mph","name":"Cardiff and Merthyr Line","operator":"Transport for Wales","operator:wikidata":"Q48740007","railway":"rail","ref":"CAM","source":"OS_OpenData_StreetView","usage":"branch"},"id":"way/655651167"},{"type":"Feature","geometry":{"type":"LineString","coordinates":[[-3.336456,51.610869],[-3.336352,51.610912]]},"properties":{"@id":"way/656981664","bridge":"yes","electrified":"contact_line","frequency":"50","gauge":"1435","layer":"1","maxspeed":"50 mph","name":"Cardiff and Merthyr Line","operator":"Transport for Wales","operator:wikidata":"Q48740007","railway":"rail","ref":"CAM","source":"OS_OpenData_StreetView","usage":"branch","voltage":"25000"},"id":"way/656981664"},{"type":"Feature","geometry":{"type":"LineString","coordinates":[[-3.343588,51.60221],[-3.343604,51.602609],[-3.343548,51.602884],[-3.343434,51.603236],[-3.343337,51.603412],[-3.343214,51.603635],[-3.342808,51.604157],[-3.342399,51.604569],[-3.341955,51.604906],[-3.341431,51.605222],[-3.34066,51.605651],[-3.340176,51.605996],[-3.339722,51.606393],[-3.339382,51.606774],[-3.339045,51.607202],[-3.338804,51.607593],[-3.338537,51.608138],[-3.338051,51.609351],[-3.337833,51.609751],[-3.337523,51.610136],[-3.337162,51.610456],[-3.336782,51.610694],[-3.336619,51.610786],[-3.336456,51.610869]]},"properties":{"@id":"way/656981667","electrified":"contact_line","frequency":"50","gauge":"1435","maxspeed":"50 mph","name":"Cardiff and Merthyr Line","operator":"Transport for Wales","operator:wikidata":"Q48740007","railway":"rail","ref":"CAM","source":"OS_OpenData_StreetView","usage":"branch","voltage":"25000"},"id":"way/656981667"},{"type":"Feature","geometry":{"type":"LineString","coordinates":[[-3.336416,51.610836],[-3.336314,51.610879]]},"properties":{"@id":"way/656981671","bridge":"yes","electrified":"contact_line","frequency":"50","gauge":"1435","layer":"1","maxspeed":"50 mph","name":"Cardiff and Merthyr Line","operator":"Transport for Wales","operator:wikidata":"Q48740007","railway":"rail","ref":"CAM","source":"OS_OpenData_StreetView","usage":"branch","voltage":"25000"},"id":"way/656981671"},{"type":"Feature","geometry":{"type":"LineString","coordinates":[[-3.343535,51.602199],[-3.343539,51.602607],[-3.343484,51.602877],[-3.343371,51.603225],[-3.343153,51.603619],[-3.343034,51.603773],[-3.34275,51.604137],[-3.342346,51.604546],[-3.341906,51.604879],[-3.341386,51.605192],[-3.340613,51.605622],[-3.340125,51.605971],[-3.339666,51.606371],[-3.339324,51.606755],[-3.338985,51.607186],[-3.338742,51.607579],[-3.338474,51.608127],[-3.337988,51.609339],[-3.337772,51.609735],[-3.337467,51.610115],[-3.337236,51.610319],[-3.337112,51.61043],[-3.336743,51.610663],[-3.336577,51.610754],[-3.336416,51.610836]]},"properties":{"@id":"way/656981675","electrified":"contact_line","frequency":"50","gauge":"1435","maxspeed":"50 mph","name":"Cardiff and Merthyr Line","operator":"Transport for Wales","operator:wikidata":"Q48740007","railway":"rail","ref":"CAM","source":"OS_OpenData_StreetView","usage":"branch","voltage":"25000"},"id":"way/656981675"},{"type":"Feature","geometry":{"type":"LineString","coordinates":[[-3.475518,51.645233],[-3.474027,51.645024],[-3.470943,51.644595],[-3.469647,51.644374],[-3.468839,51.644197]]},"properties":{"@id":"way/660266193","electrified":"contact_line","frequency":"50","gauge":"1435","maxspeed":"50 mph","name":"Rhondda Line","operator":"Transport for Wales","operator:wikidata":"Q48740007","railway":"rail","ref":"THT","source":"OS_OpenData_StreetView","usage":"branch","voltage":"25000"},"id":"way/660266193"},{"type":"Feature","geometry":{"type":"LineString","coordinates":[[-3.467947,51.643952],[-3.467612,51.64385]]},"properties":{"@id":"way/660266194","bridge":"yes","electrified":"contact_line","frequency":"50","gauge":"1435","layer":"1","maxspeed":"40 mph","name":"Rhondda Line","operator":"Transport for Wales","operator:wikidata":"Q48740007","railway":"rail","ref":"THT","usage":"branch","voltage":"25000"},"id":"way/660266194"},{"type":"Feature","geometry":{"type":"LineString","coordinates":[[-3.467612,51.64385],[-3.466774,51.643583],[-3.466562,51.643515],[-3.465271,51.643074]]},"properties":{"@id":"way/660266195","electrified":"contact_line","frequency":"50","gauge":"1435","maxspeed":"40 mph","name":"Rhondda Line","operator":"Transport for Wales","operator:wikidata":"Q48740007","railway":"rail","ref":"THT","usage":"branch","voltage":"25000"},"id":"way/660266195"},{"type":"Feature","geometry":{"type":"LineString","coordinates":[[-3.467614,51.643811],[-3.467961,51.64392]]},"properties":{"@id":"way/660266196","bridge":"yes","electrified":"contact_line","frequency":"50","gauge":"1435","layer":"1","maxspeed":"40 mph","name":"Rhondda Line","operator":"Transport for Wales","operator:wikidata":"Q48740007","railway":"rail","ref":"THT","source":"OS_OpenData_StreetView","usage":"branch","voltage":"25000"},"id":"way/660266196"},{"type":"Feature","geometry":{"type":"LineString","coordinates":[[-3.170384,51.479133],[-3.170327,51.479264]]},"properties":{"@id":"way/693326995","electrified":"no","embankment":"yes","gauge":"1435","maxspeed":"25 mph","name":"Valley Lines","operator":"Transport for Wales","operator:wikidata":"Q48740007","passenger_lines":"3","railway":"rail","ref":"CAM","source":"npe","usage":"branch"},"id":"way/693326995"},{"type":"Feature","geometry":{"type":"LineString","coordinates":[[-3.184114,51.475762],[-3.183653,51.475726],[-3.183162,51.475703]]},"properties":{"@id":"way/703359728","electrified":"contact_line","frequency":"50","gauge":"1435","maxspeed":"15 mph","name":"South Wales Main Line","name:br":"Linenn Pennañ Su Kembre","name:cy":"Prif Linell De Cymru","name:en":"South Wales Main Line","operator":"Network Rail","operator:wikidata":"Q1501071","railway":"rail","ref":"SWM2","usage":"main","voltage":"25000"},"id":"way/703359728"},{"type":"Feature","geometry":{"type":"LineString","coordinates":[[-3.184976,51.475788],[-3.183299,51.475665],[-3.183159,51.47566]]},"properties":{"@id":"way/703359729","electrified":"contact_line","frequency":"50","gauge":"1435","maxspeed":"30 mph","name":"South Wales Main Line","name:br":"Linenn Pennañ Su Kembre","name:cy":"Prif Linell De Cymru","name:en":"South Wales Main Line","operator":"Network Rail","operator:wikidata":"Q1501071","railway":"rail","ref":"SWM2","usage":"main","voltage":"25000"},"id":"way/703359729"},{"type":"Feature","geometry":{"type":"LineString","coordinates":[[-3.211347,51.479941],[-3.210496,51.479713],[-3.210116,51.479615],[-3.209459,51.479444],[-3.209235,51.47938],[-3.208676,51.479222],[-3.208347,51.479127],[-3.208002,51.479035],[-3.20752,51.478907],[-3.207332,51.478858]]},"properties":{"@id":"way/703359730","electrified":"no","gauge":"1435","maxspeed":"75 mph","name":"South Wales Main Line","name:br":"Linenn Pennañ Su Kembre","name:cy":"Prif Linell De Cymru","name:en":"South Wales Main Line","operator":"Network Rail","operator:wikidata":"Q1501071","railway":"rail","ref":"SWM2","usage":"main"},"id":"way/703359730"},{"type":"Feature","geometry":{"type":"LineString","coordinates":[[-3.002558,51.586102],[-3.002673,51.585906]]},"properties":{"@id":"way/703359739","electrified":"contact_line","frequency":"50","gauge":"1435","name":"South Wales Main Line","name:br":"Linenn Pennañ Su Kembre","name:cy":"Prif Linell De Cymru","operator":"Network Rail","operator:wikidata":"Q1501071","railway":"rail","railway:aws":"yes","railway:tpws":"yes","railway:track_ref":"DM","ref":"SWM2","usage":"main","voltage":"25000"},"id":"way/703359739"},{"type":"Feature","geometry":{"type":"LineString","coordinates":[[-2.997697,51.590407],[-2.997477,51.590497],[-2.997134,51.590655],[-2.996985,51.590717],[-2.996504,51.590909]]},"properties":{"@id":"way/703359742","electrified":"contact_line","frequency":"50","gauge":"1435","name":"South Wales Main Line","name:br":"Linenn Pennañ Su Kembre","name:cy":"Prif Linell De Cymru","operator":"Network Rail","operator:wikidata":"Q1501071","railway":"rail","railway:aws":"yes","railway:tpws":"yes","railway:track_ref":"UM","ref":"SWM2","usage":"main","voltage":"25000"},"id":"way/703359742"},{"type":"Feature","geometry":{"type":"LineString","coordinates":[[-2.998122,51.590257],[-2.998011,51.59029],[-2.997694,51.59038],[-2.997551,51.590431],[-2.997406,51.590487]]},"properties":{"@id":"way/703359743","electrified":"contact_line","frequency":"50","gauge":"1435","maxspeed":"20 mph","name":"South Wales Main Line","name:br":"Linenn Pennañ Su Kembre","name:cy":"Prif Linell De Cymru","operator":"Network Rail","operator:wikidata":"Q1501071","railway":"rail","railway:aws":"yes","railway:tpws":"yes","ref":"SWM2","tracks":"2","usage":"main","voltage":"25000"},"id":"way/703359743"},{"type":"Feature","geometry":{"type":"LineString","coordinates":[[-3.002193,51.586801],[-3.002558,51.586102]]},"properties":{"@id":"way/703359744","electrified":"contact_line","frequency":"50","gauge":"1435","name":"South Wales Main Line","name:br":"Linenn Pennañ Su Kembre","name:cy":"Prif Linell De Cymru","operator":"Network Rail","operator:wikidata":"Q1501071","railway":"rail","railway:aws":"yes","railway:tpws":"yes","ref":"SWM2","usage":"main","voltage":"25000"},"id":"way/703359744"},{"type":"Feature","geometry":{"type":"LineString","coordinates":[[-3.002715,51.585917],[-3.002385,51.586534]]},"properties":{"@id":"way/703359745","electrified":"contact_line","frequency":"50","gauge":"1435","name":"South Wales Main Line","name:br":"Linenn Pennañ Su Kembre","name:cy":"Prif Linell De Cymru","operator":"Network Rail","operator:wikidata":"Q1501071","railway":"rail","railway:aws":"yes","railway:tpws":"yes","railway:track_ref":"UM","ref":"SWM2","usage":"main","voltage":"25000"},"id":"way/703359745"},{"type":"Feature","geometry":{"type":"LineString","coordinates":[[-2.93686,51.581734],[-2.935796,51.581685],[-2.935015,51.581651],[-2.934621,51.581634],[-2.932587,51.581546],[-2.929078,51.581396],[-2.928021,51.58135],[-2.923939,51.581174],[-2.921345,51.581058],[-2.91756,51.580914],[-2.915214,51.580823],[-2.912692,51.580718],[-2.910498,51.580623],[-2.909069,51.580539],[-2.908198,51.580499],[-2.904959,51.580348],[-2.903044,51.580259],[-2.900458,51.580148],[-2.8972,51.580006],[-2.89345,51.579839],[-2.892735,51.579812],[-2.891369,51.579747],[-2.889926,51.579683],[-2.889601,51.579669],[-2.887434,51.579575],[-2.887341,51.579571],[-2.885246,51.579478],[-2.883604,51.579409],[-2.880655,51.579276],[-2.880333,51.57927],[-2.879811,51.579296],[-2.879317,51.579365],[-2.877831,51.579624],[-2.877111,51.579744],[-2.876568,51.579823],[-2.87622,51.579862],[-2.876016,51.579876],[-2.875831,51.579888],[-2.875399,51.579895]]},"properties":{"@id":"way/751139609","alt_name":"Llanwern (Spencer) Steelworks","electrified":"no","gauge":"1435","maxspeed":"15 mph","name":"Up Service Line","railway":"rail","service":"spur","tracks":"2"},"id":"way/751139609"},{"type":"Feature","geometry":{"type":"LineString","coordinates":[[-2.938487,51.581772],[-2.939313,51.581806],[-2.939775,51.58183],[-2.939895,51.581836],[-2.940295,51.581881],[-2.940509,51.581914],[-2.940692,51.581949],[-2.940944,51.582002],[-2.941266,51.582094],[-2.941555,51.582194],[-2.942116,51.582422],[-2.942529,51.582594],[-2.942762,51.582666],[-2.942979,51.582722],[-2.94321,51.582769],[-2.943519,51.582817],[-2.943838,51.582854]]},"properties":{"@id":"way/751139610","alt_name":"Llanwern (Spencer) Steelworks","electrified":"no","gauge":"1435","maxspeed":"15 mph","name":"Down Service Line","railway":"rail","service":"spur"},"id":"way/751139610"},{"type":"Feature","geometry":{"type":"LineString","coordinates":[[-3.181741,51.475308],[-3.182061,51.475312],[-3.182418,51.475317],[-3.182541,51.47532],[-3.1827,51.47533],[-3.182912,51.475348],[-3.183144,51.475363]]},"properties":{"@id":"way/764352261","bridge":"yes","electrified":"no","gauge":"1435","layer":"1","maxspeed":"15 mph","name":"Down Barry Loop","operator":"Network Rail","operator:wikidata":"Q1501071","railway":"rail","ref":"SWM2","usage":"branch"},"id":"way/764352261"},{"type":"Feature","geometry":{"type":"LineString","coordinates":[[-3.177524,51.475489],[-3.177695,51.475452],[-3.177863,51.475416],[-3.177976,51.475396],[-3.178131,51.475371],[-3.178296,51.475351],[-3.17846,51.475335],[-3.178675,51.475318],[-3.178951,51.475302],[-3.179218,51.475291],[-3.179554,51.475282],[-3.179913,51.475276],[-3.180379,51.47528],[-3.180788,51.47529],[-3.181204,51.475301],[-3.181741,51.475308]]},"properties":{"@id":"way/764352262","electrified":"no","gauge":"1435","maxspeed":"15 mph","name":"Down Barry Loop","operator":"Network Rail","operator:wikidata":"Q1501071","railway":"rail","ref":"SWM2","usage":"branch"},"id":"way/764352262"},{"type":"Feature","geometry":{"type":"LineString","coordinates":[[-3.182061,51.475312],[-3.182512,51.475349]]},"properties":{"@id":"way/764353191","bridge":"yes","electrified":"no","gauge":"1435","layer":"1","maxspeed":"15 mph","operator":"Network Rail","operator:wikidata":"Q1501071","railway":"rail","service":"crossover"},"id":"way/764353191"},{"type":"Feature","geometry":{"type":"LineString","coordinates":[[-3.183144,51.475363],[-3.185119,51.475514],[-3.18601,51.475581]]},"properties":{"@id":"way/764353192","electrified":"no","gauge":"1435","maxspeed":"15 mph","name":"Down Barry Loop","operator":"Network Rail","operator:wikidata":"Q1501071","railway":"rail","ref":"SWM2","usage":"branch"},"id":"way/764353192"},{"type":"Feature","geometry":{"type":"LineString","coordinates":[[-3.170027,51.480033],[-3.170016,51.480178],[-3.170004,51.480298],[-3.169989,51.480402],[-3.169949,51.480642]]},"properties":{"@id":"way/764357134","electrified":"no","gauge":"1435","name":"Cardiff Bay Branch","operator":"Transport for Wales","operator:wikidata":"Q48740007","passenger_lines":"4","railway":"rail","ref":"CAM","source":"OS 1:25k","usage":"branch"},"id":"way/764357134"},{"type":"Feature","geometry":{"type":"LineString","coordinates":[[-3.170631,51.478632],[-3.170502,51.47888],[-3.170384,51.479133]]},"properties":{"@id":"way/764361022","electrified":"no","embankment":"yes","gauge":"1435","maxspeed":"25 mph","name":"Cardiff Bay Branch","operator":"Transport for Wales","operator:wikidata":"Q48740007","railway":"rail","ref":"CAM"},"id":"way/764361022"},{"type":"Feature","geometry":{"type":"LineString","coordinates":[[-3.32729,51.644739],[-3.3271,51.644951],[-3.326874,51.645265],[-3.326767,51.645472]]},"properties":{"@id":"way/773591695","electrified":"contact_line","frequency":"50","gauge":"1435","maxspeed":"35 mph","name":"Aberdare Branch","operator":"Transport for Wales","operator:wikidata":"Q48740007","passenger_lines":"1","railway":"rail","ref":"ABD","source":"OS_OpenData_StreetView","usage":"branch","voltage":"25000"},"id":"way/773591695"},{"type":"Feature","geometry":{"type":"LineString","coordinates":[[-2.983806,51.590442],[-2.983495,51.5903]]},"properties":{"@id":"way/775821450","electrified":"contact_line","frequency":"50","gauge":"1435","maxspeed":"40 mph","name":"South Wales Main Line","name:br":"Linenn Pennañ Su Kembre","name:cy":"Prif Linell De Cymru","operator":"Network Rail","operator:wikidata":"Q1501071","railway":"rail","railway:aws":"yes","railway:tpws":"yes","railway:track_ref":"UM","ref":"SWM2","usage":"main","voltage":"25000"},"id":"way/775821450"},{"type":"Feature","geometry":{"type":"LineString","coordinates":[[-2.983812,51.59039],[-2.98396,51.590458]]},"properties":{"@id":"way/775821451","electrified":"contact_line","frequency":"50","gauge":"1435","maxspeed":"40 mph","name":"South Wales Main Line","name:br":"Linenn Pennañ Su Kembre","name:cy":"Prif Linell De Cymru","operator":"Network Rail","operator:wikidata":"Q1501071","railway":"rail","railway:aws":"yes","railway:tpws":"yes","railway:track_ref":"DM","ref":"SWM2","usage":"main","voltage":"25000"},"id":"way/775821451"},{"type":"Feature","geometry":{"type":"LineString","coordinates":[[-2.983812,51.59039],[-2.983699,51.590335],[-2.983578,51.590269],[-2.983232,51.590079],[-2.983119,51.590018],[-2.982982,51.589953]]},"properties":{"@id":"way/775821452","electrified":"contact_line","frequency":"50","gauge":"1435","maxspeed":"20 mph","name":"South Wales Main Line","name:br":"Linenn Pennañ Su Kembre","name:cy":"Prif Linell De Cymru","operator":"Network Rail","operator:wikidata":"Q1501071","railway":"rail","railway:aws":"yes","railway:tpws":"yes","ref":"SWM2","service":"crossover","voltage":"25000"},"id":"way/775821452"},{"type":"Feature","geometry":{"type":"LineString","coordinates":[[-2.98568,51.59634],[-2.985687,51.59596],[-2.985714,51.595575],[-2.985754,51.595386],[-2.985789,51.595264],[-2.98585,51.595092],[-2.98592,51.594951],[-2.986017,51.594781],[-2.986116,51.594627],[-2.986749,51.593828]]},"properties":{"@id":"way/775821453","electrified":"no","gauge":"1435","maxspeed":"30 mph","name":"Down Hereford Loop","operator":"Network Rail","operator:wikidata":"Q1501071","railway":"rail","railway:aws":"yes","railway:tpws":"yes","railway:track_ref":"Up Hereford Loop Down","ref":"HNL1"},"id":"way/775821453"},{"type":"Feature","geometry":{"type":"LineString","coordinates":[[-2.981098,51.60774],[-2.981052,51.607789]]},"properties":{"@id":"way/775821454","bridge":"yes","electrified":"no","gauge":"1435","layer":"1","maxspeed":"40 mph","name":"Welsh Marches Line","name:cy":"Rheilffordd y Gororau","operator":"Network Rail","operator:wikidata":"Q1501071","railway":"rail","railway:aws":"yes","railway:tpws":"yes","railway:track_ref":"UH","ref":"HNL1","usage":"main"},"id":"way/775821454"},{"type":"Feature","geometry":{"type":"LineString","coordinates":[[-2.981312,51.607534],[-2.981098,51.60774]]},"properties":{"@id":"way/775821455","electrified":"no","embankment":"yes","gauge":"1435","layer":"1","maxspeed":"40 mph","name":"Welsh Marches Line","name:cy":"Rheilffordd y Gororau","operator":"Network Rail","operator:wikidata":"Q1501071","railway":"rail","railway:aws":"yes","railway:tpws":"yes","railway:track_ref":"UH","ref":"HNL1","usage":"main"},"id":"way/775821455"},{"type":"Feature","geometry":{"type":"LineString","coordinates":[[-2.98103,51.607783],[-2.981078,51.60773]]},"properties":{"@id":"way/775821456","bridge":"yes","electrified":"no","gauge":"1435","layer":"1","maxspeed":"40 mph","name":"Welsh Marches Line","name:cy":"Rheilffordd y Gororau","operator":"Network Rail","operator:wikidata":"Q1501071","railway":"rail","railway:aws":"yes","railway:tpws":"yes","railway:track_ref":"DH","ref":"HNL1","tracks":"2","usage":"main"},"id":"way/775821456"},{"type":"Feature","geometry":{"type":"LineString","coordinates":[[-2.981078,51.60773],[-2.981264,51.607527]]},"properties":{"@id":"way/775821457","electrified":"no","embankment":"yes","gauge":"1435","layer":"1","maxspeed":"40 mph","name":"Welsh Marches Line","name:cy":"Rheilffordd y Gororau","operator":"Network Rail","operator:wikidata":"Q1501071","railway":"rail","railway:aws":"yes","railway:tpws":"yes","railway:track_ref":"DH","ref":"HNL1","tracks":"2","usage":"main"},"id":"way/775821457"},{"type":"Feature","geometry":{"type":"LineString","coordinates":[[-2.970451,51.626296],[-2.96872,51.625459],[-2.967922,51.625122],[-2.967099,51.624795],[-2.966765,51.624669],[-2.964036,51.623723],[-2.963177,51.623426]]},"properties":{"@id":"way/775821458","electrified":"no","gauge":"1435","maxspeed":"80 mph","name":"Welsh Marches Line","name:cy":"Rheilffordd y Gororau","operator":"Network Rail","operator:wikidata":"Q1501071","railway":"rail","railway:aws":"yes","railway:tpws":"yes","railway:track_ref":"DH","ref":"HNL1","tracks":"2","usage":"main"},"id":"way/775821458"},{"type":"Feature","geometry":{"type":"LineString","coordinates":[[-2.970907,51.626486],[-2.97191,51.626994],[-2.973376,51.627746],[-2.97388,51.628026],[-2.974656,51.628429],[-2.975165,51.628665],[-2.975718,51.628934],[-2.976037,51.629075],[-2.97625,51.629157],[-2.976617,51.629299],[-2.977229,51.62951],[-2.977688,51.629646],[-2.978778,51.629944],[-2.98094,51.630484],[-2.981836,51.63069],[-2.982592,51.630843],[-2.984585,51.631239],[-2.985516,51.631474],[-2.986772,51.631826],[-2.987726,51.632094],[-2.988831,51.632403],[-2.989974,51.632721],[-2.991154,51.633054],[-2.99184,51.633256],[-2.991861,51.633263],[-2.992278,51.633404],[-2.992758,51.633589],[-2.993123,51.633735],[-2.993372,51.633847],[-2.994145,51.63422],[-2.994812,51.634577],[-2.995115,51.634748],[-2.995504,51.634952],[-2.996371,51.635367],[-2.997026,51.635637],[-2.997725,51.635869],[-2.998412,51.636071],[-2.999366,51.636304],[-3.00066,51.636605],[-3.001202,51.636722]]},"properties":{"@id":"way/775821459","electrified":"no","gauge":"1435","maxspeed":"80 mph","operator":"Network Rail","operator:wikidata":"Q1501071","railway":"rail","railway:aws":"yes","railway:tpws":"yes","railway:track_ref":"UH","ref":"HNL1","usage":"main"},"id":"way/775821459"},{"type":"Feature","geometry":{"type":"LineString","coordinates":[[-3.46964,51.53351],[-3.468991,51.533696],[-3.468977,51.5337],[-3.468035,51.533979],[-3.467507,51.534129],[-3.466705,51.534361],[-3.4659,51.534576],[-3.465391,51.53471],[-3.464828,51.534846],[-3.464311,51.534966],[-3.463913,51.535046],[-3.463441,51.535138],[-3.463055,51.535207],[-3.462583,51.535283],[-3.462111,51.535348],[-3.461739,51.535397],[-3.461252,51.535458],[-3.460708,51.535514],[-3.460363,51.535544],[-3.46,51.535575],[-3.459545,51.535601],[-3.459059,51.535625],[-3.458279,51.535651],[-3.457602,51.535666],[-3.456185,51.535676],[-3.455281,51.53571],[-3.454813,51.535746],[-3.45437,51.535794],[-3.45387,51.535855],[-3.453377,51.535921],[-3.452772,51.536014],[-3.452158,51.536111],[-3.451502,51.536221],[-3.450807,51.536345],[-3.450093,51.536463],[-3.449419,51.536585],[-3.448366,51.536766],[-3.447368,51.536946],[-3.446384,51.537123],[-3.44572,51.537238],[-3.445199,51.53732],[-3.444559,51.537402],[-3.443873,51.537477],[-3.443245,51.537541],[-3.442777,51.537584],[-3.442309,51.537613],[-3.441761,51.537646],[-3.441326,51.537659],[-3.440968,51.53767],[-3.440311,51.537686],[-3.439389,51.537677],[-3.438701,51.537663],[-3.438096,51.537629],[-3.43759,51.537593],[-3.437064,51.537551],[-3.436307,51.537464],[-3.43534,51.537339],[-3.434807,51.537269],[-3.434143,51.537197],[-3.433453,51.537114],[-3.432484,51.537],[-3.431747,51.536905],[-3.431053,51.536815],[-3.430223,51.536736],[-3.4297,51.536696],[-3.429165,51.536662],[-3.428217,51.536617],[-3.427595,51.536592],[-3.426881,51.536567],[-3.426352,51.536542],[-3.425826,51.536504],[-3.425181,51.536437],[-3.424577,51.536367],[-3.424079,51.536294],[-3.423547,51.536207],[-3.423059,51.536112],[-3.422579,51.536002],[-3.422076,51.535876],[-3.421564,51.535723],[-3.421208,51.53561],[-3.42085,51.535477],[-3.420321,51.535283],[-3.419661,51.53501],[-3.418754,51.534617],[-3.41793,51.534279],[-3.417444,51.534106],[-3.417118,51.533991],[-3.416764,51.533872],[-3.416405,51.533757],[-3.415931,51.533628],[-3.415477,51.533512],[-3.414793,51.533363],[-3.414065,51.533222],[-3.413507,51.5331],[-3.413122,51.533015],[-3.412683,51.532926],[-3.412271,51.532831],[-3.411807,51.532719],[-3.411416,51.532619],[-3.410994,51.532509],[-3.410575,51.532387],[-3.41025,51.532283],[-3.409997,51.532196],[-3.409669,51.532078],[-3.409387,51.531965],[-3.408999,51.53181],[-3.408631,51.531649],[-3.408237,51.531472],[-3.40772,51.531228],[-3.407205,51.530989],[-3.406511,51.530667],[-3.405713,51.53029],[-3.405157,51.530024],[-3.404545,51.529738],[-3.403954,51.52946],[-3.403123,51.529063],[-3.402076,51.528579],[-3.401163,51.528139],[-3.400481,51.527816],[-3.400019,51.527602],[-3.398591,51.526951],[-3.397554,51.526468],[-3.396822,51.526128],[-3.396051,51.525765],[-3.395212,51.525364],[-3.394241,51.524897],[-3.393523,51.524545],[-3.393149,51.524379]]},"properties":{"@id":"way/776469167","electrified":"no","gauge":"1435","maxspeed":"75 mph","name":"South Wales Main Line","name:br":"Linenn Pennañ Su Kembre","name:cy":"Prif Linell De Cymru","name:en":"South Wales Main Line","operator":"Network Rail","operator:wikidata":"Q1501071","passenger_lines":"2","railway":"rail","ref":"SWM2","usage":"main"},"id":"way/776469167"},{"type":"Feature","geometry":{"type":"LineString","coordinates":[[-3.468922,51.533673],[-3.468955,51.53366],[-3.470117,51.533331],[-3.471154,51.533028],[-3.471925,51.532808],[-3.472599,51.532614],[-3.474362,51.532101],[-3.475302,51.53183],[-3.476136,51.531586],[-3.476761,51.531407],[-3.477371,51.531239],[-3.478207,51.531028],[-3.479066,51.530843],[-3.479638,51.53073],[-3.480239,51.53062],[-3.480689,51.530544],[-3.481164,51.530471],[-3.481637,51.530402],[-3.482117,51.530338],[-3.483106,51.530217],[-3.483608,51.530159],[-3.48415,51.53009],[-3.485072,51.529971],[-3.485623,51.529891],[-3.486167,51.529794],[-3.486555,51.529725],[-3.487763,51.529482],[-3.488471,51.529313],[-3.488991,51.529188],[-3.489896,51.528945],[-3.490737,51.528693],[-3.491717,51.52838],[-3.492486,51.528131],[-3.493917,51.527663],[-3.494949,51.527304],[-3.495608,51.52705],[-3.496014,51.526887],[-3.496737,51.526576],[-3.49736,51.526294],[-3.498185,51.525885],[-3.498582,51.525674],[-3.49933,51.525253],[-3.500082,51.524792],[-3.500729,51.524361],[-3.501025,51.524156],[-3.501271,51.523975],[-3.501372,51.523904],[-3.502053,51.523397],[-3.502505,51.523028],[-3.502979,51.52264],[-3.503392,51.522272],[-3.503689,51.521984],[-3.504011,51.521666],[-3.504497,51.521159],[-3.50501,51.520566],[-3.505221,51.520307],[-3.505459,51.52],[-3.50562,51.519783],[-3.505925,51.519375],[-3.50618,51.519021],[-3.506391,51.518733],[-3.50668,51.518344],[-3.506983,51.517957],[-3.507311,51.51757],[-3.507559,51.517296],[-3.507934,51.516892],[-3.508313,51.516505],[-3.50863,51.516203],[-3.509035,51.515846],[-3.509258,51.515654],[-3.509631,51.515343],[-3.510061,51.515011],[-3.510508,51.514679],[-3.510866,51.514424],[-3.511298,51.514132],[-3.511734,51.51386],[-3.512204,51.51358],[-3.512679,51.513311],[-3.513082,51.513097],[-3.513501,51.512889],[-3.514024,51.512642],[-3.514603,51.512386],[-3.514925,51.512252],[-3.515277,51.512114],[-3.515853,51.511897],[-3.51634,51.511727]]},"properties":{"@id":"way/776469168","electrified":"no","gauge":"1435","maxspeed":"80 mph","name":"South Wales Main Line","name:br":"Linenn Pennañ Su Kembre","name:cy":"Prif Linell De Cymru","name:en":"South Wales Main Line","operator":"Network Rail","operator:wikidata":"Q1501071","passenger_lines":"2","railway":"rail","ref":"SWM2","usage":"main"},"id":"way/776469168"},{"type":"Feature","geometry":{"type":"LineString","coordinates":[[-3.175336,51.476179],[-3.174517,51.476395]]},"properties":{"@id":"way/776480818","electrified":"contact_line","frequency":"50","gauge":"1435","maxspeed":"20 mph","name":"South Wales Main Line","name:br":"Linenn Pennañ Su Kembre","name:cy":"Prif Linell De Cymru","operator":"Network Rail","operator:wikidata":"Q1501071","railway":"rail","ref":"SWM2","tracks":"2","usage":"main","voltage":"25000"},"id":"way/776480818"},{"type":"Feature","geometry":{"type":"LineString","coordinates":[[-3.176737,51.501551],[-3.176688,51.501379]]},"properties":{"@id":"way/788588340","bridge":"yes","electrified":"no","gauge":"1435","layer":"1","maxspeed":"75 mph","name":"Rhymney Line","name:cy":"Llinell Rhymni","operator":"Transport for Wales","operator:wikidata":"Q48740007","passenger_lines":"2","railway":"rail","ref":"CAR","usage":"branch"},"id":"way/788588340"},{"type":"Feature","geometry":{"type":"LineString","coordinates":[[-3.176733,51.501355],[-3.176781,51.501508]]},"properties":{"@id":"way/788588341","bridge":"yes","electrified":"no","gauge":"1435","layer":"1","maxspeed":"65 mph","name":"Rhymney Line","name:cy":"Llinell Rhymni","operator":"Transport for Wales","operator:wikidata":"Q48740007","passenger_lines":"2","railway":"rail","ref":"CAR","usage":"branch"},"id":"way/788588341"},{"type":"Feature","geometry":{"type":"LineString","coordinates":[[-3.17732,51.50318],[-3.177353,51.503286],[-3.177372,51.503344]]},"properties":{"@id":"way/788588342","electrified":"no","gauge":"1435","maxspeed":"65 mph","name":"Rhymney Line","name:cy":"Llinell Rhymni","operator":"Transport for Wales","operator:wikidata":"Q48740007","passenger_lines":"2","railway":"rail","ref":"CAR","usage":"branch"},"id":"way/788588342"},{"type":"Feature","geometry":{"type":"LineString","coordinates":[[-3.177443,51.503715],[-3.177314,51.503334]]},"properties":{"@id":"way/788588343","bridge":"yes","electrified":"no","gauge":"1435","layer":"1","maxspeed":"75 mph","name":"Rhymney Line","name:cy":"Llinell Rhymni","operator":"Transport for Wales","operator:wikidata":"Q48740007","passenger_lines":"2","railway":"rail","ref":"CAR","usage":"branch"},"id":"way/788588343"},{"type":"Feature","geometry":{"type":"LineString","coordinates":[[-3.016227,51.670439],[-3.016155,51.671076],[-3.016147,51.671263],[-3.016321,51.672337]]},"properties":{"@id":"way/789691847","operator":"Network Rail","operator:wikidata":"Q1501071","railway":"rail","railway:aws":"yes","railway:tpws":"yes","service":"siding"},"id":"way/789691847"},{"type":"Feature","geometry":{"type":"LineString","coordinates":[[-2.99042,51.591889],[-2.989672,51.591873],[-2.989584,51.591869],[-2.989032,51.59184],[-2.988671,51.591808]]},"properties":{"@id":"way/795402669","electrified":"contact_line","frequency":"50","gauge":"1435","maxspeed":"40 mph","name":"South Wales Main Line","name:br":"Linenn Pennañ Su Kembre","name:cy":"Prif Linell De Cymru","operator":"Network Rail","operator:wikidata":"Q1501071","passenger_lines":"4","railway":"rail","railway:aws":"yes","railway:tpws":"yes","railway:track_ref":"UR","ref":"SWM2","usage":"main","voltage":"25000"},"id":"way/795402669"},{"type":"Feature","geometry":{"type":"LineString","coordinates":[[-2.990621,51.591887],[-2.99042,51.591889]]},"properties":{"@id":"way/795402670","bridge":"yes","electrified":"contact_line","frequency":"50","gauge":"1435","layer":"1","maxspeed":"40 mph","name":"South Wales Main Line","name:br":"Linenn Pennañ Su Kembre","name:cy":"Prif Linell De Cymru","operator":"Network Rail","operator:wikidata":"Q1501071","passenger_lines":"4","railway":"rail","railway:aws":"yes","railway:tpws":"yes","railway:track_ref":"UR","ref":"SWM2","usage":"main","voltage":"25000"},"id":"way/795402670"},{"type":"Feature","geometry":{"type":"LineString","coordinates":[[-3.00151,51.636797],[-3.002105,51.636946],[-3.002539,51.637067],[-3.003102,51.637251],[-3.003766,51.637498],[-3.004254,51.637702],[-3.004556,51.637846],[-3.005028,51.638077],[-3.005368,51.638254],[-3.005866,51.638548],[-3.006255,51.638814],[-3.006669,51.639139],[-3.007313,51.639648],[-3.007874,51.640096],[-3.008268,51.640399],[-3.008523,51.640601],[-3.009091,51.641073],[-3.009491,51.641396],[-3.009818,51.641654],[-3.010098,51.641882],[-3.010805,51.642455],[-3.011417,51.643021],[-3.011874,51.643453],[-3.012042,51.643627],[-3.012123,51.64371]]},"properties":{"@id":"way/804235648","electrified":"no","gauge":"1435","maxspeed":"80 mph","name":"Welsh Marches Line","operator":"Network Rail","operator:wikidata":"Q1501071","railway":"rail","railway:aws":"yes","railway:tpws":"yes","railway:track_ref":"UH","ref":"HNL1","usage":"main"},"id":"way/804235648"},{"type":"Feature","geometry":{"type":"LineString","coordinates":[[-3.012123,51.64371],[-3.01218,51.643769]]},"properties":{"@id":"way/804235649","bridge":"yes","electrified":"no","gauge":"1435","layer":"1","maxspeed":"80 mph","name":"Welsh Marches Line","operator":"Network Rail","operator:wikidata":"Q1501071","railway":"rail","railway:aws":"yes","railway:tpws":"yes","railway:track_ref":"UH","ref":"HNL1","usage":"main"},"id":"way/804235649"},{"type":"Feature","geometry":{"type":"LineString","coordinates":[[-3.169933,51.471836],[-3.169999,51.471924]]},"properties":{"@id":"way/808980992","bridge":"yes","electrified":"contact_line","frequency":"50","gauge":"1435","layer":"1","maxspeed":"30 mph","name":"Cardiff Bay Branch","operator":"Transport for Wales","operator:wikidata":"Q48740007","passenger_lines":"1","railway":"rail","railway:aws":"yes","railway:bidirectional":"regular","railway:preferred_direction":"both","railway:tpws":"yes","ref":"CAM","usage":"branch","voltage":"25000"},"id":"way/808980992"},{"type":"Feature","geometry":{"type":"LineString","coordinates":[[-3.171009,51.473328],[-3.171499,51.474022],[-3.171718,51.474279],[-3.171829,51.474431],[-3.172003,51.474755]]},"properties":{"@id":"way/808980993","electrified":"no","gauge":"1435","maxspeed":"30 mph","name":"Cardiff Bay Branch","operator":"Transport for Wales","operator:wikidata":"Q48740007","passenger_lines":"1","railway":"rail","railway:aws":"yes","railway:bidirectional":"regular","railway:preferred_direction":"both","railway:tpws":"yes","ref":"CAM","usage":"branch"},"id":"way/808980993"},{"type":"Feature","geometry":{"type":"LineString","coordinates":[[-3.198106,51.475354],[-3.197769,51.475206],[-3.19742,51.475041],[-3.19722,51.474946],[-3.197036,51.474856]]},"properties":{"@id":"way/832366702","electrified":"no","gauge":"1435","maxspeed":"30 mph","name":"Cardiff City Line","name:cy":"Llinell Dinas Caerdydd","operator":"Network Rail","operator:wikidata":"Q1501071","railway":"rail","ref":"RAD","usage":"branch"},"id":"way/832366702"},{"type":"Feature","geometry":{"type":"LineString","coordinates":[[-3.197036,51.474856],[-3.196766,51.474748],[-3.196591,51.474691],[-3.196378,51.474622],[-3.196207,51.474576],[-3.195956,51.474527],[-3.195678,51.474483],[-3.195408,51.474452],[-3.194976,51.47442],[-3.194561,51.474411],[-3.194242,51.474415],[-3.193971,51.474426],[-3.193685,51.474445],[-3.193379,51.474483],[-3.193084,51.474538],[-3.192762,51.47461],[-3.19247,51.47469],[-3.19216,51.474794],[-3.191873,51.474912],[-3.191456,51.475112]]},"properties":{"@id":"way/832366703","electrified":"no","gauge":"1435","maxspeed":"20 mph","name":"Down Treforest","operator":"Network Rail","operator:wikidata":"Q1501071","railway":"rail","ref":"RAD","usage":"branch"},"id":"way/832366703"},{"type":"Feature","geometry":{"type":"LineString","coordinates":[[-3.150758,51.487109],[-3.15028,51.487581]]},"properties":{"@id":"way/841445345","electrified":"contact_line","frequency":"50","gauge":"1435","operator":"Network Rail","operator:wikidata":"Q1501071","railway":"rail","service":"crossover","voltage":"25000"},"id":"way/841445345"},{"type":"Feature","geometry":{"type":"LineString","coordinates":[[-3.51637,51.511764],[-3.51612,51.511849],[-3.515397,51.512121],[-3.514635,51.512421],[-3.513955,51.51272],[-3.513421,51.512977],[-3.512835,51.513273],[-3.512352,51.513538],[-3.511909,51.513798],[-3.511446,51.514084],[-3.510912,51.514442],[-3.510238,51.514927],[-3.50983,51.51524],[-3.509504,51.5155],[-3.509295,51.515673],[-3.509012,51.515915],[-3.508776,51.516125],[-3.50846,51.516425],[-3.508032,51.516846],[-3.507505,51.517427],[-3.507067,51.517918],[-3.506787,51.518284],[-3.506538,51.518606],[-3.506325,51.518902],[-3.506036,51.519301],[-3.505791,51.519642],[-3.5056,51.519893],[-3.505354,51.520214],[-3.50508,51.520553],[-3.50486,51.520819],[-3.504647,51.521064],[-3.504448,51.521274],[-3.50417,51.52157],[-3.503919,51.521821],[-3.503653,51.522079],[-3.503421,51.522299],[-3.503189,51.522507],[-3.502886,51.522768],[-3.502625,51.522992],[-3.502279,51.523267],[-3.501966,51.523513],[-3.501652,51.523746],[-3.501338,51.523978],[-3.500818,51.524338],[-3.500489,51.524567],[-3.500076,51.524831],[-3.499879,51.524955],[-3.499734,51.525045],[-3.4996,51.525129],[-3.499426,51.525239],[-3.498971,51.525499],[-3.498505,51.525761],[-3.498308,51.525867],[-3.497857,51.526098],[-3.497494,51.526286],[-3.497085,51.526463],[-3.496697,51.526639],[-3.496275,51.526823],[-3.495984,51.526944],[-3.495669,51.527072],[-3.495343,51.5272],[-3.495034,51.527317],[-3.494619,51.527469],[-3.494163,51.527631],[-3.493754,51.527767],[-3.493201,51.52795],[-3.492695,51.528113],[-3.492179,51.528278],[-3.491713,51.528428],[-3.491222,51.528584],[-3.490809,51.528709],[-3.490424,51.528833],[-3.489877,51.52899],[-3.489341,51.529138],[-3.48896,51.529238],[-3.488664,51.529306],[-3.488238,51.529415],[-3.487846,51.529503],[-3.487373,51.529601],[-3.48696,51.529681],[-3.486573,51.529758],[-3.486179,51.52983],[-3.485635,51.52992],[-3.485085,51.530004],[-3.48415,51.53013],[-3.48363,51.530196],[-3.483121,51.530259],[-3.482136,51.530379],[-3.481652,51.53044],[-3.481176,51.530503],[-3.480711,51.530576],[-3.480264,51.530649],[-3.479641,51.530762],[-3.479082,51.530873],[-3.47824,51.531057],[-3.47739,51.531274],[-3.476792,51.531441],[-3.476163,51.531622],[-3.475337,51.531861],[-3.474383,51.532136],[-3.472629,51.532645],[-3.471958,51.532838],[-3.471186,51.533062],[-3.470139,51.533366],[-3.46964,51.53351]]},"properties":{"@id":"way/861067955","electrified":"no","gauge":"1435","maxspeed":"80 mph","name":"South Wales Main Line","name:br":"Linenn Pennañ Su Kembre","name:cy":"Prif Linell De Cymru","name:en":"South Wales Main Line","operator":"Network Rail","operator:wikidata":"Q1501071","passenger_lines":"2","railway":"rail","ref":"SWM2","usage":"main"},"id":"way/861067955"},{"type":"Feature","geometry":{"type":"LineString","coordinates":[[-3.223796,51.483048],[-3.223937,51.483141],[-3.224076,51.483241],[-3.224231,51.483356],[-3.224337,51.483439],[-3.224492,51.483568],[-3.224611,51.483671]]},"properties":{"@id":"way/878929877","electrified":"contact_line","frequency":"50","gauge":"1435","maxspeed":"55 mph","name":"Cardiff City Line","name:cy":"Llinell Dinas Caerdydd","operator":"Transport for Wales","operator:wikidata":"Q48740007","passenger_lines":"2","railway":"rail","ref":"RAD","usage":"branch","voltage":"25000"},"id":"way/878929877"},{"type":"Feature","geometry":{"type":"LineString","coordinates":[[-3.223621,51.482939],[-3.223796,51.483048]]},"properties":{"@id":"way/878929878","bridge":"yes","electrified":"contact_line","frequency":"50","gauge":"1435","maxspeed":"55 mph","name":"Cardiff City Line","name:cy":"Llinell Dinas Caerdydd","operator":"Transport for Wales","operator:wikidata":"Q48740007","passenger_lines":"2","railway":"rail","ref":"RAD","usage":"branch","voltage":"25000"},"id":"way/878929878"},{"type":"Feature","geometry":{"type":"LineString","coordinates":[[-3.22384,51.483028],[-3.223993,51.483128],[-3.224132,51.483229],[-3.224297,51.483351],[-3.224415,51.483447],[-3.224545,51.483558],[-3.224703,51.483695]]},"properties":{"@id":"way/878929879","electrified":"contact_line","frequency":"50","gauge":"1435","maxspeed":"55 mph","name":"Cardiff City Line","name:cy":"Llinell Dinas Caerdydd","operator":"Transport for Wales","operator:wikidata":"Q48740007","passenger_lines":"2","railway":"rail","ref":"RAD","usage":"branch","voltage":"25000"},"id":"way/878929879"},{"type":"Feature","geometry":{"type":"LineString","coordinates":[[-3.22366,51.482917],[-3.22384,51.483028]]},"properties":{"@id":"way/878929880","bridge":"yes","electrified":"contact_line","frequency":"50","gauge":"1435","maxspeed":"55 mph","name":"Cardiff City Line","name:cy":"Llinell Dinas Caerdydd","operator":"Transport for Wales","operator:wikidata":"Q48740007","passenger_lines":"2","railway":"rail","ref":"RAD","usage":"branch","voltage":"25000"},"id":"way/878929880"},{"type":"Feature","geometry":{"type":"LineString","coordinates":[[-3.146868,51.490505],[-3.145841,51.491393],[-3.145192,51.491944]]},"properties":{"@id":"way/903951956","electrified":"contact_line","frequency":"50","gauge":"1435","operator":"Network Rail","operator:wikidata":"Q1501071","railway":"rail","service":"crossover","voltage":"25000"},"id":"way/903951956"},{"type":"Feature","geometry":{"type":"LineString","coordinates":[[-3.157069,51.469082],[-3.157268,51.469336],[-3.157354,51.469461],[-3.157399,51.469518],[-3.157546,51.469712],[-3.157684,51.469898]]},"properties":{"@id":"way/903951957","electrified":"no","gauge":"1435","railway":"rail","railway:traffic_mode":"freight","service":"yard","usage":"industrial"},"id":"way/903951957"},{"type":"Feature","geometry":{"type":"LineString","coordinates":[[-3.141114,51.473743],[-3.141175,51.473527],[-3.141243,51.47338],[-3.14141,51.473072],[-3.141477,51.472968],[-3.141642,51.472787],[-3.14187,51.472541],[-3.142115,51.472275],[-3.142285,51.472093],[-3.142342,51.472045],[-3.142378,51.471994],[-3.142538,51.471823]]},"properties":{"@id":"way/903951963","electrified":"no","gauge":"1435","name":"Roath Branch","railway":"rail","railway:traffic_mode":"freight","ref":"ROA","usage":"branch"},"id":"way/903951963"},{"type":"Feature","geometry":{"type":"LineString","coordinates":[[-3.160304,51.48064],[-3.159304,51.481053]]},"properties":{"@id":"way/903951964","electrified":"contact_line","frequency":"50","gauge":"1435","operator":"Network Rail","operator:wikidata":"Q1501071","railway":"rail","service":"crossover","voltage":"25000"},"id":"way/903951964"},{"type":"Feature","geometry":{"type":"LineString","coordinates":[[-3.162801,51.479546],[-3.16307,51.47946],[-3.163386,51.479363],[-3.163583,51.479305],[-3.163775,51.47925],[-3.164095,51.479163],[-3.164498,51.479061],[-3.165169,51.478902]]},"properties":{"@id":"way/903951965","electrified":"contact_line","frequency":"50","gauge":"1435","operator":"Network Rail","operator:wikidata":"Q1501071","railway":"rail","service":"crossover","voltage":"25000"},"id":"way/903951965"},{"type":"Feature","geometry":{"type":"LineString","coordinates":[[-3.166841,51.478475],[-3.165828,51.478721]]},"properties":{"@id":"way/903951966","electrified":"contact_line","frequency":"50","gauge":"1435","operator":"Network Rail","operator:wikidata":"Q1501071","railway":"rail","service":"crossover","voltage":"25000"},"id":"way/903951966"},{"type":"Feature","geometry":{"type":"LineString","coordinates":[[-3.167104,51.478406],[-3.167807,51.47817]]},"properties":{"@id":"way/903951967","electrified":"contact_line","frequency":"50","gauge":"1435","operator":"Network Rail","operator:wikidata":"Q1501071","railway":"rail","service":"crossover","voltage":"25000"},"id":"way/903951967"},{"type":"Feature","geometry":{"type":"LineString","coordinates":[[-3.17247,51.476942],[-3.171799,51.477145],[-3.171579,51.47721],[-3.171222,51.477312],[-3.170949,51.477381],[-3.170786,51.477419],[-3.170615,51.477458],[-3.170249,51.477541],[-3.170148,51.477563]]},"properties":{"@id":"way/903951968","electrified":"contact_line","frequency":"50","gauge":"1435","name":"South Wales Main Line","name:br":"Linenn Pennañ Su Kembre","name:cy":"Prif Linell De Cymru","operator":"Network Rail","operator:wikidata":"Q1501071","passenger_lines":"4","railway":"rail","ref":"SWM2","usage":"main","voltage":"25000"},"id":"way/903951968"},{"type":"Feature","geometry":{"type":"LineString","coordinates":[[-3.17247,51.476942],[-3.173352,51.476639]]},"properties":{"@id":"way/903951969","electrified":"contact_line","frequency":"50","gauge":"1435","maxspeed":"30 mph","name":"South Wales Main Line","name:br":"Linenn Pennañ Su Kembre","name:cy":"Prif Linell De Cymru","operator":"Network Rail","operator:wikidata":"Q1501071","railway":"rail","ref":"SWM2","service":"crossover","voltage":"25000"},"id":"way/903951969"},{"type":"Feature","geometry":{"type":"LineString","coordinates":[[-3.173352,51.476639],[-3.173634,51.476554]]},"properties":{"@id":"way/903951970","electrified":"contact_line","frequency":"50","gauge":"1435","maxspeed":"40 mph","name":"Line E","operator":"Network Rail","operator:wikidata":"Q1501071","passenger_lines":"6","railway":"rail","ref":"SWM2","usage":"main","voltage":"25000"},"id":"way/903951970"},{"type":"Feature","geometry":{"type":"LineString","coordinates":[[-3.179027,51.475873],[-3.178881,51.475876],[-3.177829,51.475904],[-3.177434,51.475915],[-3.17723,51.475921]]},"properties":{"@id":"way/914285864","electrified":"contact_line","frequency":"50","gauge":"1435","maxspeed":"15 mph","name":"Line A","operator":"Network Rail","operator:wikidata":"Q1501071","railway":"rail","ref":"SWM2","usage":"main","voltage":"25000"},"id":"way/914285864"},{"type":"Feature","geometry":{"type":"LineString","coordinates":[[-3.179331,51.475491],[-3.180779,51.475446],[-3.181769,51.47542]]},"properties":{"@id":"way/914285865","electrified":"contact_line","frequency":"50","gauge":"1435","maxspeed":"15 mph","name":"Up Barry Relief","operator":"Network Rail","operator:wikidata":"Q1501071","railway":"rail","ref":"SWM2","usage":"branch","voltage":"25000"},"id":"way/914285865"},{"type":"Feature","geometry":{"type":"LineString","coordinates":[[-3.00684,51.566657],[-3.006933,51.567137],[-3.007067,51.567935],[-3.007225,51.568826],[-3.007286,51.569075]]},"properties":{"@id":"way/914285867","electrified":"contact_line","frequency":"50","gauge":"1435","name":"South Wales Main Line","name:br":"Linenn Pennañ Su Kembre","name:cy":"Prif Linell De Cymru","operator":"Network Rail","operator:wikidata":"Q1501071","railway":"rail","ref":"SWM2","usage":"main","voltage":"25000"},"id":"way/914285867"},{"type":"Feature","geometry":{"type":"LineString","coordinates":[[-3.007234,51.569187],[-3.007169,51.568827],[-3.00704,51.568168],[-3.006978,51.567853],[-3.006929,51.567591],[-3.006857,51.567193],[-3.006767,51.566661]]},"properties":{"@id":"way/914285868","electrified":"contact_line","frequency":"50","gauge":"1435","name":"South Wales Main Line","name:br":"Linenn Pennañ Su Kembre","name:cy":"Prif Linell De Cymru","operator":"Network Rail","operator:wikidata":"Q1501071","railway":"rail","ref":"SWM2","usage":"main","voltage":"25000"},"id":"way/914285868"},{"type":"Feature","geometry":{"type":"LineString","coordinates":[[-3.26003,51.402436],[-3.259615,51.40281],[-3.259327,51.403011],[-3.259137,51.403243],[-3.258981,51.403558],[-3.258829,51.4043],[-3.258749,51.404504],[-3.258583,51.404781],[-3.258159,51.405191],[-3.255824,51.407113],[-3.254032,51.408583],[-3.253542,51.408945],[-3.252919,51.409307],[-3.251961,51.409894],[-3.251298,51.410313]]},"properties":{"@id":"way/940387410","name":"Barry Docks Railway","operator":"Network Rail","operator:wikidata":"Q1501071","railway":"rail","ref":"BDL","source":"NPE"},"id":"way/940387410"},{"type":"Feature","geometry":{"type":"LineString","coordinates":[[-3.327032,51.6447],[-3.326024,51.645399]]},"properties":{"@id":"way/943936161","electrified":"contact_line","frequency":"50","gauge":"1435","maxspeed":"55 mph","name":"Cardiff and Merthyr Line","operator":"Transport for Wales","operator:wikidata":"Q48740007","railway":"rail","ref":"CAM","source":"OS_OpenData_StreetView","usage":"branch","voltage":"25000"},"id":"way/943936161"},{"type":"Feature","geometry":{"type":"LineString","coordinates":[[-3.331513,51.642],[-3.330924,51.642363],[-3.329631,51.643083],[-3.328751,51.643681]]},"properties":{"@id":"way/943936162","electrified":"contact_line","frequency":"50","gauge":"1435","maxspeed":"25 mph","name":"Aberdare Branch","operator":"Transport for Wales","operator:wikidata":"Q48740007","railway":"rail","ref":"ABD","source":"OS_OpenData_StreetView","usage":"branch","voltage":"25000"},"id":"way/943936162"},{"type":"Feature","geometry":{"type":"LineString","coordinates":[[-3.328751,51.643681],[-3.327869,51.644196],[-3.327463,51.644434],[-3.327169,51.644616]]},"properties":{"@id":"way/943936163","electrified":"contact_line","frequency":"50","gauge":"1435","maxspeed":"25 mph","operator":"Transport for Wales","operator:wikidata":"Q48740007","railway":"rail","service":"crossover","source":"OS_OpenData_StreetView","voltage":"25000"},"id":"way/943936163"},{"type":"Feature","geometry":{"type":"LineString","coordinates":[[-3.32864,51.643509],[-3.327869,51.644196],[-3.32729,51.644739]]},"properties":{"@id":"way/943936164","electrified":"contact_line","frequency":"50","gauge":"1435","maxspeed":"25 mph","operator":"Transport for Wales","operator:wikidata":"Q48740007","railway":"rail","service":"crossover","source":"OS_OpenData_StreetView","voltage":"25000"},"id":"way/943936164"},{"type":"Feature","geometry":{"type":"LineString","coordinates":[[-3.24814,51.516172],[-3.247982,51.5161],[-3.247757,51.51599]]},"properties":{"@id":"way/944377669","electrified":"contact_line","frequency":"50","gauge":"1435","maxspeed":"50 mph","name":"Cardiff and Merthyr Line","operator":"Transport for Wales","operator:wikidata":"Q48740007","passenger":"yes","passenger_lines":"4","railway":"rail","ref":"CAM","usage":"branch","voltage":"25000"},"id":"way/944377669"},{"type":"Feature","geometry":{"type":"LineString","coordinates":[[-3.191008,51.475295],[-3.19113,51.475235],[-3.191316,51.475137],[-3.191422,51.475087]]},"properties":{"@id":"way/944379472","electrified":"no","gauge":"1435","maxspeed":"25 mph","name":"Down Barry Relief","operator":"Network Rail","operator:wikidata":"Q1501071","railway":"rail","ref":"BRY","usage":"branch"},"id":"way/944379472"},{"type":"Feature","geometry":{"type":"LineString","coordinates":[[-3.197061,51.474832],[-3.197173,51.47488],[-3.197292,51.474943],[-3.197443,51.475019],[-3.197599,51.47509],[-3.197783,51.475177],[-3.198148,51.475335],[-3.198577,51.475521]]},"properties":{"@id":"way/944379473","electrified":"no","gauge":"1435","maxspeed":"25 mph","name":"Radyr Branch","operator":"Network Rail","operator:wikidata":"Q1501071","railway":"rail","ref":"RAD","usage":"branch"},"id":"way/944379473"},{"type":"Feature","geometry":{"type":"LineString","coordinates":[[-3.190781,51.449594],[-3.191542,51.450088],[-3.191536,51.450089],[-3.19207,51.450461],[-3.192667,51.450894],[-3.192999,51.451155],[-3.193356,51.451472],[-3.193719,51.451845],[-3.194046,51.452229],[-3.194314,51.452577],[-3.19456,51.452923],[-3.194817,51.453325],[-3.19503,51.453699],[-3.195267,51.454215],[-3.195401,51.454566],[-3.195476,51.454893],[-3.195506,51.455202],[-3.195516,51.455512],[-3.195498,51.455757],[-3.195458,51.456021],[-3.19541,51.456277],[-3.195344,51.456544],[-3.195209,51.456909],[-3.19512,51.457083],[-3.195022,51.457262],[-3.194791,51.457609]]},"properties":{"@id":"way/944562678","electrified":"no","gauge":"1435","maxspeed":"15 mph","operator":"Network Rail","operator:wikidata":"Q1501071","railway":"rail","ref":"BRY","service":"siding"},"id":"way/944562678"},{"type":"Feature","geometry":{"type":"LineString","coordinates":[[-3.194736,51.457599],[-3.194885,51.457224],[-3.195033,51.456836],[-3.19516,51.45652],[-3.195235,51.456275],[-3.195289,51.45601],[-3.195323,51.455763],[-3.195347,51.455524],[-3.195336,51.455233],[-3.195301,51.454908],[-3.195233,51.454595],[-3.195094,51.454191],[-3.194873,51.453737],[-3.194654,51.453359],[-3.194421,51.452969],[-3.194177,51.452619],[-3.193907,51.45228],[-3.193572,51.451882],[-3.193213,51.451525],[-3.192881,51.451222],[-3.192553,51.450964],[-3.191952,51.450525],[-3.191433,51.450163],[-3.190905,51.449785]]},"properties":{"@id":"way/944562679","electrified":"no","gauge":"1435","maxspeed":"40 mph","operator":"Network Rail","operator:wikidata":"Q1501071","railway":"rail","ref":"BRY","service":"siding"},"id":"way/944562679"},{"type":"Feature","geometry":{"type":"LineString","coordinates":[[-3.036741,51.578098],[-3.037803,51.57872]]},"properties":{"@id":"way/944710769","electrified":"no","gauge":"1435","maxspeed":"20 mph","name":"Bassaleg Junction and Rhymney Line","operator":"Network Rail","operator:wikidata":"Q1501071","railway":"rail","railway:aws":"yes","railway:bidirectional":"regular","railway:preferred_direction":"both","railway:tpws":"no","railway:traffic_mode":"freight","ref":"BJR","usage":"branch"},"id":"way/944710769"},{"type":"Feature","geometry":{"type":"LineString","coordinates":[[-3.141895,51.494327],[-3.141563,51.494582],[-3.141387,51.494717],[-3.140943,51.495056],[-3.140651,51.495264],[-3.140196,51.495581],[-3.139715,51.495897],[-3.139291,51.496158],[-3.138857,51.496423],[-3.138418,51.496666],[-3.137954,51.496917],[-3.137145,51.49734],[-3.136718,51.497551]]},"properties":{"@id":"way/944722590","electrified":"contact_line","frequency":"50","gauge":"1435","maxspeed":"15 mph","name":"Pengam Sidings","operator":"Network Rail","operator:wikidata":"Q1501071","railway":"rail","railway:track_ref":"No.2 Up/Down Reception","railway:traffic_mode":"freight","ref":"SWM2","usage":"branch","voltage":"25000"},"id":"way/944722590"},{"type":"Feature","geometry":{"type":"LineString","coordinates":[[-3.170845,51.483563],[-3.170969,51.483908],[-3.171065,51.484169]]},"properties":{"@id":"way/944789730","electrified":"no","gauge":"1435","maxspeed":"25 mph","name":"Cardiff Queen Street North Junction","operator":"Transport for Wales","operator:wikidata":"Q48740007","passenger_lines":"2","railway":"rail","railway:track_ref":"Up Rhymney","ref":"CQS","usage":"branch"},"id":"way/944789730"},{"type":"Feature","geometry":{"type":"LineString","coordinates":[[-3.171015,51.484176],[-3.170942,51.483973],[-3.170883,51.483811],[-3.170799,51.483567]]},"properties":{"@id":"way/944789731","electrified":"no","gauge":"1435","maxspeed":"25 mph","name":"Cardiff Queen Street North Junction","operator":"Transport for Wales","operator:wikidata":"Q48740007","passenger_lines":"2","railway":"rail","railway:track_ref":"Down Rhymney","ref":"CQS","usage":"branch"},"id":"way/944789731"},{"type":"Feature","geometry":{"type":"LineString","coordinates":[[-3.170799,51.483567],[-3.170684,51.483258]]},"properties":{"@id":"way/944789732","electrified":"no","gauge":"1435","maxspeed":"25 mph","name":"Valley Lines","operator":"Transport for Wales","operator:wikidata":"Q48740007","passenger_lines":"2","railway":"rail","ref":"CAM","usage":"branch"},"id":"way/944789732"},{"type":"Feature","geometry":{"type":"LineString","coordinates":[[-3.170438,51.482733],[-3.170377,51.482605],[-3.170305,51.482456],[-3.170255,51.482336]]},"properties":{"@id":"way/944789733","electrified":"no","gauge":"1435","name":"Cardiff Bay Branch","operator":"Transport for Wales","operator:wikidata":"Q48740007","passenger_lines":"4","railway":"rail","ref":"CAM","service":"yard"},"id":"way/944789733"},{"type":"Feature","geometry":{"type":"LineString","coordinates":[[-3.170537,51.482433],[-3.170648,51.482851]]},"properties":{"@id":"way/944789734","electrified":"no","gauge":"1435","layer":"1","name":"Valley Lines","operator":"Transport for Wales","operator:wikidata":"Q48740007","passenger_lines":"4","railway":"rail","ref":"CAM","service":"yard","source":"npe"},"id":"way/944789734"},{"type":"Feature","geometry":{"type":"LineString","coordinates":[[-3.34625,51.602761],[-3.346789,51.603308],[-3.347425,51.603947],[-3.347738,51.60419],[-3.347932,51.60432],[-3.348152,51.604443],[-3.348376,51.604546],[-3.348615,51.604636],[-3.349148,51.604778],[-3.349754,51.604893],[-3.350508,51.605013],[-3.351059,51.605125],[-3.351701,51.605318],[-3.352521,51.605634],[-3.353208,51.605906],[-3.353896,51.606121],[-3.354972,51.606369],[-3.357874,51.607026],[-3.358258,51.607108]]},"properties":{"@id":"way/946144579","electrified":"contact_line","frequency":"50","gauge":"1435","maxspeed":"40 mph","name":"Rhondda Line","operator":"Transport for Wales","operator:wikidata":"Q48740007","railway":"rail","ref":"THT","source":"OS_OpenData_StreetView","usage":"branch","voltage":"25000"},"id":"way/946144579"},{"type":"Feature","geometry":{"type":"LineString","coordinates":[[-3.346321,51.602774],[-3.347479,51.603923],[-3.347787,51.604163],[-3.347977,51.604291],[-3.348193,51.604412],[-3.348412,51.604512],[-3.348645,51.6046],[-3.349171,51.60474],[-3.349772,51.604854],[-3.350527,51.604974],[-3.351083,51.605087],[-3.351732,51.605283],[-3.352556,51.6056],[-3.35324,51.60587],[-3.353922,51.606084],[-3.354995,51.606331],[-3.357896,51.606988],[-3.358282,51.60707]]},"properties":{"@id":"way/946144580","electrified":"contact_line","frequency":"50","gauge":"1435","maxspeed":"40 mph","name":"Rhondda Line","operator":"Transport for Wales","operator:wikidata":"Q48740007","railway":"rail","ref":"THT","source":"OS_OpenData_StreetView","usage":"branch","voltage":"25000"},"id":"way/946144580"},{"type":"Feature","geometry":{"type":"LineString","coordinates":[[-3.358282,51.60707],[-3.358384,51.607092]]},"properties":{"@id":"way/946144581","bridge":"yes","electrified":"contact_line","frequency":"50","gauge":"1435","layer":"1","maxspeed":"40 mph","name":"Rhondda Line","operator":"Transport for Wales","operator:wikidata":"Q48740007","railway":"rail","ref":"THT","source":"OS_OpenData_StreetView","usage":"branch","voltage":"25000"},"id":"way/946144581"},{"type":"Feature","geometry":{"type":"LineString","coordinates":[[-3.358258,51.607108],[-3.358356,51.607129]]},"properties":{"@id":"way/946144582","bridge":"yes","electrified":"contact_line","frequency":"50","gauge":"1435","layer":"1","maxspeed":"40 mph","name":"Rhondda Line","operator":"Transport for Wales","operator:wikidata":"Q48740007","railway":"rail","ref":"THT","source":"OS_OpenData_StreetView","usage":"branch","voltage":"25000"},"id":"way/946144582"},{"type":"Feature","geometry":{"type":"LineString","coordinates":[[-3.358384,51.607092],[-3.359229,51.607271],[-3.359676,51.607373],[-3.360102,51.607478],[-3.360824,51.607686],[-3.361018,51.607748]]},"properties":{"@id":"way/946144583","electrified":"contact_line","frequency":"50","gauge":"1435","maxspeed":"40 mph","name":"Rhondda Line","operator":"Transport for Wales","operator:wikidata":"Q48740007","railway":"rail","ref":"THT","source":"OS_OpenData_StreetView","usage":"branch","voltage":"25000"},"id":"way/946144583"},{"type":"Feature","geometry":{"type":"LineString","coordinates":[[-3.361018,51.607748],[-3.361156,51.607793]]},"properties":{"@id":"way/946144584","bridge":"yes","electrified":"contact_line","frequency":"50","gauge":"1435","layer":"1","maxspeed":"40 mph","name":"Rhondda Line","operator":"Transport for Wales","operator:wikidata":"Q48740007","railway":"rail","ref":"THT","source":"OS_OpenData_StreetView","usage":"branch","voltage":"25000"},"id":"way/946144584"},{"type":"Feature","geometry":{"type":"LineString","coordinates":[[-3.358356,51.607129],[-3.358626,51.607186],[-3.359207,51.607309],[-3.359653,51.607411],[-3.360076,51.607515],[-3.360796,51.607722],[-3.360996,51.607787]]},"properties":{"@id":"way/946144585","electrified":"contact_line","frequency":"50","gauge":"1435","maxspeed":"40 mph","name":"Rhondda Line","operator":"Transport for Wales","operator:wikidata":"Q48740007","railway":"rail","ref":"THT","source":"OS_OpenData_StreetView","usage":"branch","voltage":"25000"},"id":"way/946144585"},{"type":"Feature","geometry":{"type":"LineString","coordinates":[[-3.360996,51.607787],[-3.361132,51.60783]]},"properties":{"@id":"way/946144586","bridge":"yes","electrified":"contact_line","frequency":"50","gauge":"1435","layer":"1","maxspeed":"40 mph","name":"Rhondda Line","operator":"Transport for Wales","operator:wikidata":"Q48740007","railway":"rail","ref":"THT","source":"OS_OpenData_StreetView","usage":"branch","voltage":"25000"},"id":"way/946144586"},{"type":"Feature","geometry":{"type":"LineString","coordinates":[[-3.22987,51.48853],[-3.23016,51.488841],[-3.230307,51.489006],[-3.230751,51.489543],[-3.231055,51.489925],[-3.231237,51.490166],[-3.231679,51.490782],[-3.231889,51.491105],[-3.232217,51.491592],[-3.232553,51.492082],[-3.233044,51.492803],[-3.233248,51.4931],[-3.233566,51.493566],[-3.233645,51.493688],[-3.233807,51.49394],[-3.233917,51.4941],[-3.234069,51.49436],[-3.234145,51.494508],[-3.234247,51.494729],[-3.234332,51.494916],[-3.234452,51.495249],[-3.234647,51.495859],[-3.23476,51.496407],[-3.234792,51.496677],[-3.234821,51.496985],[-3.23483,51.497217],[-3.234814,51.497661],[-3.234789,51.497943],[-3.23473,51.49826],[-3.234666,51.498558],[-3.234506,51.499076],[-3.234386,51.499387],[-3.234123,51.499947],[-3.234047,51.500123],[-3.234012,51.500202],[-3.233834,51.500615],[-3.233753,51.500845],[-3.23368,51.501075],[-3.233645,51.501265],[-3.233591,51.501648],[-3.233597,51.502271],[-3.23366,51.502854],[-3.233793,51.503329],[-3.233951,51.503715],[-3.234146,51.504108],[-3.234338,51.504435],[-3.234793,51.505021],[-3.23487,51.50512]]},"properties":{"@id":"way/977099524","electrified":"contact_line","frequency":"50","gauge":"1435","maxspeed":"55 mph","name":"Cardiff City Line","name:cy":"Llinell Dinas Caerdydd","operator":"Transport for Wales","operator:wikidata":"Q48740007","passenger_lines":"2","railway":"rail","ref":"RAD","usage":"branch","voltage":"25000"},"id":"way/977099524"},{"type":"Feature","geometry":{"type":"LineString","coordinates":[[-2.94959,51.583104],[-2.948643,51.583098]]},"properties":{"@id":"way/978230179","electrified":"contact_line","frequency":"50","operator":"Network Rail","operator:wikidata":"Q1501071","railway":"rail","railway:aws":"yes","railway:tpws":"yes","service":"crossover","voltage":"25000"},"id":"way/978230179"},{"type":"Feature","geometry":{"type":"LineString","coordinates":[[-2.947026,51.583027],[-2.945699,51.58301]]},"properties":{"@id":"way/978230180","electrified":"contact_line","frequency":"50","operator":"Network Rail","operator:wikidata":"Q1501071","railway":"rail","railway:aws":"yes","railway:tpws":"yes","service":"crossover","voltage":"25000"},"id":"way/978230180"},{"type":"Feature","geometry":{"type":"LineString","coordinates":[[-3.327072,51.644676],[-3.327032,51.6447]]},"properties":{"@id":"way/990831519","electrified":"contact_line","frequency":"50","gauge":"1435","maxspeed":"25 mph","operator":"Transport for Wales","operator:wikidata":"Q48740007","railway":"rail","service":"crossover","source":"OS_OpenData_StreetView","voltage":"25000"},"id":"way/990831519"},{"type":"Feature","geometry":{"type":"LineString","coordinates":[[-3.327169,51.644616],[-3.327072,51.644676]]},"properties":{"@id":"way/990831520","bridge":"yes","electrified":"contact_line","frequency":"50","gauge":"1435","layer":"1","maxspeed":"25 mph","operator":"Transport for Wales","operator:wikidata":"Q48740007","railway":"rail","service":"crossover","source":"OS_OpenData_StreetView","voltage":"25000"},"id":"way/990831520"},{"type":"Feature","geometry":{"type":"LineString","coordinates":[[-3.32707,51.64467],[-3.327032,51.6447]]},"properties":{"@id":"way/990831521","electrified":"contact_line","frequency":"50","gauge":"1435","maxspeed":"25 mph","name":"Cardiff and Merthyr Line","operator":"Transport for Wales","operator:wikidata":"Q48740007","railway":"rail","ref":"CAM","usage":"branch","voltage":"25000"},"id":"way/990831521"},{"type":"Feature","geometry":{"type":"LineString","coordinates":[[-3.327159,51.644602],[-3.32707,51.64467]]},"properties":{"@id":"way/990831522","bridge":"yes","electrified":"contact_line","frequency":"50","gauge":"1435","layer":"1","maxspeed":"25 mph","name":"Cardiff and Merthyr Line","operator":"Transport for Wales","operator:wikidata":"Q48740007","railway":"rail","ref":"CAM","usage":"branch","voltage":"25000"},"id":"way/990831522"},{"type":"Feature","geometry":{"type":"LineString","coordinates":[[-3.155414,51.468499],[-3.155631,51.468526],[-3.156011,51.468574],[-3.156198,51.468604],[-3.156345,51.468641],[-3.156444,51.468668],[-3.15655,51.468702]]},"properties":{"@id":"way/1015428931","electrified":"no","gauge":"1435","railway":"rail","railway:traffic_mode":"freight","service":"spur"},"id":"way/1015428931"},{"type":"Feature","geometry":{"type":"LineString","coordinates":[[-2.999587,51.577985],[-2.999259,51.577966],[-2.998426,51.577877]]},"properties":{"@id":"way/1015822217","electrified":"no","gauge":"1435","name":"Ebbw Valley Line","railway":"rail","ref":"NNM","service":"yard","tracks":"2"},"id":"way/1015822217"},{"type":"Feature","geometry":{"type":"LineString","coordinates":[[-3.004933,51.576842],[-3.005155,51.576757],[-3.005434,51.576642],[-3.005664,51.576526],[-3.006039,51.576299],[-3.00637,51.576105],[-3.006558,51.575997]]},"properties":{"@id":"way/1015822218","electrified":"no","gauge":"1435","name":"Newport Waterloo Loop","railway":"rail","ref":"NWL","service":"yard"},"id":"way/1015822218"},{"type":"Feature","geometry":{"type":"LineString","coordinates":[[-3.006558,51.575997],[-3.006068,51.576328],[-3.005813,51.576486],[-3.005517,51.576643],[-3.005177,51.576787],[-3.004956,51.576866]]},"properties":{"@id":"way/1015822219","electrified":"no","gauge":"1435","name":"Newport Waterloo Loop","railway":"rail","ref":"NWL","service":"yard","tracks":"2"},"id":"way/1015822219"},{"type":"Feature","geometry":{"type":"LineString","coordinates":[[-3.336586,51.598672],[-3.3361,51.598647],[-3.335881,51.598632],[-3.335449,51.59859]]},"properties":{"@id":"way/1024957954","electrified":"no","gauge":"1435","maxspeed":"30 mph","operator":"Transport for Wales","operator:wikidata":"Q48740007","railway":"rail","service":"crossover"},"id":"way/1024957954"},{"type":"Feature","geometry":{"type":"LineString","coordinates":[[-3.343413,51.601249],[-3.343388,51.601164]]},"properties":{"@id":"way/1024957956","bridge":"yes","electrified":"no","gauge":"1435","layer":"1","maxspeed":"15 mph","operator":"Transport for Wales","operator:wikidata":"Q48740007","railway":"rail","service":"crossover"},"id":"way/1024957956"},{"type":"Feature","geometry":{"type":"LineString","coordinates":[[-3.343426,51.600704],[-3.343504,51.600794],[-3.343521,51.600812]]},"properties":{"@id":"way/1024957957","alt_name":"Treherbert Branch","bridge":"yes","electrified":"no","gauge":"1435","layer":"1","maxspeed":"20 mph","name":"Rhondda Line","operator":"Transport for Wales","operator:wikidata":"Q48740007","railway":"rail","ref":"THT","source":"OS_OpenData_StreetView","usage":"branch"},"id":"way/1024957957"},{"type":"Feature","geometry":{"type":"LineString","coordinates":[[-3.343801,51.601074],[-3.343869,51.601131]]},"properties":{"@id":"way/1024957958","alt_name":"Treherbert Branch","bridge":"yes","electrified":"no","gauge":"1435","layer":"1","maxspeed":"20 mph","name":"Rhondda Line","operator":"Transport for Wales","operator:wikidata":"Q48740007","railway":"rail","ref":"THT","source":"OS_OpenData_StreetView","usage":"branch"},"id":"way/1024957958"},{"type":"Feature","geometry":{"type":"LineString","coordinates":[[-3.34337,51.60071],[-3.343453,51.600811],[-3.34346,51.600819]]},"properties":{"@id":"way/1024957959","alt_name":"Treherbert Branch","bridge":"yes","electrified":"no","gauge":"1435","layer":"1","maxspeed":"20 mph","name":"Rhondda Line","operator":"Transport for Wales","operator:wikidata":"Q48740007","railway":"rail","ref":"THT","source":"OS_OpenData_StreetView","usage":"branch"},"id":"way/1024957959"},{"type":"Feature","geometry":{"type":"LineString","coordinates":[[-3.343755,51.601092],[-3.343825,51.601153]]},"properties":{"@id":"way/1024957960","alt_name":"Treherbert Branch","bridge":"yes","electrified":"no","gauge":"1435","layer":"1","maxspeed":"20 mph","name":"Rhondda Line","operator":"Transport for Wales","operator:wikidata":"Q48740007","railway":"rail","ref":"THT","source":"OS_OpenData_StreetView","usage":"branch"},"id":"way/1024957960"},{"type":"Feature","geometry":{"type":"LineString","coordinates":[[-3.343869,51.601131],[-3.343977,51.601221],[-3.3441,51.60131]]},"properties":{"@id":"way/1024957961","alt_name":"Treherbert Branch","electrified":"no","gauge":"1435","maxspeed":"20 mph","name":"Rhondda Line","operator":"Transport for Wales","operator:wikidata":"Q48740007","railway":"rail","ref":"THT","source":"OS_OpenData_StreetView","usage":"branch"},"id":"way/1024957961"},{"type":"Feature","geometry":{"type":"LineString","coordinates":[[-3.344079,51.601323],[-3.343856,51.601178]]},"properties":{"@id":"way/1024957962","gauge":"1435","maxspeed":"15 mph","operator":"Transport for Wales","operator:wikidata":"Q48740007","railway":"rail","ref":"THT","service":"crossover"},"id":"way/1024957962"},{"type":"Feature","geometry":{"type":"LineString","coordinates":[[-3.343825,51.601153],[-3.343856,51.601178],[-3.344059,51.601335]]},"properties":{"@id":"way/1024957963","alt_name":"Treherbert Branch","electrified":"no","gauge":"1435","maxspeed":"20 mph","name":"Rhondda Line","operator":"Transport for Wales","operator:wikidata":"Q48740007","railway":"rail","ref":"THT","source":"OS_OpenData_StreetView","usage":"branch"},"id":"way/1024957963"},{"type":"Feature","geometry":{"type":"LineString","coordinates":[[-3.343521,51.600812],[-3.343662,51.600956],[-3.343801,51.601074]]},"properties":{"@id":"way/1024957964","alt_name":"Treherbert Branch","electrified":"no","gauge":"1435","maxspeed":"20 mph","name":"Rhondda Line","operator":"Transport for Wales","operator:wikidata":"Q48740007","railway":"rail","ref":"THT","source":"OS_OpenData_StreetView","usage":"branch"},"id":"way/1024957964"},{"type":"Feature","geometry":{"type":"LineString","coordinates":[[-3.34346,51.600819],[-3.343624,51.600983],[-3.343755,51.601092]]},"properties":{"@id":"way/1024957965","alt_name":"Treherbert Branch","electrified":"no","gauge":"1435","maxspeed":"20 mph","name":"Rhondda Line","operator":"Transport for Wales","operator:wikidata":"Q48740007","railway":"rail","ref":"THT","source":"OS_OpenData_StreetView","usage":"branch"},"id":"way/1024957965"},{"type":"Feature","geometry":{"type":"LineString","coordinates":[[-3.341028,51.598906],[-3.340689,51.59877],[-3.340469,51.598692],[-3.340192,51.598615],[-3.339702,51.598534],[-3.339293,51.598492],[-3.339155,51.598483]]},"properties":{"@id":"way/1024957966","electrified":"no","gauge":"1435","operator":"Transport for Wales","operator:wikidata":"Q48740007","railway":"rail","service":"siding"},"id":"way/1024957966"},{"type":"Feature","geometry":{"type":"LineString","coordinates":[[-3.334362,51.598433],[-3.333958,51.598365],[-3.333535,51.598272]]},"properties":{"@id":"way/1024957967","electrified":"no","gauge":"1435","maxspeed":"15 mph","operator":"Transport for Wales","operator:wikidata":"Q48740007","railway":"rail","service":"crossover"},"id":"way/1024957967"},{"type":"Feature","geometry":{"type":"LineString","coordinates":[[-3.006997,51.578547],[-3.006799,51.578892],[-3.006619,51.579209]]},"properties":{"@id":"way/1054026795","electrified":"contact_line","frequency":"50","gauge":"1435","maxspeed":"60 mph","name":"South Wales Main Line","name:br":"Linenn Pennañ Su Kembre","name:cy":"Prif Linell De Cymru","operator":"Network Rail","operator:wikidata":"Q1501071","railway":"rail","railway:track_ref":"UM","ref":"SWM2","usage":"main","voltage":"25000"},"id":"way/1054026795"},{"type":"Feature","geometry":{"type":"LineString","coordinates":[[-3.006085,51.580041],[-3.0064,51.579498]]},"properties":{"@id":"way/1054026796","electrified":"contact_line","frequency":"50","gauge":"1435","name":"South Wales Main Line","name:br":"Linenn Pennañ Su Kembre","name:cy":"Prif Linell De Cymru","operator":"Network Rail","operator:wikidata":"Q1501071","railway":"rail","railway:track_ref":"DM","ref":"SWM2","usage":"main","voltage":"25000"},"id":"way/1054026796"},{"type":"Feature","geometry":{"type":"LineString","coordinates":[[-3.012056,51.643717],[-3.011799,51.64343],[-3.009639,51.641565],[-3.008802,51.640884],[-3.008201,51.640402],[-3.00601,51.63869],[-3.005689,51.63849],[-3.005101,51.63815],[-3.004479,51.637858],[-3.003769,51.637537],[-3.003318,51.637364],[-3.002171,51.637006],[-3.001517,51.636838]]},"properties":{"@id":"way/1059933950","electrified":"no","gauge":"1435","maxspeed":"80 mph","name":"Welsh Marches Line","operator":"Network Rail","operator:wikidata":"Q1501071","railway":"rail","railway:aws":"yes","railway:tpws":"yes","railway:track_ref":"DH","ref":"HNL1","tracks":"2","usage":"main"},"id":"way/1059933950"},{"type":"Feature","geometry":{"type":"LineString","coordinates":[[-3.012122,51.64379],[-3.012056,51.643717]]},"properties":{"@id":"way/1059933951","bridge":"yes","electrified":"no","gauge":"1435","layer":"1","maxspeed":"80 mph","name":"Welsh Marches Line","operator":"Network Rail","operator:wikidata":"Q1501071","railway":"rail","railway:aws":"yes","railway:tpws":"yes","railway:track_ref":"DH","ref":"HNL1","tracks":"2","usage":"main"},"id":"way/1059933951"},{"type":"Feature","geometry":{"type":"LineString","coordinates":[[-2.974308,51.569731],[-2.974295,51.569481],[-2.974278,51.569339],[-2.974219,51.569081],[-2.97415,51.568863],[-2.974053,51.568649],[-2.9739,51.568406],[-2.973716,51.56816],[-2.973548,51.567975],[-2.973371,51.567797],[-2.97309,51.567566],[-2.972827,51.567377],[-2.972498,51.567173],[-2.972205,51.567014],[-2.971409,51.566615],[-2.970599,51.566218],[-2.969655,51.565757],[-2.969184,51.56554],[-2.967852,51.564929],[-2.966789,51.564417],[-2.965867,51.563974]]},"properties":{"@id":"way/1085882007","electrified":"no","gauge":"1435","maxspeed":"15 mph","name":"Uskmouth branch","name:cy":"Cangen Aberwysg","operator":"Network Rail","operator:wikidata":"Q1501071","railway":"rail","railway:bidirectional":"regular","railway:preferred_direction":"both","ref":"EUB","source":"NPE","usage":"branch"},"id":"way/1085882007"},{"type":"Feature","geometry":{"type":"LineString","coordinates":[[-2.965867,51.563974],[-2.9657,51.563897]]},"properties":{"@id":"way/1085882008","bridge":"yes","electrified":"no","gauge":"1435","layer":"1","maxspeed":"15 mph","name":"Uskmouth branch","name:cy":"Cangen Aberwysg","operator":"Network Rail","operator:wikidata":"Q1501071","railway":"rail","railway:bidirectional":"regular","railway:preferred_direction":"both","ref":"EUB","source":"NPE","usage":"branch"},"id":"way/1085882008"},{"type":"Feature","geometry":{"type":"LineString","coordinates":[[-2.973212,51.547097],[-2.972563,51.54723],[-2.972305,51.547267],[-2.971685,51.547348]]},"properties":{"@id":"way/1085975369","electrified":"no","gauge":"1435","railway":"rail","service":"yard","usage":"industrial"},"id":"way/1085975369"},{"type":"Feature","geometry":{"type":"LineString","coordinates":[[-2.970636,51.548199],[-2.970346,51.548322],[-2.970102,51.5484],[-2.969806,51.548488],[-2.969436,51.548599],[-2.969007,51.548726],[-2.968658,51.548818],[-2.968469,51.548861],[-2.968237,51.548902],[-2.967967,51.548942]]},"properties":{"@id":"way/1085975371","electrified":"no","gauge":"1435","name":"Fifoots Power Station","railway":"rail","service":"yard","usage":"industrial"},"id":"way/1085975371"},{"type":"Feature","geometry":{"type":"LineString","coordinates":[[-2.970812,51.54832],[-2.970024,51.548537]]},"properties":{"@id":"way/1085975372","electrified":"no","gauge":"1435","name":"Fifoots Power Station","railway":"rail","service":"yard","usage":"industrial"},"id":"way/1085975372"},{"type":"Feature","geometry":{"type":"LineString","coordinates":[[-2.970844,51.6265],[-2.970451,51.626296]]},"properties":{"@id":"way/1089662981","bridge":"yes","electrified":"no","gauge":"1435","layer":"1","maxspeed":"80 mph","name":"Welsh Marches Line","name:cy":"Rheilffordd y Gororau","operator":"Network Rail","operator:wikidata":"Q1501071","railway":"rail","railway:aws":"yes","railway:tpws":"yes","railway:track_ref":"DH","ref":"HNL1","tracks":"2","usage":"main"},"id":"way/1089662981"},{"type":"Feature","geometry":{"type":"LineString","coordinates":[[-2.963278,51.623422],[-2.966035,51.624373],[-2.966964,51.624698],[-2.968109,51.625149],[-2.968658,51.625394],[-2.969444,51.625755],[-2.9705,51.626279]]},"properties":{"@id":"way/1089662982","electrified":"no","gauge":"1435","maxspeed":"80 mph","operator":"Network Rail","operator:wikidata":"Q1501071","railway":"rail","railway:aws":"yes","railway:tpws":"yes","railway:track_ref":"UH","ref":"HNL1","usage":"main"},"id":"way/1089662982"},{"type":"Feature","geometry":{"type":"LineString","coordinates":[[-2.9705,51.626279],[-2.970907,51.626486]]},"properties":{"@id":"way/1089662983","bridge":"yes","electrified":"no","gauge":"1435","layer":"1","maxspeed":"80 mph","operator":"Network Rail","operator:wikidata":"Q1501071","railway":"rail","railway:aws":"yes","railway:tpws":"yes","railway:track_ref":"UH","ref":"HNL1","usage":"main"},"id":"way/1089662983"},{"type":"Feature","geometry":{"type":"LineString","coordinates":[[-3.001221,51.636769],[-3.0007,51.636648],[-3.000101,51.63651],[-2.998967,51.636239],[-2.998009,51.636],[-2.997485,51.635831],[-2.996791,51.635577],[-2.996253,51.635351],[-2.995587,51.635031],[-2.995088,51.634774],[-2.994495,51.634442],[-2.993543,51.63396],[-2.993123,51.633775],[-2.992804,51.633642],[-2.992,51.633349],[-2.991821,51.633294],[-2.991158,51.63309],[-2.989043,51.632496],[-2.985152,51.631416],[-2.984316,51.631217],[-2.98363,51.63108],[-2.981939,51.630742],[-2.980836,51.63049],[-2.978883,51.630006],[-2.977839,51.62973],[-2.977352,51.62959],[-2.976737,51.629392],[-2.976213,51.629185],[-2.975902,51.629062],[-2.975158,51.628706],[-2.974597,51.628439],[-2.97408,51.628173],[-2.973679,51.627969],[-2.973305,51.627753],[-2.972775,51.627488],[-2.971579,51.626884],[-2.970844,51.6265]]},"properties":{"@id":"way/1089662984","electrified":"no","gauge":"1435","maxspeed":"80 mph","name":"Welsh Marches Line","name:cy":"Rheilffordd y Gororau","operator":"Network Rail","operator:wikidata":"Q1501071","railway":"rail","railway:aws":"yes","railway:tpws":"yes","railway:track_ref":"DH","ref":"HNL1","tracks":"2","usage":"main"},"id":"way/1089662984"},{"type":"Feature","geometry":{"type":"LineString","coordinates":[[-3.140014,51.647783],[-3.140096,51.64753],[-3.140163,51.647265],[-3.140166,51.64699],[-3.139578,51.644145],[-3.139384,51.643038],[-3.139319,51.642765],[-3.139218,51.642492],[-3.138852,51.641777],[-3.138194,51.640349],[-3.137988,51.639902],[-3.137828,51.639621],[-3.137311,51.638863],[-3.136633,51.637945],[-3.136115,51.637381],[-3.135401,51.636797],[-3.134901,51.636374],[-3.134683,51.636193],[-3.134449,51.63594],[-3.134271,51.635737],[-3.134093,51.635496],[-3.133994,51.635258],[-3.133906,51.634959],[-3.133858,51.634704],[-3.133827,51.634147],[-3.133793,51.633891],[-3.13373,51.633653],[-3.133631,51.633375],[-3.133421,51.633015],[-3.132914,51.632465],[-3.132589,51.632109],[-3.13238,51.63182],[-3.132124,51.631431],[-3.131821,51.6309],[-3.131634,51.630478],[-3.131497,51.630011],[-3.13145,51.629782],[-3.131406,51.628771],[-3.131403,51.628273],[-3.131413,51.627876],[-3.131388,51.627566],[-3.131338,51.627254],[-3.131253,51.626847],[-3.131225,51.626605],[-3.131219,51.626429],[-3.131235,51.626216],[-3.131294,51.625972],[-3.131384,51.625697],[-3.131453,51.625433],[-3.131478,51.625185],[-3.131484,51.62496],[-3.131469,51.624738],[-3.131413,51.624451],[-3.131341,51.624197],[-3.131235,51.623961],[-3.131116,51.623763],[-3.130992,51.623599],[-3.130826,51.623442],[-3.130653,51.623321],[-3.130441,51.623203],[-3.130264,51.623128],[-3.129994,51.623024]]},"properties":{"@id":"way/1108948856","electrified":"no","gauge":"1435","name":"Ebbw Valley Line","operator":"Network Rail","operator:wikidata":"Q1501071","railway":"rail","usage":"branch"},"id":"way/1108948856"},{"type":"Feature","geometry":{"type":"LineString","coordinates":[[-3.129353,51.622798],[-3.129194,51.62274],[-3.129004,51.62264],[-3.128762,51.622473],[-3.128245,51.622074],[-3.127866,51.621844]]},"properties":{"@id":"way/1108948858","electrified":"no","gauge":"1435","name":"Ebbw Valley Line","operator":"Network Rail","operator:wikidata":"Q1501071","railway":"rail","usage":"branch"},"id":"way/1108948858"},{"type":"Feature","geometry":{"type":"LineString","coordinates":[[-3.129994,51.623024],[-3.129353,51.622798]]},"properties":{"@id":"way/1108948861","bridge":"yes","electrified":"no","gauge":"1435","layer":"1","name":"Ebbw Valley Line","operator":"Network Rail","operator:wikidata":"Q1501071","railway":"rail","usage":"branch"},"id":"way/1108948861"},{"type":"Feature","geometry":{"type":"LineString","coordinates":[[-3.139539,51.66008],[-3.140362,51.660504],[-3.140873,51.660825],[-3.141565,51.661303],[-3.141958,51.661586],[-3.14232,51.661873],[-3.142528,51.662076],[-3.14277,51.662315],[-3.142941,51.662578],[-3.143159,51.662946],[-3.143285,51.663233],[-3.143412,51.663569],[-3.143483,51.663779],[-3.143535,51.664045],[-3.143546,51.664197],[-3.143536,51.664336],[-3.143514,51.664499],[-3.143463,51.664744],[-3.143287,51.665213],[-3.143064,51.665699],[-3.142949,51.665949]]},"properties":{"@id":"way/1108948863","electrified":"no","gauge":"1435","name":"Ebbw Valley Line","operator":"Network Rail","operator:wikidata":"Q1501071","railway":"rail","usage":"branch"},"id":"way/1108948863"},{"type":"Feature","geometry":{"type":"LineString","coordinates":[[-3.142907,51.666037],[-3.142737,51.666388],[-3.142643,51.666599],[-3.142582,51.666837],[-3.142564,51.667051],[-3.142576,51.667438]]},"properties":{"@id":"way/1108948869","electrified":"no","gauge":"1435","name":"Ebbw Valley Line","operator":"Network Rail","operator:wikidata":"Q1501071","railway":"rail","usage":"branch"},"id":"way/1108948869"},{"type":"Feature","geometry":{"type":"LineString","coordinates":[[-3.142949,51.665949],[-3.142907,51.666037]]},"properties":{"@id":"way/1108948870","bridge":"yes","electrified":"no","gauge":"1435","layer":"1","name":"Ebbw Valley Line","operator":"Network Rail","operator:wikidata":"Q1501071","railway":"rail","usage":"branch"},"id":"way/1108948870"},{"type":"Feature","geometry":{"type":"LineString","coordinates":[[-3.139904,51.647986],[-3.140014,51.647783]]},"properties":{"@id":"way/1108977977","bridge":"yes","electrified":"no","gauge":"1435","layer":"1","name":"Ebbw Valley Line","operator":"Network Rail","operator:wikidata":"Q1501071","railway":"rail","usage":"branch"},"id":"way/1108977977"},{"type":"Feature","geometry":{"type":"LineString","coordinates":[[-3.13838,51.649582],[-3.13897,51.649025],[-3.13946,51.648573],[-3.139666,51.648339],[-3.139904,51.647986]]},"properties":{"@id":"way/1108977980","electrified":"no","gauge":"1435","name":"Ebbw Valley Line","operator":"Network Rail","operator:wikidata":"Q1501071","railway":"rail","usage":"branch"},"id":"way/1108977980"},{"type":"Feature","geometry":{"type":"LineString","coordinates":[[-3.137941,51.649995],[-3.13838,51.649582]]},"properties":{"@id":"way/1108977981","bridge":"yes","electrified":"no","gauge":"1435","layer":"1","name":"Ebbw Valley Line","operator":"Network Rail","operator:wikidata":"Q1501071","railway":"rail","usage":"branch"},"id":"way/1108977981"},{"type":"Feature","geometry":{"type":"LineString","coordinates":[[-3.183277,51.475633],[-3.183157,51.475635]]},"properties":{"@id":"way/1113606881","electrified":"contact_line","frequency":"50","gauge":"1435","maxspeed":"15 mph","operator":"Network Rail","operator:wikidata":"Q1501071","railway":"rail","service":"crossover","voltage":"25000"},"id":"way/1113606881"},{"type":"Feature","geometry":{"type":"LineString","coordinates":[[-3.183157,51.475635],[-3.183031,51.475632],[-3.182475,51.475638]]},"properties":{"@id":"way/1113606882","bridge":"yes","electrified":"contact_line","frequency":"50","gauge":"1435","layer":"1","maxspeed":"15 mph","operator":"Network Rail","operator:wikidata":"Q1501071","railway":"rail","service":"crossover","voltage":"25000"},"id":"way/1113606882"},{"type":"Feature","geometry":{"type":"LineString","coordinates":[[-3.184462,51.475572],[-3.183819,51.475491]]},"properties":{"@id":"way/1113606883","electrified":"no","gauge":"1435","maxspeed":"15 mph","operator":"Network Rail","operator:wikidata":"Q1501071","railway":"rail","service":"crossover"},"id":"way/1113606883"},{"type":"Feature","geometry":{"type":"LineString","coordinates":[[-3.176185,51.475856],[-3.176404,51.475813]]},"properties":{"@id":"way/1113606884","bridge":"yes","electrified":"contact_line","frequency":"50","gauge":"1435","layer":"1","maxspeed":"15 mph","name":"South Wales Main Line","name:br":"Linenn Pennañ Su Kembre","name:cy":"Prif Linell De Cymru","operator":"Network Rail","operator:wikidata":"Q1501071","railway":"rail","ref":"SWM2","usage":"main","voltage":"25000"},"id":"way/1113606884"},{"type":"Feature","geometry":{"type":"LineString","coordinates":[[-3.176404,51.475813],[-3.176596,51.47578],[-3.176945,51.475733]]},"properties":{"@id":"way/1113606886","electrified":"contact_line","frequency":"50","gauge":"1435","maxspeed":"15 mph","name":"South Wales Main Line","name:br":"Linenn Pennañ Su Kembre","name:cy":"Prif Linell De Cymru","operator":"Network Rail","operator:wikidata":"Q1501071","railway":"rail","ref":"SWM2","usage":"main","voltage":"25000"},"id":"way/1113606886"},{"type":"Feature","geometry":{"type":"LineString","coordinates":[[-3.19084,51.475441],[-3.190667,51.475497],[-3.190217,51.475616]]},"properties":{"@id":"way/1113606888","electrified":"no","gauge":"1435","maxspeed":"25 mph","operator":"Network Rail","operator:wikidata":"Q1501071","railway":"rail","service":"yard"},"id":"way/1113606888"},{"type":"Feature","geometry":{"type":"LineString","coordinates":[[-3.177337,51.475567],[-3.177261,51.475584]]},"properties":{"@id":"way/1113621968","bridge":"yes","electrified":"no","gauge":"1435","layer":"1","maxspeed":"15 mph","operator":"Network Rail","operator:wikidata":"Q1501071","railway":"rail","ref":"SWM2","service":"crossover"},"id":"way/1113621968"},{"type":"Feature","geometry":{"type":"LineString","coordinates":[[-3.177524,51.475489],[-3.177656,51.475471],[-3.177767,51.475456],[-3.177942,51.47543],[-3.178207,51.475395]]},"properties":{"@id":"way/1113621969","electrified":"no","gauge":"1435","maxspeed":"15 mph","name":"Cardiff Valley Line","operator":"Network Rail","operator:wikidata":"Q1501071","passenger_lines":"2","railway":"rail","ref":"SWM2","usage":"branch"},"id":"way/1113621969"},{"type":"Feature","geometry":{"type":"LineString","coordinates":[[-3.467961,51.64392],[-3.468859,51.644168],[-3.469662,51.644348],[-3.470951,51.644564],[-3.474035,51.64499],[-3.475527,51.6452]]},"properties":{"@id":"way/1113689370","electrified":"contact_line","frequency":"50","gauge":"1435","maxspeed":"50 mph","name":"Rhondda Line","operator":"Transport for Wales","operator:wikidata":"Q48740007","railway":"rail","ref":"THT","source":"OS_OpenData_StreetView","usage":"branch","voltage":"25000"},"id":"way/1113689370"},{"type":"Feature","geometry":{"type":"LineString","coordinates":[[-3.457803,51.640468],[-3.459164,51.640951],[-3.465271,51.643074]]},"properties":{"@id":"way/1113689371","electrified":"contact_line","frequency":"50","gauge":"1435","maxspeed":"50 mph","name":"Rhondda Line","operator":"Transport for Wales","operator:wikidata":"Q48740007","railway":"rail","ref":"THT","source":"OS_OpenData_StreetView","usage":"branch","voltage":"25000"},"id":"way/1113689371"},{"type":"Feature","geometry":{"type":"LineString","coordinates":[[-3.170177,51.480033],[-3.170175,51.480107]]},"properties":{"@id":"way/1113689372","electrified":"no","gauge":"1435","layer":"1","maxspeed":"25 mph","name":"Valley Lines","operator":"Transport for Wales","operator:wikidata":"Q48740007","passenger_lines":"4","railway":"rail","ref":"CAM","source":"npe","usage":"branch"},"id":"way/1113689372"},{"type":"Feature","geometry":{"type":"LineString","coordinates":[[-3.177261,51.475584],[-3.177139,51.47561]]},"properties":{"@id":"way/1113719847","bridge":"yes","electrified":"no","gauge":"1435","layer":"1","maxspeed":"15 mph","name":"Cardiff Valley Line","operator":"Network Rail","operator:wikidata":"Q1501071","passenger_lines":"2","railway":"rail","ref":"SWM2","usage":"branch"},"id":"way/1113719847"},{"type":"Feature","geometry":{"type":"LineString","coordinates":[[-2.986815,51.593742],[-2.986829,51.593726]]},"properties":{"@id":"way/1115208341","electrified":"no","gauge":"1435","maxspeed":"30 mph","name":"Hereford Loop","name:cy":"Dolen Henffordd","operator":"Network Rail","operator:wikidata":"Q1501071","railway":"rail","railway:aws":"yes","railway:tpws":"yes","ref":"HNL1","tracks":"1","usage":"main"},"id":"way/1115208341"},{"type":"Feature","geometry":{"type":"LineString","coordinates":[[-3.315778,51.652908],[-3.315501,51.653479],[-3.315307,51.654267],[-3.315254,51.65476],[-3.315238,51.655035]]},"properties":{"@id":"way/1119208680","cutting":"yes","electrified":"contact_line","frequency":"50","gauge":"1435","layer":"1","maxspeed":"55 mph","name":"Cardiff and Merthyr Line","operator":"Transport for Wales","operator:wikidata":"Q48740007","railway":"rail","ref":"CAM","source":"OS_OpenData_StreetView","usage":"branch","voltage":"25000"},"id":"way/1119208680"},{"type":"Feature","geometry":{"type":"LineString","coordinates":[[-3.315238,51.655035],[-3.315237,51.655122]]},"properties":{"@id":"way/1119208682","bridge":"yes","electrified":"contact_line","frequency":"50","gauge":"1435","layer":"1","maxspeed":"55 mph","name":"Cardiff and Merthyr Line","operator":"Transport for Wales","operator:wikidata":"Q48740007","railway":"rail","ref":"CAM","source":"OS_OpenData_StreetView","usage":"branch","voltage":"25000"},"id":"way/1119208682"},{"type":"Feature","geometry":{"type":"LineString","coordinates":[[-3.176185,51.475856],[-3.176402,51.475809]]},"properties":{"@id":"way/1119638063","bridge":"yes","electrified":"contact_line","frequency":"50","gauge":"1435","layer":"1","maxspeed":"15 mph","name":"South Wales Main Line","name:br":"Linenn Pennañ Su Kembre","name:cy":"Prif Linell De Cymru","operator":"Network Rail","operator:wikidata":"Q1501071","railway":"rail","ref":"SWM2","usage":"branch","voltage":"25000"},"id":"way/1119638063"},{"type":"Feature","geometry":{"type":"LineString","coordinates":[[-3.136718,51.497551],[-3.136471,51.497653],[-3.136353,51.49771]]},"properties":{"@id":"way/1119650448","electrified":"contact_line","frequency":"50","gauge":"1435","maxspeed":"15 mph","name":"Pengam Sidings","operator":"Network Rail","operator:wikidata":"Q1501071","railway":"rail","railway:traffic_mode":"freight","ref":"SWM2","usage":"branch","voltage":"25000"},"id":"way/1119650448"},{"type":"Feature","geometry":{"type":"LineString","coordinates":[[-3.14242,51.493902],[-3.142291,51.494006],[-3.142065,51.494185]]},"properties":{"@id":"way/1119650453","electrified":"contact_line","frequency":"50","gauge":"1435","maxspeed":"15 mph","name":"Roath Dock Branch","operator":"Network Rail","operator:wikidata":"Q1501071","railway":"rail","railway:traffic_mode":"freight","ref":"ROC","usage":"branch","voltage":"25000"},"id":"way/1119650453"},{"type":"Feature","geometry":{"type":"LineString","coordinates":[[-3.142009,51.494157],[-3.141645,51.494445]]},"properties":{"@id":"way/1119650454","electrified":"contact_line","frequency":"50","gauge":"1435","maxspeed":"15 mph","name":"Pengam Sidings","operator":"Network Rail","operator:wikidata":"Q1501071","railway":"rail","railway:track_ref":"No.3 Up/Down Reception","railway:traffic_mode":"freight","ref":"SWM2","service":"siding","voltage":"25000"},"id":"way/1119650454"},{"type":"Feature","geometry":{"type":"LineString","coordinates":[[-3.142065,51.494185],[-3.141895,51.494327]]},"properties":{"@id":"way/1119650455","electrified":"contact_line","frequency":"50","gauge":"1435","maxspeed":"15 mph","name":"Pengam Sidings","operator":"Network Rail","operator:wikidata":"Q1501071","railway":"rail","railway:traffic_mode":"freight","ref":"SWM2","usage":"branch","voltage":"25000"},"id":"way/1119650455"},{"type":"Feature","geometry":{"type":"LineString","coordinates":[[-3.145301,51.482482],[-3.14527,51.482294],[-3.145254,51.482224],[-3.145203,51.48195],[-3.145167,51.481773]]},"properties":{"@id":"way/1119650456","electrified":"no","gauge":"1435","maxspeed":"15 mph","name":"Roath Branch","railway":"rail","railway:traffic_mode":"freight","ref":"ROA","ref:lor":"GW790","usage":"branch"},"id":"way/1119650456"},{"type":"Feature","geometry":{"type":"LineString","coordinates":[[-3.146031,51.48727],[-3.146022,51.487226],[-3.146009,51.487019],[-3.14602,51.48666],[-3.146019,51.486456],[-3.146018,51.486293],[-3.145982,51.486134]]},"properties":{"@id":"way/1119651740","electrified":"no","gauge":"1435","name":"Roath Branch","operator":"Network Rail","operator:wikidata":"Q1501071","railway":"rail","railway:traffic_mode":"freight","ref":"ROA","ref:lor":"GW790","usage":"branch"},"id":"way/1119651740"},{"type":"Feature","geometry":{"type":"LineString","coordinates":[[-3.145929,51.486138],[-3.145966,51.486376],[-3.145966,51.486552],[-3.145959,51.486841],[-3.145959,51.487123],[-3.145972,51.48728]]},"properties":{"@id":"way/1119651741","electrified":"no","gauge":"1435","name":"Roath Branch","operator":"Network Rail","operator:wikidata":"Q1501071","railway":"rail","railway:traffic_mode":"freight","ref":"ROA","ref:lor":"GW790","usage":"branch"},"id":"way/1119651741"},{"type":"Feature","geometry":{"type":"LineString","coordinates":[[-3.187307,51.475782],[-3.187126,51.47577],[-3.186897,51.475754],[-3.186313,51.475711]]},"properties":{"@id":"way/1121042990","electrified":"no","gauge":"1435","maxspeed":"15 mph","name":"Up Barry Relief","operator":"Network Rail","operator:wikidata":"Q1501071","railway":"rail","ref":"BRY","usage":"branch"},"id":"way/1121042990"},{"type":"Feature","geometry":{"type":"LineString","coordinates":[[-3.186324,51.475789],[-3.186982,51.475845],[-3.187326,51.475877]]},"properties":{"@id":"way/1121042991","electrified":"no","gauge":"1435","maxspeed":"30 mph","name":"South Wales Main Line","name:br":"Linenn Pennañ Su Kembre","name:cy":"Prif Linell De Cymru","name:en":"South Wales Main Line","operator":"Network Rail","operator:wikidata":"Q1501071","railway":"rail","ref":"SWM2","usage":"main"},"id":"way/1121042991"},{"type":"Feature","geometry":{"type":"LineString","coordinates":[[-3.186422,51.475829],[-3.186678,51.475853],[-3.187335,51.475925]]},"properties":{"@id":"way/1121042992","electrified":"no","gauge":"1435","maxspeed":"30 mph","name":"South Wales Main Line","name:br":"Linenn Pennañ Su Kembre","name:cy":"Prif Linell De Cymru","name:en":"South Wales Main Line","operator":"Network Rail","operator:wikidata":"Q1501071","railway":"rail","ref":"SWM2","usage":"main"},"id":"way/1121042992"},{"type":"Feature","geometry":{"type":"LineString","coordinates":[[-3.201233,51.477371],[-3.200404,51.477272]]},"properties":{"@id":"way/1121042993","electrified":"no","gauge":"1435","name":"South Wales Main Line","name:br":"Linenn Pennañ Su Kembre","name:cy":"Prif Linell De Cymru","name:en":"South Wales Main Line","operator":"Network Rail","operator:wikidata":"Q1501071","railway":"rail","ref":"SWM2","usage":"main"},"id":"way/1121042993"},{"type":"Feature","geometry":{"type":"LineString","coordinates":[[-3.248384,51.412463],[-3.24811,51.412722]]},"properties":{"@id":"way/1125685167","bridge":"yes","electrified":"no","gauge":"1435","layer":"1","maxspeed":"15 mph","operator":"Network Rail","operator:wikidata":"Q1501071","railway":"rail","service":"crossover"},"id":"way/1125685167"},{"type":"Feature","geometry":{"type":"LineString","coordinates":[[-3.24811,51.412722],[-3.24808,51.412753]]},"properties":{"@id":"way/1125685168","electrified":"no","gauge":"1435","maxspeed":"15 mph","operator":"Network Rail","operator:wikidata":"Q1501071","railway":"rail","service":"crossover"},"id":"way/1125685168"},{"type":"Feature","geometry":{"type":"LineString","coordinates":[[-3.14013,51.680497],[-3.13994,51.680063]]},"properties":{"@id":"way/1127366327","bridge":"yes","electrified":"no","gauge":"1435","name":"Ebbw Valley Line","operator":"Network Rail","operator:wikidata":"Q1501071","railway":"rail","usage":"branch"},"id":"way/1127366327"},{"type":"Feature","geometry":{"type":"LineString","coordinates":[[-3.271041,51.547137],[-3.271474,51.547416],[-3.27238,51.547969],[-3.272852,51.548278]]},"properties":{"@id":"way/1131297793","electrified":"no","gauge":"1435","maxspeed":"60 mph","name":"Cardiff and Merthyr Line","operator":"Transport for Wales","operator:wikidata":"Q48740007","railway":"rail","ref":"CAM","source":"npe","usage":"branch"},"id":"way/1131297793"},{"type":"Feature","geometry":{"type":"LineString","coordinates":[[-3.271089,51.54711],[-3.27152,51.547388],[-3.272427,51.54794],[-3.2729,51.548251]]},"properties":{"@id":"way/1131297794","electrified":"no","gauge":"1435","maxspeed":"60 mph","name":"Cardiff and Merthyr Line","operator":"Transport for Wales","operator:wikidata":"Q48740007","railway":"rail","ref":"CAM","source":"npe","usage":"branch"},"id":"way/1131297794"},{"type":"Feature","geometry":{"type":"LineString","coordinates":[[-3.256128,51.526684],[-3.256657,51.528812],[-3.257559,51.532388]]},"properties":{"@id":"way/1131299894","electrified":"no","gauge":"1435","maxspeed":"60 mph","name":"Cardiff and Merthyr Line","operator":"Transport for Wales","operator:wikidata":"Q48740007","passenger_lines":"2","railway":"rail","ref":"CAM","source":"npe","usage":"branch"},"id":"way/1131299894"},{"type":"Feature","geometry":{"type":"LineString","coordinates":[[-3.256069,51.526688],[-3.256592,51.528818],[-3.257483,51.532396]]},"properties":{"@id":"way/1131299895","electrified":"no","gauge":"1435","maxspeed":"60 mph","name":"Cardiff and Merthyr Line","operator":"Transport for Wales","operator:wikidata":"Q48740007","passenger_lines":"2","railway":"rail","ref":"CAM","source":"npe","usage":"branch"},"id":"way/1131299895"},{"type":"Feature","geometry":{"type":"LineString","coordinates":[[-3.196964,51.498674],[-3.198243,51.499365],[-3.199638,51.500121],[-3.200602,51.500637],[-3.201053,51.500862],[-3.201455,51.501054],[-3.201938,51.501268],[-3.202539,51.501519],[-3.203131,51.501748],[-3.203393,51.501843],[-3.203786,51.501985]]},"properties":{"@id":"way/1131300607","electrified":"contact_line","frequency":"50","gauge":"1435","maxspeed":"70 mph","name":"Valley Lines","operator":"Transport for Wales","operator:wikidata":"Q48740007","passenger_lines":"2","railway":"rail","ref":"CAM","source":"npe","usage":"branch","voltage":"25000"},"id":"way/1131300607"},{"type":"Feature","geometry":{"type":"LineString","coordinates":[[-3.196933,51.498696],[-3.198218,51.499391],[-3.199602,51.500144],[-3.200569,51.500661],[-3.201017,51.500886],[-3.201437,51.501084],[-3.201909,51.501296],[-3.202525,51.501552],[-3.203082,51.501765],[-3.203359,51.501869],[-3.203742,51.502006]]},"properties":{"@id":"way/1131300608","electrified":"contact_line","frequency":"50","gauge":"1435","maxspeed":"70 mph","name":"Valley Lines","operator":"Transport for Wales","operator:wikidata":"Q48740007","passenger_lines":"2","railway":"rail","ref":"CAM","source":"npe","usage":"branch","voltage":"25000"},"id":"way/1131300608"},{"type":"Feature","geometry":{"type":"LineString","coordinates":[[-3.169999,51.471924],[-3.17076,51.472976],[-3.171009,51.473328]]},"properties":{"@id":"way/1131301550","electrified":"contact_line","frequency":"50","gauge":"1435","maxspeed":"30 mph","name":"Cardiff Bay Branch","operator":"Transport for Wales","operator:wikidata":"Q48740007","passenger_lines":"1","railway":"rail","railway:aws":"yes","railway:bidirectional":"regular","railway:preferred_direction":"both","railway:tpws":"yes","ref":"CAM","usage":"branch","voltage":"25000"},"id":"way/1131301550"},{"type":"Feature","geometry":{"type":"LineString","coordinates":[[-3.185684,51.543495],[-3.185679,51.543599],[-3.185668,51.543754],[-3.185654,51.543929],[-3.185635,51.544117],[-3.18562,51.54429],[-3.185613,51.544363],[-3.185594,51.544551],[-3.185578,51.544726],[-3.185545,51.545159],[-3.185525,51.545458],[-3.185199,51.549944]]},"properties":{"@id":"way/1131302075","electrified":"no","gauge":"1435","maxspeed":"65 mph","name":"Rhymney Line","name:cy":"Llinell Rhymni","operator":"Transport for Wales","operator:wikidata":"Q48740007","passenger_lines":"2","railway":"rail","ref":"CAR","usage":"branch"},"id":"way/1131302075"},{"type":"Feature","geometry":{"type":"LineString","coordinates":[[-3.185105,51.549947],[-3.185225,51.54783],[-3.185383,51.54581],[-3.185405,51.545465],[-3.185426,51.545248],[-3.185447,51.545021],[-3.18549,51.54471],[-3.185502,51.54463],[-3.185548,51.544333],[-3.185575,51.544148],[-3.185602,51.543942],[-3.185611,51.543843],[-3.185634,51.543494]]},"properties":{"@id":"way/1131302076","electrified":"no","gauge":"1435","maxspeed":"75 mph","name":"Rhymney Line","name:cy":"Llinell Rhymni","operator":"Transport for Wales","operator:wikidata":"Q48740007","passenger_lines":"2","railway":"rail","ref":"CAR","usage":"branch"},"id":"way/1131302076"},{"type":"Feature","geometry":{"type":"LineString","coordinates":[[-3.232653,51.644111],[-3.233613,51.643964],[-3.234978,51.643762],[-3.236926,51.643486]]},"properties":{"@id":"way/1131302915","electrified":"contact_line","frequency":"50","gauge":"1435","maxspeed":"40 mph","name":"Rhymney Line","operator":"Transport for Wales","operator:wikidata":"Q48740007","railway":"rail","ref":"CAR","usage":"branch","voltage":"25000"},"id":"way/1131302915"},{"type":"Feature","geometry":{"type":"LineString","coordinates":[[-3.236937,51.643515],[-3.236035,51.643636],[-3.234992,51.643796],[-3.233628,51.644003],[-3.232657,51.644152]]},"properties":{"@id":"way/1131302916","electrified":"contact_line","frequency":"50","gauge":"1435","maxspeed":"40 mph","name":"Rhymney Line","operator":"Transport for Wales","operator:wikidata":"Q48740007","railway":"rail","ref":"CAR","usage":"branch","voltage":"25000"},"id":"way/1131302916"},{"type":"Feature","geometry":{"type":"LineString","coordinates":[[-3.224821,51.651727],[-3.224537,51.651458],[-3.22405,51.650887],[-3.223868,51.650633],[-3.223736,51.650367],[-3.223628,51.650017],[-3.223596,51.649658],[-3.223628,51.649313],[-3.223721,51.648974],[-3.223813,51.648737],[-3.223934,51.648493],[-3.224096,51.648254],[-3.224295,51.648025],[-3.224535,51.647783],[-3.224849,51.647532],[-3.225116,51.647332],[-3.225275,51.64721],[-3.225481,51.64704],[-3.225609,51.646925],[-3.225796,51.646759],[-3.225976,51.646606],[-3.226098,51.646492],[-3.226319,51.646319],[-3.226558,51.646155],[-3.227107,51.645859],[-3.227762,51.645596],[-3.229031,51.64523],[-3.230559,51.644625],[-3.231428,51.644334],[-3.231919,51.644223],[-3.232653,51.644111]]},"properties":{"@id":"way/1131303327","electrified":"no","gauge":"1435","maxspeed":"40 mph","name":"Rhymney Line","operator":"Transport for Wales","operator:wikidata":"Q48740007","railway":"rail","ref":"CAR","usage":"branch"},"id":"way/1131303327"},{"type":"Feature","geometry":{"type":"LineString","coordinates":[[-3.232657,51.644152],[-3.231938,51.644262],[-3.231454,51.644371],[-3.230592,51.64466],[-3.229062,51.645266],[-3.227794,51.645631],[-3.227146,51.645892],[-3.226585,51.646177],[-3.226352,51.646339],[-3.226162,51.646493],[-3.225655,51.646934],[-3.225565,51.647015],[-3.225343,51.647201],[-3.225159,51.647345],[-3.224866,51.64756],[-3.224582,51.647795],[-3.224339,51.64804],[-3.224145,51.648264],[-3.223987,51.648502],[-3.223857,51.648764],[-3.223779,51.648975],[-3.223693,51.649317],[-3.223662,51.649658],[-3.223693,51.650012],[-3.2238,51.650358],[-3.223929,51.650619],[-3.224109,51.650869],[-3.224593,51.651437],[-3.224883,51.651712]]},"properties":{"@id":"way/1131303328","electrified":"no","gauge":"1435","maxspeed":"40 mph","name":"Rhymney Line","operator":"Transport for Wales","operator:wikidata":"Q48740007","railway":"rail","ref":"CAR","usage":"branch"},"id":"way/1131303328"},{"type":"Feature","geometry":{"type":"LineString","coordinates":[[-3.322561,51.660296],[-3.32281,51.660347],[-3.323142,51.660429],[-3.323596,51.660547],[-3.323731,51.66059],[-3.323979,51.660672],[-3.324256,51.660768],[-3.32463,51.660905]]},"properties":{"@id":"way/1131307650","electrified":"no","gauge":"1435","layer":"1","maxspeed":"55 mph","name":"Cardiff and Merthyr Line","operator":"Transport for Wales","operator:wikidata":"Q48740007","railway":"rail","ref":"CAM","source":"OS_OpenData_StreetView","usage":"branch"},"id":"way/1131307650"},{"type":"Feature","geometry":{"type":"LineString","coordinates":[[-3.229507,51.591759],[-3.229555,51.592179],[-3.229642,51.592617],[-3.229756,51.593055],[-3.230022,51.593736],[-3.230436,51.594488],[-3.230676,51.594843],[-3.230969,51.595198],[-3.231702,51.59607]]},"properties":{"@id":"way/1131308045","electrified":"contact_line","frequency":"50","gauge":"1435","maxspeed":"50 mph","name":"Rhymney Line","operator":"Transport for Wales","operator:wikidata":"Q48740007","passenger_lines":"2","railway":"rail","ref":"CAR","usage":"branch","voltage":"25000"},"id":"way/1131308045"},{"type":"Feature","geometry":{"type":"LineString","coordinates":[[-3.23298,51.598619],[-3.232738,51.597868],[-3.23231,51.596991],[-3.231656,51.596085],[-3.230921,51.59522],[-3.230623,51.594856],[-3.230366,51.594491],[-3.22997,51.593748]]},"properties":{"@id":"way/1131308046","electrified":"contact_line","frequency":"50","gauge":"1435","maxspeed":"60 mph","name":"Rhymney Line","operator":"Transport for Wales","operator:wikidata":"Q48740007","passenger_lines":"2","railway":"rail","ref":"CAR","usage":"branch","voltage":"25000"},"id":"way/1131308046"},{"type":"Feature","geometry":{"type":"LineString","coordinates":[[-3.23263,51.606507],[-3.232786,51.605912],[-3.232842,51.605642],[-3.232984,51.604571],[-3.233027,51.604104],[-3.23316,51.602778],[-3.23321,51.602274]]},"properties":{"@id":"way/1131308047","electrified":"no","gauge":"1435","maxspeed":"60 mph","name":"Rhymney Line","operator":"Transport for Wales","operator:wikidata":"Q48740007","passenger_lines":"2","railway":"rail","ref":"CAR","usage":"branch"},"id":"way/1131308047"},{"type":"Feature","geometry":{"type":"LineString","coordinates":[[-3.233255,51.602273],[-3.233081,51.60411],[-3.233038,51.604576],[-3.23289,51.605655],[-3.232727,51.606342]]},"properties":{"@id":"way/1131308048","electrified":"no","gauge":"1435","maxspeed":"55 mph","name":"Rhymney Line","operator":"Transport for Wales","operator:wikidata":"Q48740007","passenger_lines":"2","railway":"rail","ref":"CAR","usage":"branch"},"id":"way/1131308048"},{"type":"Feature","geometry":{"type":"LineString","coordinates":[[-3.024319,51.570008],[-3.024919,51.569911],[-3.025327,51.569878],[-3.025664,51.56987],[-3.025977,51.569884],[-3.026473,51.56993]]},"properties":{"@id":"way/1137378338","electrified":"no","gauge":"1435","maxspeed":"10 mph","name":"Park Mile","name:cy":"Milltir y Parc","operator":"Network Rail","operator:wikidata":"Q1501071","railway":"rail","railway:aws":"yes","railway:bidirectional":"regular","railway:preferred_direction":"both","railway:tpws":"no","ref":"WVL","usage":"branch"},"id":"way/1137378338"},{"type":"Feature","geometry":{"type":"LineString","coordinates":[[-3.494085,51.414568],[-3.49314,51.41435],[-3.49179,51.41413]]},"properties":{"@id":"way/1165368734","electrified":"no","gauge":"1435","maxspeed":"50 mph","name":"Vale of Glamorgan Line","name:cy":"Llinell Bro Morgannwg","operator":"Network Rail","operator:wikidata":"Q1501071","passenger_lines":"2","railway":"rail","ref":"VOG","source":"NPE","usage":"branch"},"id":"way/1165368734"},{"type":"Feature","geometry":{"type":"LineString","coordinates":[[-3.263272,51.540621],[-3.263088,51.540461],[-3.262879,51.54028]]},"properties":{"@id":"way/1182839147","electrified":"no","gauge":"1435","maxspeed":"15 mph","operator":"Transport for Wales","operator:wikidata":"Q48740007","railway":"rail","service":"crossover"},"id":"way/1182839147"},{"type":"Feature","geometry":{"type":"LineString","coordinates":[[-3.262937,51.540261],[-3.263088,51.540461],[-3.263222,51.540639]]},"properties":{"@id":"way/1182839148","electrified":"no","gauge":"1435","maxspeed":"15 mph","operator":"Transport for Wales","operator:wikidata":"Q48740007","railway":"rail","service":"crossover"},"id":"way/1182839148"},{"type":"Feature","geometry":{"type":"LineString","coordinates":[[-3.262826,51.54022],[-3.262433,51.539936],[-3.262304,51.539876],[-3.262154,51.539848],[-3.262034,51.539858],[-3.261877,51.539912],[-3.261723,51.540036],[-3.261583,51.540314]]},"properties":{"@id":"way/1182839149","electrified":"no","gauge":"1435","maxspeed":"10 mph","railway":"rail","service":"spur"},"id":"way/1182839149"},{"type":"Feature","geometry":{"type":"LineString","coordinates":[[-3.262887,51.540205],[-3.26268,51.540052],[-3.262466,51.539895],[-3.262319,51.53983],[-3.262138,51.5398],[-3.262011,51.539806],[-3.261826,51.539881],[-3.261662,51.540022],[-3.261521,51.540308]]},"properties":{"@id":"way/1182839150","electrified":"no","gauge":"1435","maxspeed":"10 mph","railway":"rail","service":"spur"},"id":"way/1182839150"},{"type":"Feature","geometry":{"type":"LineString","coordinates":[[-3.198463,51.475935],[-3.198226,51.475693],[-3.198129,51.475606],[-3.198031,51.475543]]},"properties":{"@id":"way/1184627134","electrified":"no","gauge":"1435","railway":"rail","service":"yard"},"id":"way/1184627134"},{"type":"Feature","geometry":{"type":"LineString","coordinates":[[-3.196181,51.474703],[-3.196438,51.474762],[-3.196643,51.474818],[-3.196977,51.474925],[-3.197076,51.474964]]},"properties":{"@id":"way/1184627135","electrified":"contact_line","frequency":"50","gauge":"1435","railway":"rail","service":"yard","voltage":"25000"},"id":"way/1184627135"},{"type":"Feature","geometry":{"type":"LineString","coordinates":[[-3.193533,51.474824],[-3.194055,51.474836],[-3.195466,51.474938],[-3.196038,51.474986],[-3.196305,51.475015],[-3.196636,51.475087],[-3.196972,51.475172],[-3.197314,51.475279],[-3.197578,51.475381],[-3.197793,51.47549],[-3.197905,51.475559]]},"properties":{"@id":"way/1184627136","electrified":"no","gauge":"1435","railway":"rail","service":"yard"},"id":"way/1184627136"},{"type":"Feature","geometry":{"type":"LineString","coordinates":[[-3.192094,51.47492],[-3.191978,51.474951],[-3.191813,51.475005],[-3.191636,51.475083],[-3.191528,51.475137]]},"properties":{"@id":"way/1184627137","electrified":"no","gauge":"1435","railway":"rail","service":"yard"},"id":"way/1184627137"},{"type":"Feature","geometry":{"type":"LineString","coordinates":[[-3.192205,51.474948],[-3.192298,51.47492],[-3.192489,51.474875],[-3.192733,51.47484],[-3.192917,51.474825],[-3.193156,51.474822],[-3.193295,51.47482],[-3.193533,51.474824]]},"properties":{"@id":"way/1184627138","electrified":"contact_line","frequency":"50","gauge":"1435","railway":"rail","service":"yard","voltage":"25000"},"id":"way/1184627138"},{"type":"Feature","geometry":{"type":"LineString","coordinates":[[-3.319904,51.659879],[-3.320216,51.659927],[-3.320602,51.659997],[-3.321041,51.660074],[-3.321534,51.660124],[-3.322234,51.660214],[-3.322592,51.66027],[-3.323162,51.660405],[-3.323619,51.660526],[-3.323997,51.66065]]},"properties":{"@id":"way/1184892216","electrified":"no","gauge":"1435","layer":"1","maxspeed":"40 mph","name":"Cardiff and Merthyr Line","operator":"Transport for Wales","operator:wikidata":"Q48740007","railway":"rail","ref":"CAM","source":"OS_OpenData_StreetView","usage":"branch"},"id":"way/1184892216"},{"type":"Feature","geometry":{"type":"LineString","coordinates":[[-3.233079,51.598749],[-3.233237,51.599393],[-3.233315,51.600031],[-3.233329,51.601483],[-3.233255,51.602273]]},"properties":{"@id":"way/1188874354","electrified":"contact_line","frequency":"50","gauge":"1435","maxspeed":"55 mph","name":"Rhymney Line","operator":"Transport for Wales","operator:wikidata":"Q48740007","passenger_lines":"2","railway":"rail","ref":"CAR","usage":"branch","voltage":"25000"},"id":"way/1188874354"},{"type":"Feature","geometry":{"type":"LineString","coordinates":[[-3.23321,51.602274],[-3.233273,51.601474],[-3.233262,51.600026],[-3.233179,51.599393],[-3.233018,51.598735]]},"properties":{"@id":"way/1188874355","electrified":"contact_line","frequency":"50","gauge":"1435","maxspeed":"60 mph","name":"Rhymney Line","operator":"Transport for Wales","operator:wikidata":"Q48740007","passenger_lines":"2","railway":"rail","ref":"CAR","usage":"branch","voltage":"25000"},"id":"way/1188874355"},{"type":"Feature","geometry":{"type":"LineString","coordinates":[[-3.233018,51.598735],[-3.23298,51.598619]]},"properties":{"@id":"way/1188874356","bridge":"yes","electrified":"contact_line","frequency":"50","gauge":"1435","layer":"1","maxspeed":"60 mph","name":"Rhymney Line","operator":"Transport for Wales","operator:wikidata":"Q48740007","passenger_lines":"2","railway":"rail","ref":"CAR","usage":"branch","voltage":"25000"},"id":"way/1188874356"},{"type":"Feature","geometry":{"type":"LineString","coordinates":[[-3.233044,51.598639],[-3.233079,51.598749]]},"properties":{"@id":"way/1188874357","bridge":"yes","electrified":"contact_line","frequency":"50","gauge":"1435","layer":"1","maxspeed":"55 mph","name":"Rhymney Line","operator":"Transport for Wales","operator:wikidata":"Q48740007","passenger_lines":"2","railway":"rail","ref":"CAR","usage":"branch","voltage":"25000"},"id":"way/1188874357"},{"type":"Feature","geometry":{"type":"LineString","coordinates":[[-3.087014,51.516567],[-3.086748,51.51669],[-3.086277,51.516936],[-3.086112,51.517039],[-3.085782,51.51723]]},"properties":{"@id":"way/1190630214","electrified":"contact_line","frequency":"50","gauge":"1435","maxspeed":"20 mph","name":"Wentloog Freight Terminal","railway":"rail","service":"siding","voltage":"25000"},"id":"way/1190630214"},{"type":"Feature","geometry":{"type":"LineString","coordinates":[[-3.006548,51.563762],[-3.00655,51.564233],[-3.006569,51.564587],[-3.006593,51.5649],[-3.006629,51.565276],[-3.006759,51.566183],[-3.00679,51.566326]]},"properties":{"@id":"way/1192651524","electrified":"contact_line","frequency":"50","gauge":"1435","maxspeed":"75 mph","name":"South Wales Main Line","name:br":"Linenn Pennañ Su Kembre","name:cy":"Prif Linell De Cymru","operator":"Network Rail","operator:wikidata":"Q1501071","passenger_lines":"4","railway":"rail","railway:track_ref":"Up Main","ref":"SWM2","usage":"main","voltage":"25000"},"id":"way/1192651524"},{"type":"Feature","geometry":{"type":"LineString","coordinates":[[-3.006721,51.566331],[-3.006699,51.566231],[-3.006611,51.565587],[-3.006563,51.565272],[-3.006536,51.5649],[-3.006507,51.564589],[-3.006493,51.564231]]},"properties":{"@id":"way/1192651525","electrified":"contact_line","frequency":"50","gauge":"1435","maxspeed":"75 mph","name":"South Wales Main Line","name:br":"Linenn Pennañ Su Kembre","name:cy":"Prif Linell De Cymru","operator":"Network Rail","operator:wikidata":"Q1501071","passenger_lines":"4","railway":"rail","railway:track_ref":"Down Main","ref":"SWM2","usage":"main","voltage":"25000"},"id":"way/1192651525"},{"type":"Feature","geometry":{"type":"LineString","coordinates":[[-3.09901,51.511085],[-3.098757,51.511181],[-3.097941,51.511475],[-3.097514,51.511628]]},"properties":{"@id":"way/1192653174","electrified":"contact_line","frequency":"50","gauge":"1435","maxspeed":"25 mph","name":"Wentloog Freight Terminal","railway":"rail","service":"siding","voltage":"25000"},"id":"way/1192653174"},{"type":"Feature","geometry":{"type":"LineString","coordinates":[[-3.098095,51.511359],[-3.097748,51.511522],[-3.097514,51.511628]]},"properties":{"@id":"way/1192653175","name":"Wentloog Freight Terminal","railway":"rail","service":"siding"},"id":"way/1192653175"},{"type":"Feature","geometry":{"type":"LineString","coordinates":[[-3.261581,51.541188],[-3.261745,51.541701]]},"properties":{"@id":"way/1195009502","electrified":"no","gauge":"1435","layer":"-1","railway":"rail","service":"yard","tunnel":"yes"},"id":"way/1195009502"},{"type":"Feature","geometry":{"type":"LineString","coordinates":[[-3.261745,51.541701],[-3.261875,51.542112],[-3.261953,51.542323],[-3.262007,51.542455],[-3.262056,51.542499],[-3.262183,51.542641]]},"properties":{"@id":"way/1195009503","electrified":"no","gauge":"1435","railway":"rail","service":"yard"},"id":"way/1195009503"},{"type":"Feature","geometry":{"type":"LineString","coordinates":[[-3.261583,51.540314],[-3.261543,51.540429],[-3.261513,51.540516],[-3.261513,51.540528],[-3.261508,51.540721],[-3.261516,51.540862],[-3.261531,51.541011],[-3.261581,51.541188]]},"properties":{"@id":"way/1195009504","electrified":"no","gauge":"1435","railway":"rail","service":"yard"},"id":"way/1195009504"},{"type":"Feature","geometry":{"type":"LineString","coordinates":[[-3.262007,51.542455],[-3.261893,51.542359],[-3.261791,51.542202],[-3.261424,51.541093],[-3.261417,51.540903],[-3.261414,51.540839],[-3.261418,51.540742],[-3.261433,51.540646],[-3.261447,51.54053],[-3.261478,51.540406],[-3.261521,51.540308]]},"properties":{"@id":"way/1195009505","electrified":"no","gauge":"1435","railway":"rail","service":"yard"},"id":"way/1195009505"},{"type":"Feature","geometry":{"type":"LineString","coordinates":[[-3.261731,51.541048],[-3.262064,51.542096]]},"properties":{"@id":"way/1195009506","electrified":"no","gauge":"1435","layer":"-1","railway":"rail","service":"yard","tunnel":"yes"},"id":"way/1195009506"},{"type":"Feature","geometry":{"type":"LineString","coordinates":[[-3.261842,51.541034],[-3.262175,51.542082]]},"properties":{"@id":"way/1195009507","electrified":"no","gauge":"1435","layer":"-1","railway":"rail","service":"yard","tunnel":"yes"},"id":"way/1195009507"},{"type":"Feature","geometry":{"type":"LineString","coordinates":[[-3.261954,51.54102],[-3.262285,51.542069]]},"properties":{"@id":"way/1195009508","electrified":"no","gauge":"1435","layer":"-1","railway":"rail","service":"yard","tunnel":"yes"},"id":"way/1195009508"},{"type":"Feature","geometry":{"type":"LineString","coordinates":[[-3.262064,51.542096],[-3.262091,51.542189],[-3.26217,51.542301]]},"properties":{"@id":"way/1195009510","electrified":"no","gauge":"1435","railway":"rail","service":"yard"},"id":"way/1195009510"},{"type":"Feature","geometry":{"type":"LineString","coordinates":[[-3.262175,51.542082],[-3.262192,51.542163],[-3.262188,51.542238],[-3.26217,51.542301],[-3.262162,51.542358],[-3.262152,51.542437],[-3.262147,51.542479],[-3.26216,51.542539],[-3.262183,51.542641]]},"properties":{"@id":"way/1195009511","electrified":"no","gauge":"1435","railway":"rail","service":"yard"},"id":"way/1195009511"},{"type":"Feature","geometry":{"type":"LineString","coordinates":[[-3.262304,51.542235],[-3.262256,51.542315],[-3.262152,51.542437]]},"properties":{"@id":"way/1195009512","electrified":"no","gauge":"1435","railway":"rail","service":"yard"},"id":"way/1195009512"},{"type":"Feature","geometry":{"type":"LineString","coordinates":[[-3.262285,51.542069],[-3.262298,51.542136],[-3.262304,51.542235]]},"properties":{"@id":"way/1195009513","electrified":"no","gauge":"1435","railway":"rail","service":"yard"},"id":"way/1195009513"},{"type":"Feature","geometry":{"type":"LineString","coordinates":[[-3.261629,51.540729],[-3.261663,51.540836],[-3.261694,51.540924],[-3.261731,51.541048]]},"properties":{"@id":"way/1195009514","electrified":"no","gauge":"1435","railway":"rail","service":"yard"},"id":"way/1195009514"},{"type":"Feature","geometry":{"type":"LineString","coordinates":[[-3.261759,51.540816],[-3.261789,51.540862],[-3.26181,51.540904],[-3.261827,51.540969],[-3.261842,51.541034]]},"properties":{"@id":"way/1195009515","electrified":"no","gauge":"1435","railway":"rail","service":"yard"},"id":"way/1195009515"},{"type":"Feature","geometry":{"type":"LineString","coordinates":[[-3.261513,51.540528],[-3.261563,51.540656],[-3.261629,51.540729],[-3.261694,51.540781],[-3.261759,51.540816],[-3.261894,51.540902],[-3.261921,51.540928],[-3.261938,51.540963],[-3.261954,51.54102]]},"properties":{"@id":"way/1195009516","electrified":"no","gauge":"1435","railway":"rail","service":"yard"},"id":"way/1195009516"},{"type":"Feature","geometry":{"type":"LineString","coordinates":[[-3.262378,51.54097],[-3.26236,51.540922],[-3.262326,51.540886],[-3.262291,51.540862],[-3.262242,51.54085],[-3.262123,51.540815],[-3.261997,51.540791],[-3.261922,51.540771],[-3.261882,51.540744],[-3.261849,51.540724],[-3.261723,51.540654],[-3.261643,51.540582],[-3.261543,51.540429]]},"properties":{"@id":"way/1195009517","electrified":"no","gauge":"1435","railway":"rail","service":"yard"},"id":"way/1195009517"},{"type":"Feature","geometry":{"type":"LineString","coordinates":[[-3.261723,51.540654],[-3.261828,51.540675],[-3.261941,51.540689],[-3.262102,51.540704],[-3.26238,51.540731],[-3.262496,51.540745],[-3.262571,51.540762],[-3.262662,51.540777],[-3.262709,51.540804],[-3.26275,51.540854],[-3.262778,51.540923]]},"properties":{"@id":"way/1195009518","electrified":"no","gauge":"1435","railway":"rail","service":"yard"},"id":"way/1195009518"},{"type":"Feature","geometry":{"type":"LineString","coordinates":[[-3.261508,51.540721],[-3.261417,51.540903]]},"properties":{"@id":"way/1195009519","electrified":"no","gauge":"1435","railway":"rail","service":"yard"},"id":"way/1195009519"},{"type":"Feature","geometry":{"type":"LineString","coordinates":[[-3.262946,51.542442],[-3.2625,51.540956]]},"properties":{"@id":"way/1195012721","electrified":"contact_line","frequency":"50","gauge":"1435","railway":"rail","service":"yard","voltage":"25000"},"id":"way/1195012721"},{"type":"Feature","geometry":{"type":"LineString","coordinates":[[-3.262946,51.542442],[-3.262876,51.542366],[-3.262438,51.540962]]},"properties":{"@id":"way/1195012722","electrified":"contact_line","frequency":"50","gauge":"1435","railway":"rail","service":"yard","voltage":"25000"},"id":"way/1195012722"},{"type":"Feature","geometry":{"type":"LineString","coordinates":[[-3.263019,51.542498],[-3.262558,51.540948]]},"properties":{"@id":"way/1195012723","electrified":"contact_line","frequency":"50","gauge":"1435","railway":"rail","service":"yard","voltage":"25000"},"id":"way/1195012723"},{"type":"Feature","geometry":{"type":"LineString","coordinates":[[-3.263074,51.54249],[-3.262619,51.540941]]},"properties":{"@id":"way/1195012724","electrified":"contact_line","frequency":"50","gauge":"1435","railway":"rail","service":"yard","voltage":"25000"},"id":"way/1195012724"},{"type":"Feature","geometry":{"type":"LineString","coordinates":[[-3.263123,51.542485],[-3.262674,51.540934]]},"properties":{"@id":"way/1195012725","electrified":"contact_line","frequency":"50","gauge":"1435","railway":"rail","service":"yard","voltage":"25000"},"id":"way/1195012725"},{"type":"Feature","geometry":{"type":"LineString","coordinates":[[-3.263179,51.542479],[-3.262725,51.540928]]},"properties":{"@id":"way/1195012726","electrified":"contact_line","frequency":"50","gauge":"1435","railway":"rail","service":"yard","voltage":"25000"},"id":"way/1195012726"},{"type":"Feature","geometry":{"type":"LineString","coordinates":[[-3.263232,51.542474],[-3.262778,51.540923]]},"properties":{"@id":"way/1195012727","electrified":"contact_line","frequency":"50","gauge":"1435","railway":"rail","service":"yard","voltage":"25000"},"id":"way/1195012727"},{"type":"Feature","geometry":{"type":"LineString","coordinates":[[-3.263178,51.542705],[-3.263135,51.542797],[-3.26312,51.542831],[-3.263082,51.542866],[-3.262976,51.542904],[-3.262857,51.54292],[-3.262697,51.542937],[-3.26257,51.542937],[-3.262479,51.542922],[-3.262381,51.542884],[-3.262272,51.542761],[-3.262183,51.542641]]},"properties":{"@id":"way/1195020144","electrified":"no","gauge":"1435","railway":"rail","service":"yard"},"id":"way/1195020144"},{"type":"Feature","geometry":{"type":"LineString","coordinates":[[-3.262272,51.542761],[-3.26235,51.542797],[-3.262424,51.542862],[-3.262546,51.542895],[-3.262635,51.542889],[-3.262769,51.542879],[-3.262881,51.542855],[-3.262931,51.542842],[-3.262966,51.542819],[-3.262989,51.542791],[-3.263001,51.542774],[-3.262964,51.542504],[-3.262946,51.542442]]},"properties":{"@id":"way/1195020145","electrified":"no","gauge":"1435","railway":"rail","service":"yard"},"id":"way/1195020145"},{"type":"Feature","geometry":{"type":"LineString","coordinates":[[-3.262976,51.542904],[-3.263054,51.542848],[-3.263112,51.542702],[-3.263074,51.54249]]},"properties":{"@id":"way/1195020146","electrified":"no","gauge":"1435","railway":"rail","service":"yard"},"id":"way/1195020146"},{"type":"Feature","geometry":{"type":"LineString","coordinates":[[-3.263123,51.542485],[-3.263121,51.542593],[-3.263112,51.542702]]},"properties":{"@id":"way/1195020147","electrified":"no","gauge":"1435","railway":"rail","service":"yard"},"id":"way/1195020147"},{"type":"Feature","geometry":{"type":"LineString","coordinates":[[-3.263019,51.542498],[-3.263032,51.542709],[-3.263001,51.542774]]},"properties":{"@id":"way/1195020148","electrified":"no","gauge":"1435","railway":"rail","service":"yard"},"id":"way/1195020148"},{"type":"Feature","geometry":{"type":"LineString","coordinates":[[-3.263178,51.542705],[-3.263179,51.542479]]},"properties":{"@id":"way/1195020154","electrified":"no","gauge":"1435","railway":"rail","service":"yard"},"id":"way/1195020154"},{"type":"Feature","geometry":{"type":"LineString","coordinates":[[-3.263178,51.542705],[-3.263212,51.54259],[-3.263232,51.542474]]},"properties":{"@id":"way/1195020155","electrified":"no","gauge":"1435","railway":"rail","service":"yard"},"id":"way/1195020155"},{"type":"Feature","geometry":{"type":"LineString","coordinates":[[-3.262725,51.540928],[-3.26269,51.54085],[-3.262653,51.540807],[-3.262571,51.540762]]},"properties":{"@id":"way/1195020156","electrified":"no","gauge":"1435","railway":"rail","service":"yard"},"id":"way/1195020156"},{"type":"Feature","geometry":{"type":"LineString","coordinates":[[-3.262674,51.540934],[-3.262645,51.540868],[-3.262598,51.540825],[-3.262534,51.540792],[-3.262451,51.540786]]},"properties":{"@id":"way/1195020157","electrified":"no","gauge":"1435","railway":"rail","service":"yard"},"id":"way/1195020157"},{"type":"Feature","geometry":{"type":"LineString","coordinates":[[-3.262619,51.540941],[-3.262595,51.540876],[-3.262544,51.54083],[-3.262451,51.540786],[-3.262378,51.540764],[-3.262303,51.540755],[-3.262225,51.540741],[-3.262162,51.540726],[-3.262102,51.540704]]},"properties":{"@id":"way/1195020158","electrified":"no","gauge":"1435","railway":"rail","service":"yard"},"id":"way/1195020158"},{"type":"Feature","geometry":{"type":"LineString","coordinates":[[-3.262558,51.540948],[-3.262528,51.540882],[-3.26246,51.540837],[-3.262341,51.540789],[-3.262221,51.54077],[-3.262121,51.540765],[-3.262041,51.540768]]},"properties":{"@id":"way/1195020159","electrified":"no","gauge":"1435","railway":"rail","service":"yard"},"id":"way/1195020159"},{"type":"Feature","geometry":{"type":"LineString","coordinates":[[-3.2625,51.540956],[-3.262481,51.540918],[-3.262462,51.540884],[-3.262425,51.540857],[-3.262349,51.540824],[-3.262264,51.540803],[-3.26218,51.540789],[-3.262041,51.540768],[-3.261974,51.540752],[-3.261849,51.540724]]},"properties":{"@id":"way/1195020160","electrified":"no","gauge":"1435","railway":"rail","service":"yard"},"id":"way/1195020160"},{"type":"Feature","geometry":{"type":"LineString","coordinates":[[-3.262438,51.540962],[-3.26242,51.540908],[-3.262381,51.540865],[-3.262264,51.540803]]},"properties":{"@id":"way/1195020161","electrified":"no","gauge":"1435","railway":"rail","service":"yard"},"id":"way/1195020161"},{"type":"Feature","geometry":{"type":"LineString","coordinates":[[-3.227734,51.655558],[-3.225956,51.653039],[-3.225621,51.652582],[-3.225286,51.65217],[-3.224821,51.651727]]},"properties":{"@id":"way/1195228347","electrified":"contact_line","frequency":"50","gauge":"1435","maxspeed":"40 mph","name":"Rhymney Line","operator":"Transport for Wales","operator:wikidata":"Q48740007","railway":"rail","ref":"CAR","usage":"branch","voltage":"25000"},"id":"way/1195228347"},{"type":"Feature","geometry":{"type":"LineString","coordinates":[[-3.224883,51.651712],[-3.225343,51.65215],[-3.22568,51.652564],[-3.226016,51.653023],[-3.227792,51.655539]]},"properties":{"@id":"way/1195228348","electrified":"contact_line","frequency":"50","gauge":"1435","maxspeed":"40 mph","name":"Rhymney Line","operator":"Transport for Wales","operator:wikidata":"Q48740007","railway":"rail","ref":"CAR","usage":"branch","voltage":"25000"},"id":"way/1195228348"},{"type":"Feature","geometry":{"type":"LineString","coordinates":[[-3.227792,51.655539],[-3.227895,51.655686]]},"properties":{"@id":"way/1195228349","bridge":"yes","electrified":"contact_line","frequency":"50","gauge":"1435","layer":"1","maxspeed":"45 mph","name":"Rhymney Line","operator":"Transport for Wales","operator:wikidata":"Q48740007","railway":"rail","ref":"CAR","usage":"branch","voltage":"25000"},"id":"way/1195228349"},{"type":"Feature","geometry":{"type":"LineString","coordinates":[[-3.227834,51.6557],[-3.227734,51.655558]]},"properties":{"@id":"way/1195228350","bridge":"yes","electrified":"contact_line","frequency":"50","gauge":"1435","layer":"1","maxspeed":"45 mph","name":"Rhymney Line","operator":"Transport for Wales","operator:wikidata":"Q48740007","railway":"rail","ref":"CAR","usage":"branch","voltage":"25000"},"id":"way/1195228350"},{"type":"Feature","geometry":{"type":"LineString","coordinates":[[-3.262964,51.542504],[-3.262892,51.542464],[-3.262833,51.542409],[-3.262378,51.54097]]},"properties":{"@id":"way/1219834161","electrified":"contact_line","frequency":"50","gauge":"1435","railway":"rail","service":"yard","voltage":"25000"},"id":"way/1219834161"},{"type":"Feature","geometry":{"type":"LineString","coordinates":[[-3.262833,51.542409],[-3.262755,51.542333],[-3.262327,51.540975]]},"properties":{"@id":"way/1219834162","electrified":"contact_line","frequency":"50","gauge":"1435","railway":"rail","service":"yard","voltage":"25000"},"id":"way/1219834162"},{"type":"Feature","geometry":{"type":"LineString","coordinates":[[-3.262327,51.540975],[-3.262313,51.54094],[-3.26229,51.540907],[-3.262123,51.540815]]},"properties":{"@id":"way/1219834163","electrified":"no","gauge":"1435","railway":"rail","service":"yard"},"id":"way/1219834163"},{"type":"Feature","geometry":{"type":"LineString","coordinates":[[-3.139546,51.66011],[-3.138895,51.659805],[-3.138439,51.65953],[-3.13821,51.65936],[-3.137977,51.659135],[-3.137781,51.658917],[-3.137552,51.658631],[-3.137351,51.658334],[-3.136927,51.657447],[-3.136691,51.656843],[-3.13657,51.65655],[-3.136475,51.656339],[-3.13628,51.656029],[-3.136144,51.655814],[-3.135816,51.655452],[-3.13497,51.654699],[-3.134687,51.654415],[-3.134486,51.654144],[-3.13437,51.653926],[-3.134272,51.653706],[-3.134207,51.653494],[-3.134188,51.653207],[-3.1342,51.653014],[-3.134234,51.65285],[-3.13432,51.652641],[-3.134457,51.652392],[-3.134622,51.652151],[-3.134821,51.651937],[-3.13503,51.651744],[-3.135246,51.651589],[-3.135434,51.651491],[-3.135812,51.651322],[-3.136307,51.651108],[-3.136604,51.650951],[-3.13689,51.6508],[-3.137159,51.650628],[-3.137495,51.650374],[-3.137893,51.65004],[-3.137941,51.649995]]},"properties":{"@id":"way/1226561862","electrified":"no","gauge":"1435","name":"Ebbw Valley Line","operator":"Network Rail","operator:wikidata":"Q1501071","railway":"rail","usage":"branch"},"id":"way/1226561862"},{"type":"Feature","geometry":{"type":"LineString","coordinates":[[-3.13994,51.680063],[-3.139763,51.679701],[-3.139591,51.679342],[-3.139434,51.678973],[-3.13929,51.678544],[-3.139272,51.678268],[-3.139282,51.678029],[-3.139352,51.677611],[-3.139426,51.677405],[-3.139574,51.677015],[-3.139801,51.676297],[-3.139913,51.675809],[-3.140012,51.675352],[-3.140116,51.67495],[-3.140291,51.674537],[-3.140477,51.674164],[-3.14071,51.67377],[-3.14091,51.673433],[-3.140999,51.673261],[-3.141114,51.672887],[-3.141164,51.672574],[-3.141189,51.672269],[-3.141195,51.671934],[-3.141144,51.671616],[-3.141109,51.671224],[-3.14113,51.670903],[-3.141153,51.670721],[-3.141271,51.670339],[-3.14147,51.669942],[-3.141753,51.669519],[-3.141974,51.669212],[-3.142193,51.668816],[-3.14234,51.668518]]},"properties":{"@id":"way/1226561863","electrified":"no","gauge":"1435","name":"Ebbw Valley Line","operator":"Network Rail","operator:wikidata":"Q1501071","railway":"rail","usage":"branch"},"id":"way/1226561863"},{"type":"Feature","geometry":{"type":"LineString","coordinates":[[-3.142556,51.667903],[-3.142509,51.668174],[-3.142408,51.668532],[-3.142266,51.668856],[-3.142184,51.668996],[-3.141768,51.669641],[-3.141517,51.670045],[-3.14139,51.670278],[-3.141288,51.670529],[-3.141222,51.670811],[-3.141189,51.671007],[-3.14119,51.671205],[-3.141216,51.671538],[-3.14126,51.671893],[-3.141272,51.672096],[-3.141274,51.672262],[-3.141259,51.672476],[-3.141224,51.672689],[-3.141178,51.67292],[-3.141098,51.67318],[-3.141003,51.673427],[-3.140839,51.673744],[-3.140619,51.674146],[-3.14047,51.674406],[-3.140363,51.674619],[-3.140234,51.674894],[-3.140113,51.675275],[-3.14002,51.67564],[-3.13991,51.676063],[-3.139855,51.67628],[-3.139785,51.676506],[-3.139692,51.6768],[-3.139534,51.677238],[-3.139439,51.677495],[-3.139378,51.67775],[-3.139335,51.677976],[-3.13932,51.678182],[-3.139319,51.678418],[-3.139375,51.678639],[-3.13944,51.678845],[-3.139576,51.679225],[-3.139985,51.680066]]},"properties":{"@id":"way/1226565459","electrified":"no","gauge":"1435","maxspeed":"50 mph","name":"Ebbw Valley Line","name:cy":"Rheilffordd Dyffryn Ebwy","operator":"Network Rail","operator:wikidata":"Q1501071","railway":"rail","ref":"WVL","source":"NPE","usage":"branch"},"id":"way/1226565459"},{"type":"Feature","geometry":{"type":"LineString","coordinates":[[-3.14234,51.668518],[-3.142452,51.668123],[-3.142538,51.667408]]},"properties":{"@id":"way/1226565460","electrified":"no","gauge":"1435","name":"Ebbw Valley Line","operator":"Network Rail","operator:wikidata":"Q1501071","railway":"rail","usage":"branch"},"id":"way/1226565460"},{"type":"Feature","geometry":{"type":"LineString","coordinates":[[-3.142576,51.667438],[-3.142556,51.667903]]},"properties":{"@id":"way/1226565461","electrified":"no","gauge":"1435","name":"Ebbw Valley Line","operator":"Network Rail","operator:wikidata":"Q1501071","railway":"rail","usage":"branch"},"id":"way/1226565461"},{"type":"Feature","geometry":{"type":"LineString","coordinates":[[-3.137979,51.650005],[-3.137804,51.650156],[-3.137371,51.650521],[-3.136962,51.650792],[-3.136444,51.651077],[-3.136228,51.651171],[-3.135845,51.651338],[-3.135499,51.651501],[-3.135237,51.651666],[-3.134978,51.651869],[-3.134761,51.652085],[-3.134613,51.652264],[-3.134463,51.652471],[-3.134341,51.652705],[-3.134264,51.652913],[-3.13424,51.653102],[-3.134247,51.653225],[-3.134258,51.65337],[-3.134298,51.653612],[-3.134451,51.653982],[-3.134573,51.654191],[-3.134768,51.6544],[-3.134896,51.65456],[-3.135389,51.655044],[-3.135552,51.655186],[-3.135901,51.655495],[-3.136169,51.655811],[-3.136297,51.656003],[-3.136462,51.656253],[-3.136618,51.656579],[-3.136737,51.656865],[-3.136871,51.657211],[-3.13702,51.657571],[-3.137134,51.657829],[-3.137255,51.658077],[-3.137408,51.658353],[-3.137724,51.658801],[-3.137909,51.659016],[-3.138133,51.659242],[-3.138331,51.659412],[-3.138632,51.659626],[-3.139539,51.66008]]},"properties":{"@id":"way/1226570427","electrified":"no","gauge":"1435","maxspeed":"50 mph","name":"Ebbw Valley Line","name:cy":"Rheilffordd Dyffryn Ebwy","operator":"Network Rail","operator:wikidata":"Q1501071","railway":"rail","ref":"WVL","source":"NPE","usage":"branch"},"id":"way/1226570427"},{"type":"Feature","geometry":{"type":"LineString","coordinates":[[-3.127866,51.621844],[-3.127394,51.621582],[-3.126715,51.621228]]},"properties":{"@id":"way/1226570428","electrified":"no","gauge":"1435","maxspeed":"25 mph","name":"Ebbw Valley Line","operator":"Network Rail","operator:wikidata":"Q1501071","railway":"rail","ref":"WVL","usage":"branch"},"id":"way/1226570428"},{"type":"Feature","geometry":{"type":"LineString","coordinates":[[-3.168172,51.469484],[-3.167764,51.469057],[-3.167438,51.468712],[-3.166677,51.467719]]},"properties":{"@id":"way/1228518876","electrified":"contact_line","frequency":"50","gauge":"1435","maxspeed":"30 mph","name":"Cardiff Bay Branch","operator":"Transport for Wales","operator:wikidata":"Q48740007","passenger_lines":"1","railway":"rail","railway:aws":"yes","railway:bidirectional":"regular","railway:preferred_direction":"both","railway:tpws":"yes","ref":"CAM","usage":"branch","voltage":"25000"},"id":"way/1228518876"},{"type":"Feature","geometry":{"type":"LineString","coordinates":[[-3.21588,51.571459],[-3.215548,51.571424],[-3.215188,51.571382],[-3.214623,51.571311]]},"properties":{"@id":"way/1243180908","electrified":"no","gauge":"1435","maxspeed":"25 mph","name:cy":"Llinell Rhymni","operator":"Transport for Wales","operator:wikidata":"Q48740007","railway":"rail","service":"spur"},"id":"way/1243180908"},{"type":"Feature","geometry":{"type":"LineString","coordinates":[[-3.343388,51.601164],[-3.343328,51.60097]]},"properties":{"@id":"way/1254061219","electrified":"no","gauge":"1435","maxspeed":"15 mph","operator":"Transport for Wales","operator:wikidata":"Q48740007","railway":"rail","service":"crossover"},"id":"way/1254061219"},{"type":"Feature","geometry":{"type":"LineString","coordinates":[[-3.343454,51.601382],[-3.343413,51.601249]]},"properties":{"@id":"way/1254061220","electrified":"no","gauge":"1435","maxspeed":"15 mph","operator":"Transport for Wales","operator:wikidata":"Q48740007","railway":"rail","service":"crossover"},"id":"way/1254061220"},{"type":"Feature","geometry":{"type":"LineString","coordinates":[[-3.188935,51.448129],[-3.18881,51.447886],[-3.188721,51.447631],[-3.188677,51.447424],[-3.188669,51.447077],[-3.188713,51.446797],[-3.188858,51.446466],[-3.188908,51.446361],[-3.188936,51.446305],[-3.189002,51.446193],[-3.189085,51.44607],[-3.189164,51.445967],[-3.18923,51.445886],[-3.18932,51.445788],[-3.189435,51.445677],[-3.189607,51.445537],[-3.189783,51.445414],[-3.18997,51.445301],[-3.19012,51.44522],[-3.190265,51.445147],[-3.190415,51.445078],[-3.190808,51.444906],[-3.191269,51.444752],[-3.191924,51.444585],[-3.192677,51.444481],[-3.193502,51.444419]]},"properties":{"@id":"way/1273159039","electrified":"no","gauge":"1435","maxspeed":"25 mph","name":"Vale of Glamorgan Line","name:cy":"Llinell Bro Morgannwg","operator":"Network Rail","operator:wikidata":"Q1501071","passenger_lines":"2","railway":"rail","ref":"BRY","usage":"branch"},"id":"way/1273159039"},{"type":"Feature","geometry":{"type":"LineString","coordinates":[[-3.17735,51.475524],[-3.177524,51.475489]]},"properties":{"@id":"way/1286142095","electrified":"no","gauge":"1435","maxspeed":"15 mph","name":"Cardiff Valley Line","operator":"Network Rail","operator:wikidata":"Q1501071","passenger_lines":"2","railway":"rail","ref":"SWM2","usage":"branch"},"id":"way/1286142095"},{"type":"Feature","geometry":{"type":"LineString","coordinates":[[-2.988438,51.561501],[-2.9883,51.561406],[-2.988178,51.56132],[-2.988067,51.561248]]},"properties":{"@id":"way/1312605756","electrified":"no","gauge":"1435","railway":"rail","service":"crossover","usage":"industrial"},"id":"way/1312605756"},{"type":"Feature","geometry":{"type":"LineString","coordinates":[[-3.228903,51.583868],[-3.228866,51.5837],[-3.228825,51.583459],[-3.228785,51.583107],[-3.228769,51.582652],[-3.228785,51.582127],[-3.228831,51.581742],[-3.228927,51.581248]]},"properties":{"@id":"way/1313506072","electrified":"contact_line","frequency":"50","gauge":"1435","maxspeed":"50 mph","name":"Rhymney Line","operator":"Transport for Wales","operator:wikidata":"Q48740007","passenger_lines":"2","railway":"rail","ref":"CAR","usage":"branch","voltage":"25000"},"id":"way/1313506072"},{"type":"Feature","geometry":{"type":"LineString","coordinates":[[-3.228911,51.583906],[-3.228903,51.583868]]},"properties":{"@id":"way/1313506073","bridge":"yes","electrified":"contact_line","frequency":"50","gauge":"1435","layer":"1","maxspeed":"50 mph","name":"Rhymney Line","operator":"Transport for Wales","operator:wikidata":"Q48740007","passenger_lines":"2","railway":"rail","ref":"CAR","usage":"branch","voltage":"25000"},"id":"way/1313506073"},{"type":"Feature","geometry":{"type":"LineString","coordinates":[[-3.228954,51.583864],[-3.228962,51.583902]]},"properties":{"@id":"way/1313506074","bridge":"yes","electrified":"contact_line","frequency":"50","gauge":"1435","layer":"1","maxspeed":"50 mph","name":"Rhymney Line","operator":"Transport for Wales","operator:wikidata":"Q48740007","passenger_lines":"2","railway":"rail","ref":"CAR","usage":"branch","voltage":"25000"},"id":"way/1313506074"},{"type":"Feature","geometry":{"type":"LineString","coordinates":[[-3.228976,51.581268],[-3.228886,51.581744],[-3.228838,51.582126],[-3.228824,51.582651],[-3.228837,51.583105],[-3.228877,51.583457],[-3.228898,51.583594],[-3.228917,51.583695],[-3.228954,51.583864]]},"properties":{"@id":"way/1313506075","electrified":"contact_line","frequency":"50","gauge":"1435","layer":"1","maxspeed":"50 mph","name":"Rhymney Line","operator":"Transport for Wales","operator:wikidata":"Q48740007","passenger_lines":"2","railway":"rail","ref":"CAR","usage":"branch","voltage":"25000"},"id":"way/1313506075"},{"type":"Feature","geometry":{"type":"LineString","coordinates":[[-3.177372,51.503344],[-3.177496,51.503713]]},"properties":{"@id":"way/1314144186","bridge":"yes","electrified":"no","gauge":"1435","layer":"1","maxspeed":"65 mph","name":"Rhymney Line","name:cy":"Llinell Rhymni","operator":"Transport for Wales","operator:wikidata":"Q48740007","passenger_lines":"2","railway":"rail","ref":"CAR","usage":"branch"},"id":"way/1314144186"},{"type":"Feature","geometry":{"type":"LineString","coordinates":[[-3.177272,51.50302],[-3.17732,51.50318]]},"properties":{"@id":"way/1314144187","bridge":"yes","electrified":"no","gauge":"1435","layer":"1","maxspeed":"65 mph","name":"Rhymney Line","name:cy":"Llinell Rhymni","operator":"Transport for Wales","operator:wikidata":"Q48740007","passenger_lines":"2","railway":"rail","ref":"CAR","usage":"branch"},"id":"way/1314144187"},{"type":"Feature","geometry":{"type":"LineString","coordinates":[[-3.177259,51.503166],[-3.177207,51.503008]]},"properties":{"@id":"way/1314144188","bridge":"yes","electrified":"no","gauge":"1435","layer":"1","maxspeed":"75 mph","name":"Rhymney Line","name:cy":"Llinell Rhymni","operator":"Transport for Wales","operator:wikidata":"Q48740007","passenger_lines":"2","railway":"rail","ref":"CAR","usage":"branch"},"id":"way/1314144188"},{"type":"Feature","geometry":{"type":"LineString","coordinates":[[-3.177314,51.503334],[-3.177259,51.503166]]},"properties":{"@id":"way/1314144189","electrified":"no","gauge":"1435","maxspeed":"75 mph","name":"Rhymney Line","name:cy":"Llinell Rhymni","operator":"Transport for Wales","operator:wikidata":"Q48740007","passenger_lines":"2","railway":"rail","ref":"CAR","usage":"branch"},"id":"way/1314144189"},{"type":"Feature","geometry":{"type":"LineString","coordinates":[[-3.177126,51.475654],[-3.176852,51.475701],[-3.17664,51.475731],[-3.176386,51.475774]]},"properties":{"@id":"way/1324680590","electrified":"no","gauge":"1435","maxspeed":"15 mph","name":"Cardiff Valley Line","operator":"Network Rail","operator:wikidata":"Q1501071","railway":"rail","ref":"SWM2","service":"crossover"},"id":"way/1324680590"},{"type":"Feature","geometry":{"type":"LineString","coordinates":[[-3.176437,51.475875],[-3.176651,51.475847],[-3.176845,51.47583],[-3.177075,51.475818]]},"properties":{"@id":"way/1324680591","electrified":"contact_line","frequency":"50","gauge":"1435","maxspeed":"15 mph","name":"South Wales Main Line","name:br":"Linenn Pennañ Su Kembre","name:cy":"Prif Linell De Cymru","operator":"Network Rail","operator:wikidata":"Q1501071","railway":"rail","ref":"SWM2","service":"crossover","voltage":"25000"},"id":"way/1324680591"},{"type":"Feature","geometry":{"type":"LineString","coordinates":[[-3.177075,51.475818],[-3.177263,51.475805]]},"properties":{"@id":"way/1324680592","bridge":"yes","electrified":"contact_line","frequency":"50","gauge":"1435","layer":"1","maxspeed":"15 mph","name":"South Wales Main Line","operator":"Network Rail","operator:wikidata":"Q1501071","railway":"rail","ref":"SWM2","service":"crossover","voltage":"25000"},"id":"way/1324680592"},{"type":"Feature","geometry":{"type":"LineString","coordinates":[[-3.176258,51.475904],[-3.176437,51.475875]]},"properties":{"@id":"way/1324680593","bridge":"yes","electrified":"contact_line","frequency":"50","gauge":"1435","layer":"1","maxspeed":"15 mph","name":"South Wales Main Line","name:br":"Linenn Pennañ Su Kembre","name:cy":"Prif Linell De Cymru","operator":"Network Rail","operator:wikidata":"Q1501071","railway":"rail","ref":"SWM2","service":"crossover","voltage":"25000"},"id":"way/1324680593"},{"type":"Feature","geometry":{"type":"LineString","coordinates":[[-3.175046,51.476099],[-3.17459,51.476213],[-3.174403,51.476259]]},"properties":{"@id":"way/1324680594","electrified":"no","gauge":"1435","maxspeed":"15 mph","name":"Cardiff Valley Line","operator":"Network Rail","operator:wikidata":"Q1501071","railway":"rail","ref":"CEJ","service":"crossover"},"id":"way/1324680594"},{"type":"Feature","geometry":{"type":"LineString","coordinates":[[-3.174403,51.476259],[-3.174149,51.476317]]},"properties":{"@id":"way/1324996794","bridge":"yes","electrified":"no","gauge":"1435","layer":"1","maxspeed":"15 mph","name":"Cardiff Valley Line","operator":"Network Rail","operator:wikidata":"Q1501071","railway":"rail","ref":"CEJ","service":"crossover"},"id":"way/1324996794"},{"type":"Feature","geometry":{"type":"LineString","coordinates":[[-3.475917,51.645254],[-3.481195,51.645966],[-3.481866,51.646106]]},"properties":{"@id":"way/1336502027","electrified":"contact_line","frequency":"50","gauge":"1435","maxspeed":"50 mph","name":"Rhondda Line","operator":"Transport for Wales","operator:wikidata":"Q48740007","railway":"rail","ref":"THT","source":"OS_OpenData_StreetView","usage":"branch","voltage":"25000"},"id":"way/1336502027"},{"type":"Feature","geometry":{"type":"LineString","coordinates":[[-3.475527,51.6452],[-3.475917,51.645254]]},"properties":{"@id":"way/1336502028","bridge":"yes","electrified":"contact_line","frequency":"50","gauge":"1435","layer":"1","maxspeed":"50 mph","name":"Rhondda Line","operator":"Transport for Wales","operator:wikidata":"Q48740007","railway":"rail","ref":"THT","source":"OS_OpenData_StreetView","usage":"branch","voltage":"25000"},"id":"way/1336502028"},{"type":"Feature","geometry":{"type":"LineString","coordinates":[[-3.176434,51.475871],[-3.176258,51.475904]]},"properties":{"@id":"way/1348010553","bridge":"yes","electrified":"contact_line","frequency":"50","gauge":"1435","layer":"1","maxspeed":"20 mph","name":"South Wales Main Line","name:cy":"Prif Linell De Cymru","operator":"Network Rail","operator:wikidata":"Q1501071","railway":"rail","ref":"SWM2","usage":"main","voltage":"25000"},"id":"way/1348010553"},{"type":"Feature","geometry":{"type":"LineString","coordinates":[[-2.935585,51.581641],[-2.935015,51.581651]]},"properties":{"@id":"way/1354896004","railway":"rail","service":"spur"},"id":"way/1354896004"},{"type":"Feature","geometry":{"type":"LineString","coordinates":[[-2.937151,51.581746],[-2.936336,51.581675]]},"properties":{"@id":"way/1354896005","railway":"rail","service":"spur"},"id":"way/1354896005"},{"type":"Feature","geometry":{"type":"LineString","coordinates":[[-2.92882,51.581351],[-2.928021,51.58135]]},"properties":{"@id":"way/1354896006","railway":"rail","service":"spur"},"id":"way/1354896006"},{"type":"Feature","geometry":{"type":"LineString","coordinates":[[-3.160438,51.473905],[-3.160609,51.474096],[-3.160718,51.474204],[-3.160826,51.474345],[-3.160936,51.474494],[-3.16157,51.475351]]},"properties":{"@id":"way/1375158955","electrified":"no","gauge":"1435","name":"Bute Dock Branch","railway":"rail","railway:traffic_mode":"freight","ref":"BUT","service":"yard","usage":"industrial"},"id":"way/1375158955"},{"type":"Feature","geometry":{"type":"LineString","coordinates":[[-3.170732,51.483252],[-3.170845,51.483563]]},"properties":{"@id":"way/1378984863","electrified":"no","gauge":"1435","maxspeed":"25 mph","name":"Valley Lines","operator":"Transport for Wales","operator:wikidata":"Q48740007","passenger_lines":"2","railway":"rail","ref":"CAM","source":"npe","usage":"branch"},"id":"way/1378984863"},{"type":"Feature","geometry":{"type":"LineString","coordinates":[[-3.262285,51.542069],[-3.262473,51.542679]]},"properties":{"@id":"way/1389916613","electrified":"no","gauge":"1435","railway":"rail","service":"yard"},"id":"way/1389916613"},{"type":"Feature","geometry":{"type":"LineString","coordinates":[[-3.341513,51.599447],[-3.34138,51.599367]]},"properties":{"@id":"way/1408445137","bridge":"yes","electrified":"no","gauge":"1435","layer":"1","maxspeed":"15 mph","name":"Cardiff and Merthyr Line","operator":"Transport for Wales","operator:wikidata":"Q48740007","railway":"rail","ref":"CAM","usage":"branch"},"id":"way/1408445137"},{"type":"Feature","geometry":{"type":"LineString","coordinates":[[-3.341877,51.599679],[-3.341646,51.59953],[-3.341513,51.599447]]},"properties":{"@id":"way/1408445138","electrified":"no","gauge":"1435","layer":"1","maxspeed":"15 mph","name":"Cardiff and Merthyr Line","operator":"Transport for Wales","operator:wikidata":"Q48740007","railway":"rail","ref":"CAM","usage":"branch"},"id":"way/1408445138"},{"type":"Feature","geometry":{"type":"LineString","coordinates":[[-3.341678,51.599256],[-3.342083,51.599451],[-3.342298,51.599584],[-3.342496,51.599711],[-3.342654,51.599826],[-3.342729,51.599891],[-3.342804,51.599962],[-3.34295,51.600112],[-3.343008,51.6002],[-3.343092,51.600319]]},"properties":{"@id":"way/1408445139","electrified":"no","gauge":"1435","layer":"1","maxspeed":"20 mph","name":"Cardiff and Merthyr Line","operator":"Transport for Wales","operator:wikidata":"Q48740007","railway":"rail","ref":"CAM","source":"OS_OpenData_StreetView","usage":"branch"},"id":"way/1408445139"},{"type":"Feature","geometry":{"type":"LineString","coordinates":[[-3.341535,51.599187],[-3.341678,51.599256]]},"properties":{"@id":"way/1408445140","bridge":"yes","electrified":"no","gauge":"1435","layer":"1","maxspeed":"20 mph","name":"Cardiff and Merthyr Line","operator":"Transport for Wales","operator:wikidata":"Q48740007","railway":"rail","ref":"CAM","source":"OS_OpenData_StreetView","usage":"branch"},"id":"way/1408445140"},{"type":"Feature","geometry":{"type":"LineString","coordinates":[[-3.341714,51.599215],[-3.341853,51.599281],[-3.342177,51.59945],[-3.342455,51.599617],[-3.342709,51.599812],[-3.342849,51.599943],[-3.343051,51.600185],[-3.343139,51.600311]]},"properties":{"@id":"way/1408445141","electrified":"no","gauge":"1435","layer":"1","maxspeed":"20 mph","name":"Cardiff and Merthyr Line","operator":"Transport for Wales","operator:wikidata":"Q48740007","railway":"rail","ref":"CAM","source":"OS_OpenData_StreetView","usage":"branch"},"id":"way/1408445141"},{"type":"Feature","geometry":{"type":"LineString","coordinates":[[-3.34157,51.599146],[-3.341714,51.599215]]},"properties":{"@id":"way/1408445142","bridge":"yes","electrified":"no","gauge":"1435","layer":"1","maxspeed":"20 mph","name":"Cardiff and Merthyr Line","operator":"Transport for Wales","operator:wikidata":"Q48740007","railway":"rail","ref":"CAM","source":"OS_OpenData_StreetView","usage":"branch"},"id":"way/1408445142"},{"type":"Feature","geometry":{"type":"LineString","coordinates":[[-3.346145,51.602669],[-3.34625,51.602761]]},"properties":{"@id":"way/1409260120","alt_name":"Treherbert Branch","bridge":"yes","electrified":"no","gauge":"1435","layer":"1","maxspeed":"40 mph","name":"Rhondda Line","operator":"Transport for Wales","operator:wikidata":"Q48740007","railway":"rail","ref":"THT","source":"OS_OpenData_StreetView","usage":"branch"},"id":"way/1409260120"},{"type":"Feature","geometry":{"type":"LineString","coordinates":[[-3.345553,51.602185],[-3.345728,51.60232]]},"properties":{"@id":"way/1409260121","alt_name":"Treherbert Branch","bridge":"yes","electrified":"no","gauge":"1435","layer":"1","maxspeed":"40 mph","name":"Rhondda Line","operator":"Transport for Wales","operator:wikidata":"Q48740007","railway":"rail","ref":"THT","source":"OS_OpenData_StreetView","usage":"branch"},"id":"way/1409260121"},{"type":"Feature","geometry":{"type":"LineString","coordinates":[[-3.346244,51.602692],[-3.346321,51.602774]]},"properties":{"@id":"way/1409260122","alt_name":"Treherbert Branch","bridge":"yes","electrified":"no","gauge":"1435","layer":"1","maxspeed":"40 mph","name":"Rhondda Line","operator":"Transport for Wales","operator:wikidata":"Q48740007","railway":"rail","ref":"THT","source":"OS_OpenData_StreetView","usage":"branch"},"id":"way/1409260122"},{"type":"Feature","geometry":{"type":"LineString","coordinates":[[-3.345626,51.602191],[-3.345816,51.602328]]},"properties":{"@id":"way/1409260123","alt_name":"Treherbert Branch","bridge":"yes","electrified":"no","gauge":"1435","layer":"1","maxspeed":"40 mph","name":"Rhondda Line","operator":"Transport for Wales","operator:wikidata":"Q48740007","railway":"rail","ref":"THT","source":"OS_OpenData_StreetView","usage":"branch"},"id":"way/1409260123"},{"type":"Feature","geometry":{"type":"LineString","coordinates":[[-3.345215,51.601932],[-3.345467,51.602082],[-3.345626,51.602191]]},"properties":{"@id":"way/1409260128","alt_name":"Treherbert Branch","electrified":"no","gauge":"1435","layer":"1","maxspeed":"40 mph","name":"Rhondda Line","operator":"Transport for Wales","operator:wikidata":"Q48740007","railway":"rail","ref":"THT","source":"OS_OpenData_StreetView","usage":"branch"},"id":"way/1409260128"},{"type":"Feature","geometry":{"type":"LineString","coordinates":[[-3.3441,51.60131],[-3.344275,51.601428],[-3.344457,51.601533],[-3.345215,51.601932]]},"properties":{"@id":"way/1409260129","alt_name":"Treherbert Branch","bridge":"yes","electrified":"no","gauge":"1435","layer":"1","maxspeed":"20 mph","name":"Rhondda Line","operator":"Transport for Wales","operator:wikidata":"Q48740007","railway":"rail","ref":"THT","source":"OS_OpenData_StreetView","usage":"branch"},"id":"way/1409260129"},{"type":"Feature","geometry":{"type":"LineString","coordinates":[[-3.345183,51.601955],[-3.345413,51.602093],[-3.345553,51.602185]]},"properties":{"@id":"way/1409260130","alt_name":"Treherbert Branch","electrified":"no","gauge":"1435","layer":"1","maxspeed":"40 mph","name":"Rhondda Line","operator":"Transport for Wales","operator:wikidata":"Q48740007","railway":"rail","ref":"THT","source":"OS_OpenData_StreetView","usage":"branch"},"id":"way/1409260130"},{"type":"Feature","geometry":{"type":"LineString","coordinates":[[-3.344059,51.601335],[-3.344256,51.601456],[-3.345183,51.601955]]},"properties":{"@id":"way/1409260131","alt_name":"Treherbert Branch","bridge":"yes","electrified":"no","gauge":"1435","layer":"1","maxspeed":"20 mph","name":"Rhondda Line","operator":"Transport for Wales","operator:wikidata":"Q48740007","railway":"rail","ref":"THT","source":"OS_OpenData_StreetView","usage":"branch"},"id":"way/1409260131"},{"type":"Feature","geometry":{"type":"LineString","coordinates":[[-2.960879,51.551758],[-2.961118,51.551545],[-2.961373,51.551357],[-2.961724,51.551134],[-2.962126,51.550898],[-2.96266,51.550592],[-2.963496,51.550109],[-2.963792,51.549943],[-2.964047,51.549822],[-2.964288,51.549729],[-2.964506,51.549656],[-2.964712,51.549597],[-2.965001,51.549521],[-2.965387,51.549416],[-2.966484,51.549112],[-2.966725,51.549047],[-2.966914,51.548993],[-2.967044,51.548951],[-2.967184,51.548902],[-2.968053,51.548564],[-2.968392,51.548433],[-2.968638,51.54834],[-2.968826,51.548282],[-2.969528,51.548088],[-2.971107,51.547653],[-2.97251,51.547269],[-2.972863,51.54718],[-2.973212,51.547097],[-2.973551,51.547031],[-2.975871,51.546572],[-2.976325,51.54648],[-2.976542,51.546432],[-2.976802,51.54638],[-2.977766,51.546125],[-2.978403,51.545954],[-2.97891,51.545815]]},"properties":{"@id":"way/1413786997","electrified":"no","gauge":"1435","maxspeed":"15 mph","name":"Uskmouth branch","name:cy":"Cangen Aberwysg","railway":"rail","railway:bidirectional":"regular","railway:preferred_direction":"both","service":"spur","usage":"industrial"},"id":"way/1413786997"},{"type":"Feature","geometry":{"type":"LineString","coordinates":[[-2.963853,51.562982],[-2.963619,51.562864]]},"properties":{"@id":"way/1413786998","electrified":"no","gauge":"1435","maxspeed":"5 mph","name":"Uskmouth branch","name:cy":"Cangen Aberwysg","operator":"Network Rail","operator:wikidata":"Q1501071","railway":"rail","railway:bidirectional":"regular","railway:preferred_direction":"both","ref":"EUB","source":"NPE","tunnel":"building_passage","usage":"branch"},"id":"way/1413786998"},{"type":"Feature","geometry":{"type":"LineString","coordinates":[[-2.9657,51.563897],[-2.963853,51.562982]]},"properties":{"@id":"way/1413786999","electrified":"no","gauge":"1435","maxspeed":"15 mph","name":"Uskmouth branch","name:cy":"Cangen Aberwysg","operator":"Network Rail","operator:wikidata":"Q1501071","railway":"rail","railway:bidirectional":"regular","railway:preferred_direction":"both","ref":"EUB","source":"NPE","usage":"branch"},"id":"way/1413786999"},{"type":"Feature","geometry":{"type":"LineString","coordinates":[[-3.114227,51.588857],[-3.11455,51.588837],[-3.114732,51.588832],[-3.115006,51.588824],[-3.115276,51.588807],[-3.115746,51.588763],[-3.115971,51.58875],[-3.11623,51.588749],[-3.116443,51.588745],[-3.116664,51.588748],[-3.116852,51.588757],[-3.116984,51.588767],[-3.117355,51.588794],[-3.117532,51.588816],[-3.117677,51.588836],[-3.118006,51.588895],[-3.118253,51.588943],[-3.118496,51.589003],[-3.118885,51.589103],[-3.119123,51.589178],[-3.119361,51.589257],[-3.119615,51.589337],[-3.119893,51.589434],[-3.120349,51.5896],[-3.120731,51.589732],[-3.121286,51.589922]]},"properties":{"@id":"way/1413797664","electrified":"no","gauge":"1435","maxspeed":"20 mph","operator":"Network Rail","operator:wikidata":"Q1501071","railway":"rail","railway:aws":"yes","railway:bidirectional":"regular","railway:preferred_direction":"both","railway:tpws":"no","railway:traffic_mode":"freight","service":"siding"},"id":"way/1413797664"},{"type":"Feature","geometry":{"type":"LineString","coordinates":[[-3.051984,51.58096],[-3.052573,51.58099],[-3.053755,51.580995],[-3.054545,51.581012],[-3.054759,51.581026],[-3.054977,51.581049],[-3.055283,51.581091],[-3.055595,51.581145],[-3.056706,51.581367],[-3.057107,51.581408],[-3.057277,51.581423],[-3.05757,51.581432]]},"properties":{"@id":"way/1413797665","electrified":"no","gauge":"1435","maxspeed":"10 mph","name":"Bassaleg Junction and Rhymney Line","operator":"Network Rail","operator:wikidata":"Q1501071","railway":"rail","railway:aws":"yes","railway:bidirectional":"regular","railway:preferred_direction":"both","railway:tpws":"no","railway:traffic_mode":"freight","ref":"BJR","usage":"branch"},"id":"way/1413797665"},{"type":"Feature","geometry":{"type":"LineString","coordinates":[[-3.043649,51.578965],[-3.044254,51.578894],[-3.04445,51.578892],[-3.044726,51.578897],[-3.045105,51.578927],[-3.045464,51.578973],[-3.045794,51.579042],[-3.046078,51.579138],[-3.046376,51.579247],[-3.047084,51.579545],[-3.04795,51.579915],[-3.048904,51.580299],[-3.049526,51.580508],[-3.049972,51.580626],[-3.050678,51.580771],[-3.051413,51.580889],[-3.051984,51.58096]]},"properties":{"@id":"way/1413797666","electrified":"no","gauge":"1435","maxspeed":"20 mph","name":"Bassaleg Junction and Rhymney Line","operator":"Network Rail","operator:wikidata":"Q1501071","railway":"rail","railway:aws":"yes","railway:bidirectional":"regular","railway:preferred_direction":"both","railway:tpws":"no","railway:traffic_mode":"freight","ref":"BJR","usage":"branch"},"id":"way/1413797666"},{"type":"Feature","geometry":{"type":"LineString","coordinates":[[-3.020569,51.570622],[-3.019952,51.570712]]},"properties":{"@id":"way/1413799340","electrified":"no","gauge":"1435","maxspeed":"30 mph","name":"Ebbw Valley Line","name:cy":"Rheilffordd Dyffryn Ebwy","operator":"Network Rail","operator:wikidata":"Q1501071","railway":"rail","railway:aws":"yes","railway:preferred_direction":"forward","railway:tpws":"yes","ref":"WVL","source":"NPE","tracks":"2","usage":"branch"},"id":"way/1413799340"},{"type":"Feature","geometry":{"type":"LineString","coordinates":[[-3.007286,51.569075],[-3.007392,51.569387],[-3.007521,51.569681],[-3.007678,51.570006],[-3.007845,51.570367],[-3.007976,51.570536],[-3.008048,51.570628]]},"properties":{"@id":"way/1413799341","electrified":"contact_line","frequency":"50","gauge":"1435","maxspeed":"15 mph","name":"Ebbw Valley Line","name:cy":"Rheilffordd Dyffryn Ebwy","operator":"Network Rail","operator:wikidata":"Q1501071","railway":"rail","railway:aws":"yes","railway:preferred_direction":"forward","railway:tpws":"yes","ref":"NWN","source":"NPE","tracks":"2","usage":"branch","voltage":"25000"},"id":"way/1413799341"},{"type":"Feature","geometry":{"type":"LineString","coordinates":[[-3.00772,51.570263],[-3.007636,51.570118],[-3.007483,51.569806],[-3.007378,51.569558],[-3.007341,51.569471],[-3.007234,51.569187]]},"properties":{"@id":"way/1413799342","electrified":"contact_line","frequency":"50","gauge":"1435","maxspeed":"15 mph","name":"Ebbw Valley Line","name:cy":"Rheilffordd Dyffryn Ebwy","operator":"Network Rail","operator:wikidata":"Q1501071","railway":"rail","railway:aws":"yes","railway:preferred_direction":"forward","railway:tpws":"yes","ref":"NWN","source":"NPE","tracks":"2","usage":"branch","voltage":"25000"},"id":"way/1413799342"},{"type":"Feature","geometry":{"type":"LineString","coordinates":[[-3.021476,51.570496],[-3.021153,51.570547],[-3.020569,51.570622]]},"properties":{"@id":"way/1413799343","electrified":"no","gauge":"1435","maxspeed":"25 mph","name":"Ebbw Valley Line","name:cy":"Rheilffordd Dyffryn Ebwy","operator":"Network Rail","operator:wikidata":"Q1501071","railway":"rail","railway:aws":"yes","railway:preferred_direction":"forward","railway:tpws":"yes","ref":"WVL","source":"NPE","tracks":"2","usage":"branch"},"id":"way/1413799343"},{"type":"Feature","geometry":{"type":"LineString","coordinates":[[-3.188935,51.448129],[-3.188768,51.447897],[-3.188647,51.447729]]},"properties":{"@id":"way/1413801632","electrified":"no","gauge":"1435","maxspeed":"25 mph","name":"Vale of Glamorgan Line - Penarth Branch","operator":"Network Rail","operator:wikidata":"Q1501071","passenger_lines":"1","railway":"rail","railway:aws":"yes","railway:bidirectional":"regular","railway:preferred_direction":"both","railway:tpws":"yes","ref":"PTH","usage":"branch"},"id":"way/1413801632"},{"type":"Feature","geometry":{"type":"LineString","coordinates":[[-3.231895,51.520436],[-3.231477,51.520444],[-3.231084,51.520455]]},"properties":{"@id":"way/1413804631","electrified":"contact_line","frequency":"50","gauge":"1435","maxspeed":"45 mph","name":"Coryton Line","operator":"Transport for Wales","operator:wikidata":"Q48740007","railway":"rail","railway:aws":"yes","railway:bidirectional":"regular","railway:preferred_direction":"both","railway:tpws":"yes","ref":"CRY","source":"NPE","usage":"branch","voltage":"25000","wikidata":"Q5173810","wikipedia":"en:Coryton Line"},"id":"way/1413804631"},{"type":"Feature","geometry":{"type":"LineString","coordinates":[[-3.183545,51.517692],[-3.183462,51.517578],[-3.183278,51.517315],[-3.182984,51.516871],[-3.18245,51.516072],[-3.182241,51.51576],[-3.182006,51.515408],[-3.181963,51.515344]]},"properties":{"@id":"way/1413804632","electrified":"contact_line","frequency":"50","gauge":"1435","maxspeed:backward":"50 mph","maxspeed:forward":"40 mph","name":"Coryton Line","operator":"Transport for Wales","operator:wikidata":"Q48740007","railway":"rail","railway:aws":"yes","railway:bidirectional":"regular","railway:preferred_direction":"both","railway:tpws":"yes","ref":"CRY","source":"NPE","usage":"branch","voltage":"25000","wikidata":"Q5173810","wikipedia":"en:Coryton Line"},"id":"way/1413804632"},{"type":"Feature","geometry":{"type":"LineString","coordinates":[[-3.221724,51.507284],[-3.222255,51.507434],[-3.222755,51.507569],[-3.223242,51.507691],[-3.223669,51.507791],[-3.224149,51.507897],[-3.224625,51.50799],[-3.224899,51.50804],[-3.225432,51.508126],[-3.225828,51.508182],[-3.226202,51.508226],[-3.226581,51.508268],[-3.227067,51.508313],[-3.227635,51.508361],[-3.22826,51.508409],[-3.228785,51.508448],[-3.229162,51.508477],[-3.229577,51.508512],[-3.229902,51.508543],[-3.230145,51.508572],[-3.230653,51.50864],[-3.230919,51.508676],[-3.231587,51.508772],[-3.231896,51.50882],[-3.232287,51.508883],[-3.232683,51.508949],[-3.232934,51.508993],[-3.233194,51.509043],[-3.233416,51.509089]]},"properties":{"@id":"way/1413805087","electrified":"contact_line","frequency":"50","gauge":"1435","maxspeed":"55 mph","name":"Valley Lines","operator":"Transport for Wales","operator:wikidata":"Q48740007","passenger_lines":"2","railway":"rail","ref":"CAM","source":"npe","usage":"branch","voltage":"25000"},"id":"way/1413805087"},{"type":"Feature","geometry":{"type":"LineString","coordinates":[[-3.246141,51.514937],[-3.246374,51.51512],[-3.246551,51.515251],[-3.246663,51.515334],[-3.246798,51.515427],[-3.246915,51.515503]]},"properties":{"@id":"way/1413805088","electrified":"contact_line","frequency":"50","gauge":"1435","maxspeed":"55 mph","name":"Cardiff and Merthyr Line","operator":"Transport for Wales","operator:wikidata":"Q48740007","passenger_lines":"2","railway":"rail","ref":"CAM","source":"npe","usage":"branch","voltage":"25000"},"id":"way/1413805088"},{"type":"Feature","geometry":{"type":"LineString","coordinates":[[-3.246915,51.515503],[-3.247026,51.515577],[-3.24723,51.515704]]},"properties":{"@id":"way/1413805089","electrified":"contact_line","frequency":"50","gauge":"1435","maxspeed":"50 mph","name":"Cardiff and Merthyr Line","operator":"Transport for Wales","operator:wikidata":"Q48740007","passenger_lines":"4","railway":"rail","ref":"CAM","source":"npe","usage":"branch","voltage":"25000"},"id":"way/1413805089"},{"type":"Feature","geometry":{"type":"LineString","coordinates":[[-3.245885,51.51484],[-3.246228,51.515116],[-3.246779,51.51555]]},"properties":{"@id":"way/1413805090","electrified":"contact_line","frequency":"50","gauge":"1435","maxspeed":"45 mph","name":"Cardiff and Merthyr Line","operator":"Transport for Wales","operator:wikidata":"Q48740007","passenger_lines":"2","railway":"rail","ref":"CAM","source":"npe","usage":"branch","voltage":"25000"},"id":"way/1413805090"},{"type":"Feature","geometry":{"type":"LineString","coordinates":[[-3.261261,51.538234],[-3.261569,51.538712]]},"properties":{"@id":"way/1413805091","electrified":"no","gauge":"1435","maxspeed":"15 mph","operator":"Transport for Wales","operator:wikidata":"Q48740007","railway":"rail","ref":"CAM","service":"crossover"},"id":"way/1413805091"},{"type":"Feature","geometry":{"type":"LineString","coordinates":[[-3.283516,51.562152],[-3.28375,51.562295],[-3.283951,51.562434],[-3.284227,51.562641],[-3.284537,51.562924],[-3.284793,51.563219],[-3.285329,51.563962],[-3.285714,51.564398],[-3.286787,51.565455],[-3.287253,51.565904],[-3.287595,51.5662]]},"properties":{"@id":"way/1413805092","electrified":"contact_line","frequency":"50","gauge":"1435","maxspeed":"55 mph","name":"Cardiff and Merthyr Line","operator":"Transport for Wales","operator:wikidata":"Q48740007","railway":"rail","ref":"CAM","source":"OS_OpenData_StreetView","usage":"branch","voltage":"25000"},"id":"way/1413805092"},{"type":"Feature","geometry":{"type":"LineString","coordinates":[[-3.283472,51.562181],[-3.283703,51.562323],[-3.283901,51.56246],[-3.284175,51.562665],[-3.284481,51.562945],[-3.284735,51.563237],[-3.285271,51.56398],[-3.285658,51.564419],[-3.286732,51.565476],[-3.287199,51.565927],[-3.287544,51.566225]]},"properties":{"@id":"way/1413805093","electrified":"contact_line","frequency":"50","gauge":"1435","maxspeed":"55 mph","name":"Cardiff and Merthyr Line","operator":"Transport for Wales","operator:wikidata":"Q48740007","railway":"rail","ref":"CAM","source":"OS_OpenData_StreetView","usage":"branch","voltage":"25000"},"id":"way/1413805093"},{"type":"Feature","geometry":{"type":"LineString","coordinates":[[-3.292427,51.569665],[-3.292835,51.569883],[-3.293508,51.570212],[-3.294146,51.570486],[-3.294737,51.570713],[-3.295964,51.571166]]},"properties":{"@id":"way/1413805094","electrified":"contact_line","frequency":"50","gauge":"1435","maxspeed":"55 mph","name":"Cardiff and Merthyr Line","operator":"Transport for Wales","operator:wikidata":"Q48740007","railway":"rail","ref":"CAM","source":"OS_OpenData_StreetView","usage":"branch","voltage":"25000"},"id":"way/1413805094"},{"type":"Feature","geometry":{"type":"LineString","coordinates":[[-3.321036,51.583896],[-3.322698,51.585647],[-3.323369,51.586404],[-3.323688,51.586911],[-3.323902,51.587324],[-3.324202,51.588226],[-3.324748,51.58997]]},"properties":{"@id":"way/1413805095","electrified":"contact_line","frequency":"50","gauge":"1435","maxspeed":"50 mph","name":"Cardiff and Merthyr Line","operator":"Transport for Wales","operator:wikidata":"Q48740007","railway":"rail","ref":"CAM","source":"OS_OpenData_StreetView","usage":"branch","voltage":"25000"},"id":"way/1413805095"},{"type":"Feature","geometry":{"type":"LineString","coordinates":[[-3.320981,51.583918],[-3.322641,51.585667],[-3.32331,51.586421],[-3.323627,51.586925],[-3.323839,51.587334],[-3.324134,51.588233],[-3.324701,51.590019]]},"properties":{"@id":"way/1413805096","electrified":"contact_line","frequency":"50","gauge":"1435","maxspeed":"50 mph","name":"Cardiff and Merthyr Line","operator":"Transport for Wales","operator:wikidata":"Q48740007","railway":"rail","ref":"CAM","source":"OS_OpenData_StreetView","usage":"branch","voltage":"25000"},"id":"way/1413805096"},{"type":"Feature","geometry":{"type":"LineString","coordinates":[[-3.335449,51.59859],[-3.335881,51.598622],[-3.336237,51.598631],[-3.336586,51.598629],[-3.336933,51.598616],[-3.337199,51.598602],[-3.338126,51.598538],[-3.338439,51.598516]]},"properties":{"@id":"way/1413805097","electrified":"no","gauge":"1435","layer":"1","maxspeed":"40 mph","name":"Cardiff and Merthyr Line","operator":"Transport for Wales","operator:wikidata":"Q48740007","railway":"rail","ref":"CAM","source":"OS_OpenData_StreetView","usage":"branch"},"id":"way/1413805097"},{"type":"Feature","geometry":{"type":"LineString","coordinates":[[-3.337033,51.598668],[-3.337328,51.598657],[-3.337633,51.598636],[-3.33814,51.598584],[-3.338456,51.598562],[-3.338687,51.598555],[-3.33894,51.598564],[-3.339198,51.598576],[-3.339412,51.598596],[-3.339669,51.598624],[-3.339896,51.598658],[-3.340101,51.598695],[-3.340323,51.598741],[-3.3405,51.598783],[-3.34071,51.598843],[-3.340902,51.598906],[-3.341088,51.598981],[-3.34133,51.599088],[-3.341535,51.599187]]},"properties":{"@id":"way/1413805098","electrified":"no","gauge":"1435","layer":"1","maxspeed":"30 mph","name":"Cardiff and Merthyr Line","operator":"Transport for Wales","operator:wikidata":"Q48740007","railway":"rail","ref":"CAM","source":"OS_OpenData_StreetView","usage":"branch"},"id":"way/1413805098"},{"type":"Feature","geometry":{"type":"LineString","coordinates":[[-3.338843,51.598678],[-3.337314,51.598664],[-3.337033,51.598668]]},"properties":{"@id":"way/1413805099","electrified":"no","gauge":"1435","layer":"1","maxspeed":"25 mph","name":"Cardiff and Merthyr Line","operator":"Transport for Wales","operator:wikidata":"Q48740007","railway":"rail","ref":"CAM","usage":"branch"},"id":"way/1413805099"},{"type":"Feature","geometry":{"type":"LineString","coordinates":[[-3.338439,51.598516],[-3.338682,51.598507],[-3.338953,51.598511],[-3.339213,51.598521],[-3.339427,51.59854],[-3.339682,51.598569],[-3.339923,51.598605],[-3.340117,51.59864],[-3.340343,51.598691],[-3.340525,51.598739],[-3.34074,51.598806],[-3.341028,51.598906],[-3.341138,51.598951],[-3.341381,51.599056],[-3.34157,51.599146]]},"properties":{"@id":"way/1413805100","electrified":"no","gauge":"1435","layer":"1","maxspeed":"20 mph","name":"Cardiff and Merthyr Line","operator":"Transport for Wales","operator:wikidata":"Q48740007","railway":"rail","ref":"CAM","source":"OS_OpenData_StreetView","usage":"branch"},"id":"way/1413805100"},{"type":"Feature","geometry":{"type":"LineString","coordinates":[[-3.246003,51.513709],[-3.246028,51.51402],[-3.246079,51.514253],[-3.246138,51.514438],[-3.246189,51.514573],[-3.246239,51.514681]]},"properties":{"@id":"way/1413807174","electrified":"contact_line","frequency":"50","gauge":"1435","maxspeed":"25 mph","name":"Cardiff City Line","name:cy":"Llinell Dinas Caerdydd","operator":"Transport for Wales","operator:wikidata":"Q48740007","passenger_lines":"2","railway":"rail","ref":"RAD","usage":"branch","voltage":"25000"},"id":"way/1413807174"},{"type":"Feature","geometry":{"type":"LineString","coordinates":[[-3.246974,51.515468],[-3.246836,51.515352],[-3.246748,51.515274],[-3.246645,51.51517],[-3.246526,51.515035],[-3.24646,51.514946],[-3.246406,51.51487],[-3.246343,51.514769],[-3.24629,51.514674],[-3.246243,51.514574],[-3.246201,51.514474],[-3.246128,51.514254],[-3.246095,51.514097],[-3.246077,51.513992],[-3.24606,51.513704]]},"properties":{"@id":"way/1413807175","electrified":"contact_line","frequency":"50","gauge":"1435","maxspeed":"25 mph","name":"Cardiff City Line","name:cy":"Llinell Dinas Caerdydd","operator":"Transport for Wales","operator:wikidata":"Q48740007","passenger_lines":"2","railway":"rail","ref":"RAD","usage":"branch","voltage":"25000"},"id":"way/1413807175"},{"type":"Feature","geometry":{"type":"LineString","coordinates":[[-3.246239,51.514681],[-3.246286,51.514781],[-3.246346,51.514894],[-3.246382,51.514955],[-3.246442,51.515042],[-3.24656,51.51519],[-3.246601,51.515233],[-3.246682,51.515314],[-3.246749,51.515374],[-3.246915,51.515503]]},"properties":{"@id":"way/1413807176","electrified":"contact_line","frequency":"50","gauge":"1435","maxspeed":"20 mph","name":"Cardiff City Line","name:cy":"Llinell Dinas Caerdydd","operator":"Transport for Wales","operator:wikidata":"Q48740007","passenger_lines":"2","railway":"rail","ref":"RAD","usage":"branch","voltage":"25000"},"id":"way/1413807176"},{"type":"Feature","geometry":{"type":"LineString","coordinates":[[-3.24606,51.513704],[-3.246112,51.51289],[-3.246084,51.512534],[-3.245946,51.512011],[-3.245819,51.511696],[-3.245677,51.511388],[-3.245632,51.511329],[-3.245476,51.511069]]},"properties":{"@id":"way/1413807177","electrified":"contact_line","frequency":"50","gauge":"1435","maxspeed":"50 mph","name":"Cardiff City Line","name:cy":"Llinell Dinas Caerdydd","operator":"Transport for Wales","operator:wikidata":"Q48740007","passenger_lines":"2","railway":"rail","ref":"RAD","usage":"branch","voltage":"25000"},"id":"way/1413807177"},{"type":"Feature","geometry":{"type":"LineString","coordinates":[[-3.198577,51.475521],[-3.198896,51.475657]]},"properties":{"@id":"way/1413807178","electrified":"no","gauge":"1435","maxspeed":"25 mph","name":"Radyr Branch","operator":"Network Rail","operator:wikidata":"Q1501071","passenger_lines":"2","railway":"rail","ref":"RAD","usage":"branch"},"id":"way/1413807178"},{"type":"Feature","geometry":{"type":"LineString","coordinates":[[-3.198106,51.475354],[-3.198547,51.475542],[-3.198889,51.475686]]},"properties":{"@id":"way/1413807179","electrified":"no","gauge":"1435","maxspeed":"30 mph","name":"Cardiff City Line","name:cy":"Llinell Dinas Caerdydd","operator":"Network Rail","operator:wikidata":"Q1501071","passenger_lines":"2","railway":"rail","ref":"RAD","usage":"branch"},"id":"way/1413807179"},{"type":"Feature","geometry":{"type":"LineString","coordinates":[[-3.192106,51.471388],[-3.192452,51.471717],[-3.192584,51.471843],[-3.192894,51.472103]]},"properties":{"@id":"way/1413808655","electrified":"no","gauge":"1435","maxspeed":"25 mph","name":"Penarth Curve","operator":"Network Rail","operator:wikidata":"Q1501071","railway":"rail","ref":"CPL","usage":"branch"},"id":"way/1413808655"},{"type":"Feature","geometry":{"type":"LineString","coordinates":[[-3.191985,51.471206],[-3.19221,51.471435],[-3.192452,51.471717],[-3.192553,51.471841],[-3.192688,51.472051],[-3.192806,51.472265],[-3.192855,51.472395],[-3.192912,51.472602]]},"properties":{"@id":"way/1413808656","electrified":"no","gauge":"1435","maxspeed":"20 mph","name":"Up Barry","operator":"Network Rail","operator:wikidata":"Q1501071","passenger_lines":"2","railway":"rail","ref":"BRY","usage":"branch"},"id":"way/1413808656"},{"type":"Feature","geometry":{"type":"LineString","coordinates":[[-3.192864,51.472663],[-3.192811,51.472419],[-3.192717,51.4722],[-3.192561,51.471936],[-3.192326,51.47164],[-3.192106,51.471388],[-3.191937,51.471225]]},"properties":{"@id":"way/1413808657","electrified":"no","gauge":"1435","maxspeed":"20 mph","name":"Down Barry","operator":"Network Rail","operator:wikidata":"Q1501071","passenger_lines":"2","railway":"rail","ref":"BRY","usage":"branch"},"id":"way/1413808657"},{"type":"Feature","geometry":{"type":"LineString","coordinates":[[-3.190262,51.463655],[-3.190003,51.463974],[-3.189733,51.464431],[-3.189545,51.464858],[-3.189379,51.465373],[-3.189353,51.465513],[-3.189319,51.465804],[-3.189307,51.466045],[-3.189324,51.46619],[-3.189413,51.466485],[-3.189517,51.466796],[-3.189738,51.467355],[-3.189836,51.467608],[-3.189891,51.467789]]},"properties":{"@id":"way/1413808658","electrified":"no","gauge":"1435","maxspeed":"30 mph","name":"Vale of Glamorgan Line","name:cy":"Llinell Bro Morgannwg","operator":"Network Rail","operator:wikidata":"Q1501071","passenger_lines":"2","railway":"rail","ref":"BRY","usage":"branch"},"id":"way/1413808658"},{"type":"Feature","geometry":{"type":"LineString","coordinates":[[-3.189726,51.46787],[-3.189566,51.467528],[-3.189385,51.467067],[-3.189377,51.467034],[-3.189314,51.466848],[-3.189258,51.466575],[-3.189219,51.466105],[-3.189246,51.465782],[-3.189286,51.465501],[-3.18932,51.46536],[-3.189482,51.464849],[-3.189671,51.464419],[-3.189943,51.463958],[-3.190204,51.463637]]},"properties":{"@id":"way/1413808659","electrified":"no","gauge":"1435","maxspeed":"30 mph","name":"Vale of Glamorgan Line","name:cy":"Llinell Bro Morgannwg","operator":"Network Rail","operator:wikidata":"Q1501071","passenger_lines":"2","railway":"rail","ref":"BRY","usage":"branch"},"id":"way/1413808659"},{"type":"Feature","geometry":{"type":"LineString","coordinates":[[-3.194646,51.457779],[-3.194736,51.457599],[-3.194918,51.457227],[-3.195092,51.456851],[-3.195214,51.456533],[-3.195284,51.456274],[-3.195337,51.456013],[-3.195377,51.455762],[-3.195399,51.455524],[-3.195392,51.455225],[-3.195361,51.454903],[-3.195287,51.454589]]},"properties":{"@id":"way/1413808660","electrified":"no","gauge":"1435","maxspeed":"50 mph","name":"Vale of Glamorgan Line","name:cy":"Llinell Bro Morgannwg","operator":"Network Rail","operator:wikidata":"Q1501071","passenger_lines":"2","railway":"rail","ref":"BRY","usage":"branch"},"id":"way/1413808660"},{"type":"Feature","geometry":{"type":"LineString","coordinates":[[-3.190905,51.449785],[-3.190663,51.449608],[-3.190364,51.449352]]},"properties":{"@id":"way/1413808661","electrified":"no","gauge":"1435","maxspeed":"15 mph","operator":"Network Rail","operator:wikidata":"Q1501071","railway":"rail","ref":"BRY","service":"siding"},"id":"way/1413808661"},{"type":"Feature","geometry":{"type":"LineString","coordinates":[[-3.188986,51.448115],[-3.189129,51.448311],[-3.189369,51.448564],[-3.189629,51.448775],[-3.190503,51.449402]]},"properties":{"@id":"way/1413808662","electrified":"no","gauge":"1435","maxspeed":"25 mph","name":"Vale of Glamorgan Line","name:cy":"Llinell Bro Morgannwg","operator":"Network Rail","operator:wikidata":"Q1501071","passenger_lines":"2","railway":"rail","ref":"BRY","usage":"branch"},"id":"way/1413808662"},{"type":"Feature","geometry":{"type":"LineString","coordinates":[[-3.189847,51.448979],[-3.189587,51.4488],[-3.189321,51.448587],[-3.189084,51.448332],[-3.188935,51.448129]]},"properties":{"@id":"way/1413808663","electrified":"no","gauge":"1435","maxspeed":"25 mph","name":"Vale of Glamorgan Line","name:cy":"Llinell Bro Morgannwg","operator":"Network Rail","operator:wikidata":"Q1501071","passenger_lines":"2","railway":"rail","ref":"BRY","usage":"branch"},"id":"way/1413808663"},{"type":"Feature","geometry":{"type":"LineString","coordinates":[[-3.197855,51.444008],[-3.197399,51.444115],[-3.19674,51.444217],[-3.195486,51.444322],[-3.19351,51.444459]]},"properties":{"@id":"way/1413808664","electrified":"no","gauge":"1435","maxspeed":"40 mph","name":"Vale of Glamorgan Line","name:cy":"Llinell Bro Morgannwg","operator":"Network Rail","operator:wikidata":"Q1501071","passenger_lines":"2","railway":"rail","ref":"BRY","usage":"branch"},"id":"way/1413808664"},{"type":"Feature","geometry":{"type":"LineString","coordinates":[[-3.193502,51.444419],[-3.193965,51.444387],[-3.195478,51.444282],[-3.196725,51.444177],[-3.197386,51.444077],[-3.197837,51.443976]]},"properties":{"@id":"way/1413808665","electrified":"no","gauge":"1435","maxspeed":"40 mph","name":"Vale of Glamorgan Line","name:cy":"Llinell Bro Morgannwg","operator":"Network Rail","operator:wikidata":"Q1501071","passenger_lines":"2","railway":"rail","ref":"BRY","usage":"branch"},"id":"way/1413808665"},{"type":"Feature","geometry":{"type":"LineString","coordinates":[[-3.185199,51.549944],[-3.185202,51.550848],[-3.185349,51.55154]]},"properties":{"@id":"way/1413810662","electrified":"no","gauge":"1435","maxspeed":"50 mph","name":"Rhymney Line","name:cy":"Llinell Rhymni","operator":"Transport for Wales","operator:wikidata":"Q48740007","passenger_lines":"2","railway":"rail","ref":"CAR","usage":"branch"},"id":"way/1413810662"},{"type":"Feature","geometry":{"type":"LineString","coordinates":[[-3.185294,51.551545],[-3.185154,51.55086],[-3.185105,51.549947]]},"properties":{"@id":"way/1413810663","electrified":"no","gauge":"1435","maxspeed":"50 mph","name":"Rhymney Line","name:cy":"Llinell Rhymni","operator":"Transport for Wales","operator:wikidata":"Q48740007","passenger_lines":"2","railway":"rail","ref":"CAR","usage":"branch"},"id":"way/1413810663"},{"type":"Feature","geometry":{"type":"LineString","coordinates":[[-3.213941,51.571254],[-3.212984,51.571129]]},"properties":{"@id":"way/1413810664","electrified":"no","gauge":"1435","maxspeed":"25 mph","operator":"Transport for Wales","operator:wikidata":"Q48740007","railway":"rail","ref":"CAR","service":"crossover"},"id":"way/1413810664"},{"type":"Feature","geometry":{"type":"LineString","coordinates":[[-3.219265,51.571582],[-3.21776,51.57151],[-3.217176,51.571482],[-3.214623,51.571311]]},"properties":{"@id":"way/1413810665","electrified":"no","gauge":"1435","maxspeed":"50 mph","name":"Rhymney Line","name:cy":"Llinell Rhymni","operator":"Transport for Wales","operator:wikidata":"Q48740007","passenger_lines":"2","railway":"rail","ref":"CAR","usage":"branch"},"id":"way/1413810665"},{"type":"Feature","geometry":{"type":"LineString","coordinates":[[-3.215678,51.571338],[-3.217174,51.571448],[-3.218825,51.571525],[-3.219252,51.571546]]},"properties":{"@id":"way/1413810666","electrified":"no","gauge":"1435","maxspeed":"50 mph","name":"Rhymney Line","name:cy":"Llinell Rhymni","operator":"Transport for Wales","operator:wikidata":"Q48740007","passenger_lines":"2","railway":"rail","ref":"CAR","tracks":"2","usage":"branch"},"id":"way/1413810666"},{"type":"Feature","geometry":{"type":"LineString","coordinates":[[-3.438387,51.61767],[-3.438633,51.617708],[-3.438905,51.617739],[-3.439537,51.617797],[-3.440254,51.617827],[-3.440813,51.617833]]},"properties":{"@id":"way/1414987500","electrified":"contact_line","frequency":"50","gauge":"1435","maxspeed":"40 mph","name":"Rhondda Line","operator":"Transport for Wales","operator:wikidata":"Q48740007","railway":"rail","ref":"THT","source":"OS_OpenData_StreetView","usage":"branch","voltage":"25000"},"id":"way/1414987500"},{"type":"Feature","geometry":{"type":"LineString","coordinates":[[-3.48642,51.647828],[-3.486159,51.647702],[-3.484614,51.64693],[-3.483938,51.646624]]},"properties":{"@id":"way/1414987501","electrified":"contact_line","frequency":"50","gauge":"1435","maxspeed":"60 mph","name":"Rhondda Line","operator":"Transport for Wales","operator:wikidata":"Q48740007","railway":"rail","ref":"THT","source":"OS_OpenData_StreetView","usage":"branch","voltage":"25000"},"id":"way/1414987501"},{"type":"Feature","geometry":{"type":"LineString","coordinates":[[-3.336352,51.610912],[-3.336207,51.610975],[-3.33604,51.611042],[-3.335462,51.611232],[-3.334202,51.611517],[-3.333636,51.611679],[-3.332996,51.611925],[-3.332473,51.612192],[-3.332062,51.61247],[-3.331547,51.612894]]},"properties":{"@id":"way/1414996501","electrified":"contact_line","frequency":"50","gauge":"1435","maxspeed":"50 mph","name":"Cardiff and Merthyr Line","operator":"Transport for Wales","operator:wikidata":"Q48740007","railway":"rail","ref":"CAM","source":"OS_OpenData_StreetView","usage":"branch","voltage":"25000"},"id":"way/1414996501"},{"type":"Feature","geometry":{"type":"LineString","coordinates":[[-3.336314,51.610879],[-3.336174,51.610943],[-3.336007,51.611007],[-3.335435,51.611195],[-3.334177,51.61148],[-3.333605,51.611643],[-3.332958,51.611893],[-3.332428,51.612163],[-3.332012,51.612444],[-3.331493,51.612872]]},"properties":{"@id":"way/1414996502","electrified":"contact_line","frequency":"50","gauge":"1435","maxspeed":"50 mph","name":"Cardiff and Merthyr Line","operator":"Transport for Wales","operator:wikidata":"Q48740007","railway":"rail","ref":"CAM","source":"OS_OpenData_StreetView","usage":"branch","voltage":"25000"},"id":"way/1414996502"},{"type":"Feature","geometry":{"type":"LineString","coordinates":[[-3.327849,51.622217],[-3.327935,51.623019],[-3.328012,51.623432],[-3.328141,51.623807],[-3.3283,51.624111],[-3.328731,51.62466],[-3.329049,51.624995]]},"properties":{"@id":"way/1414996503","electrified":"contact_line","frequency":"50","gauge":"1435","maxspeed":"50 mph","name":"Cardiff and Merthyr Line","operator":"Transport for Wales","operator:wikidata":"Q48740007","railway":"rail","ref":"CAM","source":"OS_OpenData_StreetView","usage":"branch","voltage":"25000"},"id":"way/1414996503"},{"type":"Feature","geometry":{"type":"LineString","coordinates":[[-3.327784,51.62222],[-3.32787,51.623023],[-3.327948,51.623439],[-3.328078,51.623818],[-3.32824,51.624126],[-3.328674,51.624679],[-3.328993,51.625015],[-3.329879,51.625936],[-3.330289,51.626393]]},"properties":{"@id":"way/1414996504","electrified":"contact_line","frequency":"50","gauge":"1435","maxspeed":"50 mph","name":"Cardiff and Merthyr Line","operator":"Transport for Wales","operator:wikidata":"Q48740007","railway":"rail","ref":"CAM","source":"OS_OpenData_StreetView","usage":"branch","voltage":"25000"},"id":"way/1414996504"},{"type":"Feature","geometry":{"type":"LineString","coordinates":[[-3.329049,51.624995],[-3.329936,51.625916],[-3.33034,51.626379]]},"properties":{"@id":"way/1414996505","electrified":"contact_line","frequency":"50","gauge":"1435","maxspeed":"55 mph","name":"Cardiff and Merthyr Line","operator":"Transport for Wales","operator:wikidata":"Q48740007","railway":"rail","ref":"CAM","source":"OS_OpenData_StreetView","usage":"branch","voltage":"25000"},"id":"way/1414996505"},{"type":"Feature","geometry":{"type":"LineString","coordinates":[[-3.330585,51.626832],[-3.330647,51.626945],[-3.330739,51.627126],[-3.330861,51.627431],[-3.330984,51.627956]]},"properties":{"@id":"way/1414996506","electrified":"contact_line","frequency":"50","gauge":"1435","maxspeed":"50 mph","name":"Cardiff and Merthyr Line","operator":"Transport for Wales","operator:wikidata":"Q48740007","railway":"rail","ref":"CAM","source":"OS_OpenData_StreetView","usage":"branch","voltage":"25000"},"id":"way/1414996506"},{"type":"Feature","geometry":{"type":"LineString","coordinates":[[-3.332381,51.638284],[-3.332508,51.639172],[-3.332562,51.639374],[-3.332615,51.639493],[-3.332708,51.639805],[-3.332757,51.640131],[-3.332718,51.64049],[-3.332559,51.640926],[-3.332346,51.641253],[-3.331993,51.64163],[-3.331513,51.642]]},"properties":{"@id":"way/1414996507","electrified":"contact_line","frequency":"50","gauge":"1435","maxspeed":"30 mph","name":"Cardiff and Merthyr Line","operator":"Transport for Wales","operator:wikidata":"Q48740007","railway":"rail","ref":"CAM","source":"OS_OpenData_StreetView","usage":"branch","voltage":"25000"},"id":"way/1414996507"},{"type":"Feature","geometry":{"type":"LineString","coordinates":[[-3.332328,51.638287],[-3.332455,51.639175],[-3.332519,51.639394],[-3.332565,51.639502],[-3.332706,51.640135],[-3.332667,51.640484],[-3.332496,51.640925],[-3.332293,51.64124],[-3.331954,51.641613],[-3.331475,51.641968]]},"properties":{"@id":"way/1414996508","electrified":"contact_line","frequency":"50","gauge":"1435","maxspeed":"30 mph","name":"Cardiff and Merthyr Line","operator":"Transport for Wales","operator:wikidata":"Q48740007","railway":"rail","ref":"CAM","source":"OS_OpenData_StreetView","usage":"branch","voltage":"25000"},"id":"way/1414996508"},{"type":"Feature","geometry":{"type":"LineString","coordinates":[[-3.331475,51.641968],[-3.331147,51.642151],[-3.330823,51.6423],[-3.330483,51.642438],[-3.329799,51.642776],[-3.329218,51.643118],[-3.32864,51.643509]]},"properties":{"@id":"way/1414996509","electrified":"contact_line","frequency":"50","gauge":"1435","maxspeed":"25 mph","name":"Cardiff and Merthyr Line","operator":"Transport for Wales","operator:wikidata":"Q48740007","railway":"rail","ref":"CAM","source":"OS_OpenData_StreetView","usage":"branch","voltage":"25000"},"id":"way/1414996509"},{"type":"Feature","geometry":{"type":"LineString","coordinates":[[-3.319904,51.659879],[-3.320153,51.659939],[-3.32038,51.659986],[-3.320602,51.660028],[-3.320825,51.660066],[-3.321066,51.660099],[-3.321233,51.66012],[-3.321923,51.660198],[-3.322228,51.660241],[-3.322561,51.660296]]},"properties":{"@id":"way/1414996510","electrified":"no","gauge":"1435","layer":"1","maxspeed":"55 mph","name":"Cardiff and Merthyr Line","operator":"Transport for Wales","operator:wikidata":"Q48740007","railway":"rail","ref":"CAM","source":"OS_OpenData_StreetView","usage":"branch"},"id":"way/1414996510"},{"type":"Feature","geometry":{"type":"LineString","coordinates":[[-3.323997,51.66065],[-3.324281,51.660751],[-3.32463,51.660905]]},"properties":{"@id":"way/1414996511","electrified":"no","gauge":"1435","layer":"1","maxspeed":"35 mph","name":"Cardiff and Merthyr Line","operator":"Transport for Wales","operator:wikidata":"Q48740007","railway":"rail","ref":"CAM","source":"OS_OpenData_StreetView","usage":"branch"},"id":"way/1414996511"},{"type":"Feature","geometry":{"type":"LineString","coordinates":[[-3.326509,51.662528],[-3.326524,51.663005],[-3.326496,51.663409],[-3.326552,51.663895],[-3.32667,51.664201],[-3.326983,51.664739],[-3.327135,51.665129],[-3.32717,51.665443],[-3.327159,51.665642],[-3.327123,51.665783],[-3.327072,51.665931],[-3.327016,51.666071],[-3.326815,51.666371],[-3.326535,51.666702],[-3.326391,51.666899],[-3.326284,51.667091],[-3.326218,51.667282],[-3.326168,51.667465],[-3.326164,51.667644],[-3.326186,51.667836],[-3.326232,51.667988],[-3.326296,51.668144],[-3.326523,51.668497],[-3.326754,51.668747],[-3.327007,51.668968],[-3.32758,51.669379],[-3.327826,51.669566],[-3.328162,51.669762],[-3.32892,51.670147]]},"properties":{"@id":"way/1414996512","electrified":"contact_line","frequency":"50","gauge":"1435","layer":"1","maxspeed":"35 mph","name":"Cardiff and Merthyr Line","operator":"Transport for Wales","operator:wikidata":"Q48740007","railway":"rail","ref":"CAM","source":"OS_OpenData_StreetView","usage":"branch","voltage":"25000"},"id":"way/1414996512"},{"type":"Feature","geometry":{"type":"LineString","coordinates":[[-3.32892,51.670147],[-3.329402,51.670423],[-3.3298,51.670702],[-3.330093,51.670952],[-3.330403,51.671331],[-3.330602,51.671704],[-3.330699,51.67201],[-3.330853,51.672752],[-3.330981,51.673203],[-3.33117,51.673601],[-3.331848,51.674642],[-3.332227,51.675293],[-3.332443,51.675775],[-3.332566,51.675995],[-3.332728,51.676229],[-3.332872,51.676395],[-3.333047,51.676566],[-3.333235,51.676726],[-3.333656,51.677061],[-3.334136,51.677421]]},"properties":{"@id":"way/1414996513","electrified":"contact_line","frequency":"50","gauge":"1435","layer":"1","maxspeed":"45 mph","name":"Cardiff and Merthyr Line","operator":"Transport for Wales","operator:wikidata":"Q48740007","railway":"rail","ref":"CAM","source":"OS_OpenData_StreetView","usage":"branch","voltage":"25000"},"id":"way/1414996513"},{"type":"Feature","geometry":{"type":"LineString","coordinates":[[-3.326726,51.645565],[-3.326677,51.645846],[-3.326675,51.646103],[-3.326741,51.646374]]},"properties":{"@id":"way/1414999459","electrified":"contact_line","frequency":"50","gauge":"1435","maxspeed":"35 mph","name":"Aberdare Branch","operator":"Transport for Wales","operator:wikidata":"Q48740007","passenger_lines":"1","railway":"rail","ref":"ABD","source":"OS_OpenData_StreetView","usage":"branch","voltage":"25000"},"id":"way/1414999459"},{"type":"Feature","geometry":{"type":"LineString","coordinates":[[-3.326741,51.646374],[-3.327067,51.647068],[-3.32732,51.647487],[-3.327653,51.647874],[-3.328074,51.648243]]},"properties":{"@id":"way/1414999460","electrified":"contact_line","frequency":"50","gauge":"1435","maxspeed":"40 mph","name":"Aberdare Branch","operator":"Transport for Wales","operator:wikidata":"Q48740007","passenger_lines":"1","railway":"rail","ref":"ABD","source":"OS_OpenData_StreetView","usage":"branch","voltage":"25000"},"id":"way/1414999460"},{"type":"Feature","geometry":{"type":"LineString","coordinates":[[-3.351005,51.662595],[-3.351831,51.662683],[-3.352321,51.662764],[-3.352696,51.662844]]},"properties":{"@id":"way/1414999461","electrified":"contact_line","frequency":"50","gauge":"1435","maxspeed":"35 mph","name":"Aberdare Branch","operator":"Transport for Wales","operator:wikidata":"Q48740007","passenger_lines":"1","railway":"rail","ref":"ABD","source":"OS_OpenData_StreetView","usage":"branch","voltage":"25000"},"id":"way/1414999461"},{"type":"Feature","geometry":{"type":"LineString","coordinates":[[-3.373298,51.678151],[-3.373807,51.679494],[-3.373882,51.679678],[-3.373965,51.679859],[-3.374132,51.68014],[-3.374267,51.680314],[-3.374376,51.680437],[-3.374527,51.680582],[-3.374638,51.680674],[-3.374892,51.680867],[-3.375058,51.680976],[-3.375348,51.681136],[-3.375571,51.681247],[-3.376644,51.681734],[-3.377039,51.681913],[-3.377345,51.682065],[-3.37768,51.682246],[-3.377863,51.682361],[-3.378045,51.682488],[-3.379218,51.683384]]},"properties":{"@id":"way/1414999462","electrified":"contact_line","frequency":"50","gauge":"1435","maxspeed":"40 mph","name":"Merthyr Line - Aberdare Branch","operator":"Transport for Wales","operator:wikidata":"Q48740007","passenger_lines":"2","railway":"rail","railway:track_ref":"Up","ref":"ABD","source":"OS_OpenData_StreetView","usage":"branch","voltage":"25000"},"id":"way/1414999462"},{"type":"Feature","geometry":{"type":"LineString","coordinates":[[-3.171868,51.477138],[-3.171626,51.477307],[-3.171457,51.477467]]},"properties":{"@id":"way/1418147052","bridge":"yes","electrified":"no","gauge":"1435","layer":"1","maxspeed":"15 mph","name":"Up Llandaff","operator":"Transport for Wales","operator:wikidata":"Q48740007","passenger_lines":"2","railway":"rail","ref":"CEJ","usage":"branch"},"id":"way/1418147052"},{"type":"Feature","geometry":{"type":"LineString","coordinates":[[-3.171818,51.477117],[-3.171941,51.477044],[-3.172183,51.476926],[-3.172384,51.476849]]},"properties":{"@id":"way/1418147053","bridge":"yes","electrified":"no","gauge":"1435","layer":"1","maxspeed":"15 mph","name":"Down Llandaff","operator":"Network Rail","operator:wikidata":"Q1501071","passenger_lines":"2","railway":"rail","ref":"CEJ","usage":"branch"},"id":"way/1418147053"},{"type":"Feature","geometry":{"type":"LineString","coordinates":[[-3.188829,51.475801],[-3.189143,51.475785],[-3.189403,51.475764],[-3.18956,51.475745],[-3.189828,51.475708]]},"properties":{"@id":"way/1443216987","electrified":"no","gauge":"1435","operator":"Network Rail","railway":"rail"},"id":"way/1443216987"},{"type":"Feature","geometry":{"type":"LineString","coordinates":[[-3.494971,51.41476],[-3.495934,51.415057],[-3.496624,51.415322],[-3.49719,51.415577],[-3.497763,51.415872],[-3.498232,51.416162],[-3.498797,51.416516],[-3.499145,51.416769],[-3.499389,51.416964],[-3.499806,51.417319],[-3.500396,51.417922],[-3.500875,51.418557],[-3.501696,51.419832]]},"properties":{"@id":"way/1474273362","electrified":"no","gauge":"1435","maxspeed":"50 mph","name":"Vale of Glamorgan Line","name:cy":"Llinell Bro Morgannwg","operator":"Network Rail","operator:wikidata":"Q1501071","passenger_lines":"2","railway":"rail","ref":"VOG","source":"NPE","usage":"branch"},"id":"way/1474273362"},{"type":"Feature","geometry":{"type":"LineString","coordinates":[[-3.248384,51.412463],[-3.248494,51.412364]]},"properties":{"@id":"way/1474276846","electrified":"no","gauge":"1435","maxspeed":"15 mph","operator":"Network Rail","operator:wikidata":"Q1501071","railway":"rail","service":"crossover"},"id":"way/1474276846"},{"type":"Feature","geometry":{"type":"LineString","coordinates":[[-3.248114,51.412725],[-3.24808,51.412753]]},"properties":{"@id":"way/1474276847","electrified":"no","gauge":"1435","maxspeed":"40 mph","name":"Vale of Glamorgan Line","name:cy":"Llinell Bro Morgannwg","operator":"Network Rail","operator:wikidata":"Q1501071","passenger_lines":"2","railway":"rail","ref":"BRY","source":"NPE","usage":"branch"},"id":"way/1474276847"},{"type":"Feature","geometry":{"type":"LineString","coordinates":[[-3.245207,51.413984],[-3.245775,51.413849],[-3.246287,51.413683],[-3.246823,51.413468],[-3.247342,51.413204],[-3.247647,51.413009],[-3.248065,51.412704]]},"properties":{"@id":"way/1474276848","electrified":"no","gauge":"1435","maxspeed":"40 mph","name":"Vale of Glamorgan Line","name:cy":"Llinell Bro Morgannwg","operator":"Network Rail","operator:wikidata":"Q1501071","passenger_lines":"2","railway":"rail","ref":"BRY","source":"NPE","usage":"branch"},"id":"way/1474276848"},{"type":"Feature","geometry":{"type":"LineString","coordinates":[[-3.202274,51.440857],[-3.201855,51.441426],[-3.201554,51.441829],[-3.201248,51.442173],[-3.20097,51.442421],[-3.20068,51.442638],[-3.200224,51.442919]]},"properties":{"@id":"way/1474276849","electrified":"no","gauge":"1435","maxspeed":"40 mph","name":"Vale of Glamorgan Line","name:cy":"Llinell Bro Morgannwg","operator":"Network Rail","operator:wikidata":"Q1501071","passenger_lines":"2","railway":"rail","ref":"BRY","usage":"branch"},"id":"way/1474276849"},{"type":"Feature","geometry":{"type":"LineString","coordinates":[[-3.200193,51.442904],[-3.20039,51.442789],[-3.200642,51.44263],[-3.200935,51.442414],[-3.201208,51.442159],[-3.201374,51.44199],[-3.201588,51.441723],[-3.202228,51.440853]]},"properties":{"@id":"way/1474276850","electrified":"no","gauge":"1435","maxspeed":"40 mph","name":"Vale of Glamorgan Line","name:cy":"Llinell Bro Morgannwg","operator":"Network Rail","operator:wikidata":"Q1501071","passenger_lines":"2","railway":"rail","ref":"BRY","usage":"branch"},"id":"way/1474276850"},{"type":"Feature","geometry":{"type":"LineString","coordinates":[[-2.974517,51.546742],[-2.974061,51.546831],[-2.973856,51.546872],[-2.973648,51.546918],[-2.973512,51.546954],[-2.973392,51.546989],[-2.973208,51.547044],[-2.973083,51.547077],[-2.972965,51.547105]]},"properties":{"@id":"way/1478847803","electrified":"no","gauge":"1435","railway":"rail","service":"spur","usage":"industrial"},"id":"way/1478847803"},{"type":"Feature","geometry":{"type":"LineString","coordinates":[[-2.965265,51.585046],[-2.965136,51.585015],[-2.965006,51.584988],[-2.964605,51.584908],[-2.964459,51.584877],[-2.964313,51.584844]]},"properties":{"@id":"way/1478851222","electrified":"contact_line","frequency":"50","gauge":"1435","railway":"rail","service":"crossover","voltage":"25000"},"id":"way/1478851222"},{"type":"Feature","geometry":{"type":"LineString","coordinates":[[-2.969155,51.586025],[-2.968366,51.585801]]},"properties":{"@id":"way/1478851223","electrified":"contact_line","frequency":"50","gauge":"1435","railway":"rail","service":"crossover","voltage":"25000"},"id":"way/1478851223"},{"type":"Feature","geometry":{"type":"LineString","coordinates":[[-3.165169,51.478902],[-3.165402,51.478839],[-3.165828,51.478721]]},"properties":{"@id":"way/1479919458","electrified":"contact_line","frequency":"50","gauge":"1435","maxspeed":"40 mph","name":"South Wales Main Line","name:br":"Linenn Pennañ Su Kembre","name:cy":"Prif Linell De Cymru","operator":"Network Rail","operator:wikidata":"Q1501071","railway":"rail","ref":"SWM2","usage":"main","voltage":"25000"},"id":"way/1479919458"},{"type":"Feature","geometry":{"type":"LineString","coordinates":[[-3.231702,51.59607],[-3.232366,51.596978],[-3.232789,51.597855],[-3.233044,51.598639]]},"properties":{"@id":"way/1481225723","electrified":"contact_line","frequency":"50","gauge":"1435","maxspeed":"55 mph","name":"Rhymney Line","operator":"Transport for Wales","operator:wikidata":"Q48740007","passenger_lines":"2","railway":"rail","ref":"CAR","usage":"branch","voltage":"25000"},"id":"way/1481225723"},{"type":"Feature","geometry":{"type":"LineString","coordinates":[[-3.232727,51.606342],[-3.232611,51.606692],[-3.232456,51.607093],[-3.232094,51.607871],[-3.231866,51.608297],[-3.231611,51.608726],[-3.230541,51.609946],[-3.229964,51.610538]]},"properties":{"@id":"way/1481225724","electrified":"contact_line","frequency":"50","gauge":"1435","maxspeed":"55 mph","name":"Rhymney Line","operator":"Transport for Wales","operator:wikidata":"Q48740007","passenger_lines":"2","railway":"rail","ref":"CAR","usage":"branch","voltage":"25000"},"id":"way/1481225724"},{"type":"Feature","geometry":{"type":"LineString","coordinates":[[-3.229964,51.610538],[-3.229432,51.61116],[-3.229091,51.611689],[-3.228954,51.611964],[-3.228876,51.612187],[-3.228835,51.612402],[-3.228787,51.612624],[-3.228775,51.612848],[-3.228782,51.613142],[-3.228983,51.614655],[-3.228947,51.615042],[-3.228849,51.615397],[-3.228603,51.615881],[-3.228221,51.616367],[-3.227403,51.617241],[-3.227058,51.617689],[-3.226876,51.618101],[-3.22678,51.618458],[-3.226776,51.618742],[-3.226807,51.619044],[-3.226957,51.619475],[-3.227122,51.619767]]},"properties":{"@id":"way/1481225725","electrified":"contact_line","frequency":"50","gauge":"1435","maxspeed":"40 mph","name":"Rhymney Line","operator":"Transport for Wales","operator:wikidata":"Q48740007","passenger_lines":"2","railway":"rail","ref":"CAR","usage":"branch","voltage":"25000"},"id":"way/1481225725"},{"type":"Feature","geometry":{"type":"LineString","coordinates":[[-3.244368,51.636043],[-3.244328,51.63629],[-3.244276,51.636532],[-3.244208,51.636754],[-3.244167,51.636857],[-3.244009,51.637269]]},"properties":{"@id":"way/1481225726","electrified":"contact_line","frequency":"50","gauge":"1435","maxspeed":"55 mph","name":"Rhymney Line","operator":"Transport for Wales","operator:wikidata":"Q48740007","railway":"rail","ref":"CAR","usage":"branch","voltage":"25000"},"id":"way/1481225726"},{"type":"Feature","geometry":{"type":"LineString","coordinates":[[-3.227895,51.655686],[-3.2282,51.656118],[-3.228943,51.657543],[-3.229235,51.657967],[-3.229319,51.658081],[-3.229516,51.658346],[-3.229852,51.658726],[-3.230502,51.659416],[-3.230835,51.659969],[-3.231151,51.66069]]},"properties":{"@id":"way/1481225727","electrified":"contact_line","frequency":"50","gauge":"1435","maxspeed":"45 mph","name":"Rhymney Line","operator":"Transport for Wales","operator:wikidata":"Q48740007","railway":"rail","ref":"CAR","usage":"branch","voltage":"25000"},"id":"way/1481225727"},{"type":"Feature","geometry":{"type":"LineString","coordinates":[[-3.231102,51.660703],[-3.230773,51.659982],[-3.230443,51.659433],[-3.229796,51.658746],[-3.229458,51.658364],[-3.229257,51.658093],[-3.229175,51.657983],[-3.228882,51.657558],[-3.228139,51.656133],[-3.227834,51.6557]]},"properties":{"@id":"way/1481225728","electrified":"contact_line","frequency":"50","gauge":"1435","maxspeed":"45 mph","name":"Rhymney Line","operator":"Transport for Wales","operator:wikidata":"Q48740007","railway":"rail","ref":"CAR","usage":"branch","voltage":"25000"},"id":"way/1481225728"},{"type":"Feature","geometry":{"type":"LineString","coordinates":[[-3.229278,51.670929],[-3.227054,51.673189],[-3.225728,51.674556]]},"properties":{"@id":"way/1481225729","electrified":"contact_line","frequency":"50","gauge":"1435","maxspeed":"60 mph","name":"Rhymney Line","name:cy":"Rheilffordd Rhymni","operator":"Transport for Wales","operator:wikidata":"Q48740007","railway":"rail","ref":"CAR","usage":"branch","voltage":"25000"},"id":"way/1481225729"},{"type":"Feature","geometry":{"type":"LineString","coordinates":[[-3.22567,51.674538],[-3.226998,51.673168],[-3.229238,51.670915]]},"properties":{"@id":"way/1481225730","electrified":"contact_line","frequency":"50","gauge":"1435","maxspeed":"60 mph","name":"Rhymney Line","name:cy":"Rheilffordd Rhymni","operator":"Transport for Wales","operator:wikidata":"Q48740007","railway":"rail","ref":"CAR","usage":"branch","voltage":"25000"},"id":"way/1481225730"},{"type":"Feature","geometry":{"type":"LineString","coordinates":[[-3.225728,51.674556],[-3.225451,51.674932],[-3.225105,51.675458],[-3.224832,51.675957],[-3.224669,51.676289],[-3.224555,51.676643],[-3.224442,51.677331],[-3.224418,51.677807],[-3.22445,51.678155],[-3.224528,51.67865],[-3.224677,51.679137],[-3.22489,51.679589]]},"properties":{"@id":"way/1481225731","electrified":"contact_line","frequency":"50","gauge":"1435","maxspeed":"50 mph","name":"Rhymney Line","name:cy":"Rheilffordd Rhymni","operator":"Transport for Wales","operator:wikidata":"Q48740007","railway":"rail","ref":"CAR","usage":"branch","voltage":"25000"},"id":"way/1481225731"},{"type":"Feature","geometry":{"type":"LineString","coordinates":[[-3.225606,51.680912],[-3.224828,51.679602],[-3.224613,51.679147],[-3.224464,51.678656],[-3.224385,51.678158],[-3.224353,51.677808],[-3.224377,51.677329],[-3.22449,51.676637],[-3.224606,51.676279],[-3.22477,51.675945],[-3.225044,51.675444],[-3.225391,51.674916],[-3.22567,51.674538]]},"properties":{"@id":"way/1481225734","electrified":"contact_line","frequency":"50","gauge":"1435","maxspeed":"50 mph","name":"Rhymney Line","name:cy":"Rheilffordd Rhymni","operator":"Transport for Wales","operator:wikidata":"Q48740007","railway":"rail","ref":"CAR","usage":"branch","voltage":"25000"},"id":"way/1481225734"},{"type":"Feature","geometry":{"type":"LineString","coordinates":[[-3.243854,51.637462],[-3.243942,51.637279],[-3.244062,51.637005],[-3.244163,51.636725],[-3.24428,51.636282],[-3.244314,51.636043]]},"properties":{"@id":"way/1481225738","electrified":"contact_line","frequency":"50","gauge":"1435","maxspeed":"55 mph","name":"Rhymney Line","operator":"Transport for Wales","operator:wikidata":"Q48740007","railway":"rail","ref":"CAR","usage":"branch","voltage":"25000"},"id":"way/1481225738"},{"type":"Feature","geometry":{"type":"LineString","coordinates":[[-3.236345,51.628293],[-3.233211,51.625982],[-3.231673,51.624865],[-3.230465,51.62381],[-3.229649,51.623],[-3.228335,51.621427],[-3.227055,51.619779]]},"properties":{"@id":"way/1481225739","electrified":"contact_line","frequency":"50","gauge":"1435","maxspeed":"55 mph","name":"Rhymney Line","operator":"Transport for Wales","operator:wikidata":"Q48740007","passenger_lines":"2","railway":"rail","ref":"CAR","usage":"branch","voltage":"25000"},"id":"way/1481225739"},{"type":"Feature","geometry":{"type":"LineString","coordinates":[[-3.229364,51.61116],[-3.229541,51.610944],[-3.229986,51.610431],[-3.230236,51.610165],[-3.230487,51.60992],[-3.231564,51.608714],[-3.23204,51.607876],[-3.232244,51.607436],[-3.232442,51.607],[-3.23263,51.606507]]},"properties":{"@id":"way/1481225740","electrified":"contact_line","frequency":"50","gauge":"1435","maxspeed":"55 mph","name":"Rhymney Line","operator":"Transport for Wales","operator:wikidata":"Q48740007","passenger_lines":"2","railway":"rail","ref":"CAR","usage":"branch","voltage":"25000"},"id":"way/1481225740"},{"type":"Feature","geometry":{"type":"LineString","coordinates":[[-3.22997,51.593748],[-3.229704,51.593062],[-3.229592,51.592624],[-3.229503,51.592184],[-3.229454,51.59176]]},"properties":{"@id":"way/1481225741","electrified":"contact_line","frequency":"50","gauge":"1435","maxspeed":"50 mph","name":"Rhymney Line","operator":"Transport for Wales","operator:wikidata":"Q48740007","passenger_lines":"2","railway":"rail","ref":"CAR","usage":"branch","voltage":"25000"},"id":"way/1481225741"},{"type":"Feature","geometry":{"type":"LineString","coordinates":[[-3.178853,51.475741],[-3.181179,51.475674],[-3.181826,51.475655]]},"properties":{"@id":"way/1504590742","electrified":"contact_line","frequency":"50","gauge":"1435","maxspeed":"15 mph","name":"Line B","operator":"Network Rail","operator:wikidata":"Q1501071","railway":"rail","ref":"SWM2","usage":"main","voltage":"25000"},"id":"way/1504590742"},{"type":"Feature","geometry":{"type":"LineString","coordinates":[[-3.217573,51.57157],[-3.217195,51.571549]]},"properties":{"@id":"way/1507337543","electrified":"contact_line","frequency":"50","gauge":"1435","maxspeed":"25 mph","name:cy":"Llinell Rhymni","operator":"Transport for Wales","operator:wikidata":"Q48740007","railway":"rail","service":"spur","voltage":"25000"},"id":"way/1507337543"},{"type":"Feature","geometry":{"type":"LineString","coordinates":[[-3.214623,51.571311],[-3.21426,51.57128],[-3.213941,51.571254]]},"properties":{"@id":"way/1507337544","electrified":"no","gauge":"1435","maxspeed":"50 mph","name":"Rhymney Line","name:cy":"Llinell Rhymni","operator":"Transport for Wales","operator:wikidata":"Q48740007","passenger_lines":"2","railway":"rail","ref":"CAR","usage":"branch"},"id":"way/1507337544"},{"type":"Feature","geometry":{"type":"LineString","coordinates":[[-3.212984,51.571129],[-3.214388,51.571263],[-3.215678,51.571338]]},"properties":{"@id":"way/1507337545","electrified":"no","gauge":"1435","maxspeed":"60 mph","name":"Rhymney Line","name:cy":"Llinell Rhymni","operator":"Transport for Wales","operator:wikidata":"Q48740007","passenger_lines":"2","railway":"rail","ref":"CAR","tracks":"2","usage":"branch"},"id":"way/1507337545"},{"type":"Feature","geometry":{"type":"LineString","coordinates":[[-3.190503,51.449402],[-3.190781,51.449594]]},"properties":{"@id":"way/1507337546","electrified":"no","gauge":"1435","maxspeed":"25 mph","name":"Vale of Glamorgan Line","name:cy":"Llinell Bro Morgannwg","operator":"Network Rail","operator:wikidata":"Q1501071","passenger_lines":"2","railway":"rail","ref":"BRY","usage":"branch"},"id":"way/1507337546"},{"type":"Feature","geometry":{"type":"LineString","coordinates":[[-3.190364,51.449352],[-3.189847,51.448979]]},"properties":{"@id":"way/1507337547","electrified":"no","gauge":"1435","maxspeed":"25 mph","name":"Vale of Glamorgan Line","name:cy":"Llinell Bro Morgannwg","operator":"Network Rail","operator:wikidata":"Q1501071","passenger_lines":"2","railway":"rail","ref":"BRY","usage":"branch"},"id":"way/1507337547"},{"type":"Feature","geometry":{"type":"LineString","coordinates":[[-3.174418,51.435231],[-3.174408,51.43516],[-3.174398,51.435083],[-3.174394,51.435009],[-3.174394,51.434835]]},"properties":{"@id":"way/1507337548","electrified":"no","gauge":"1435","maxspeed":"35 mph","name":"Vale of Glamorgan Line - Penarth Branch","operator":"Network Rail","operator:wikidata":"Q1501071","passenger_lines":"1","railway":"rail","railway:aws":"yes","railway:bidirectional":"regular","railway:preferred_direction":"both","railway:tpws":"yes","ref":"PTH","usage":"branch"},"id":"way/1507337548"},{"type":"Feature","geometry":{"type":"LineString","coordinates":[[-3.34138,51.599367],[-3.341206,51.599276],[-3.341,51.599168]]},"properties":{"@id":"way/1507430041","electrified":"no","gauge":"1435","layer":"1","maxspeed":"15 mph","name":"Cardiff and Merthyr Line","operator":"Transport for Wales","operator:wikidata":"Q48740007","railway":"rail","ref":"CAM","usage":"branch"},"id":"way/1507430041"},{"type":"Feature","geometry":{"type":"LineString","coordinates":[[-3.336586,51.598672],[-3.336637,51.598673],[-3.336809,51.598673],[-3.337033,51.598668]]},"properties":{"@id":"way/1507430042","electrified":"no","gauge":"1435","layer":"1","maxspeed":"30 mph","name":"Cardiff and Merthyr Line","operator":"Transport for Wales","operator:wikidata":"Q48740007","railway":"rail","ref":"CAM","source":"OS_OpenData_StreetView","usage":"branch"},"id":"way/1507430042"},{"type":"Feature","geometry":{"type":"LineString","coordinates":[[-3.33476,51.59854],[-3.335132,51.598593],[-3.335423,51.598622],[-3.335783,51.598648],[-3.336025,51.598659],[-3.336299,51.598667],[-3.336586,51.598672]]},"properties":{"@id":"way/1507430043","electrified":"no","gauge":"1435","layer":"1","maxspeed":"30 mph","name":"Cardiff and Merthyr Line","operator":"Transport for Wales","operator:wikidata":"Q48740007","railway":"rail","ref":"CAM","source":"OS_OpenData_StreetView","usage":"branch"},"id":"way/1507430043"},{"type":"Feature","geometry":{"type":"LineString","coordinates":[[-3.334786,51.598509],[-3.335147,51.598559],[-3.335449,51.59859]]},"properties":{"@id":"way/1507430044","electrified":"no","gauge":"1435","layer":"1","maxspeed":"40 mph","name":"Cardiff and Merthyr Line","operator":"Transport for Wales","operator:wikidata":"Q48740007","railway":"rail","ref":"CAM","source":"OS_OpenData_StreetView","usage":"branch"},"id":"way/1507430044"},{"type":"Feature","geometry":{"type":"LineString","coordinates":[[-3.169914,51.481301],[-3.169918,51.481413]]},"properties":{"@id":"way/1507430045","electrified":"no","gauge":"1435","maxspeed":"15 mph","operator":"Transport for Wales","operator:wikidata":"Q48740007","passenger_lines":"4","railway":"rail","source":"OS 1:25k","usage":"branch"},"id":"way/1507430045"},{"type":"Feature","geometry":{"type":"LineString","coordinates":[[-3.166677,51.467719],[-3.166618,51.467642],[-3.16657,51.467573]]},"properties":{"@id":"way/1507430046","electrified":"contact_line","frequency":"50","gauge":"1435","maxspeed":"30 mph","name":"Cardiff Bay Branch","operator":"Transport for Wales","operator:wikidata":"Q48740007","passenger_lines":"1","railway":"rail","railway:aws":"yes","railway:bidirectional":"regular","railway:preferred_direction":"both","railway:tpws":"yes","ref":"CAM","usage":"branch","voltage":"25000"},"id":"way/1507430046"},{"type":"Feature","geometry":{"type":"LineString","coordinates":[[-3.181441,51.516204],[-3.181381,51.515952],[-3.181335,51.515772],[-3.181256,51.515492],[-3.181133,51.515092],[-3.1809,51.514372],[-3.180571,51.513361],[-3.180511,51.513178],[-3.180356,51.512696]]},"properties":{"@id":"way/1508073675","electrified":"contact_line","frequency":"50","gauge":"1435","maxspeed":"75 mph","name":"Rhymney Line","name:cy":"Llinell Rhymni","operator":"Transport for Wales","operator:wikidata":"Q48740007","passenger_lines":"2","railway":"rail","ref":"CAR","usage":"branch","voltage":"25000"},"id":"way/1508073675"},{"type":"Feature","geometry":{"type":"LineString","coordinates":[[-3.180662,51.51347],[-3.180703,51.513606],[-3.180734,51.5137],[-3.180818,51.513964],[-3.180958,51.514394],[-3.18117,51.515047],[-3.181308,51.515503],[-3.1814,51.515823],[-3.181447,51.516029],[-3.181491,51.516192]]},"properties":{"@id":"way/1508073676","electrified":"contact_line","frequency":"50","gauge":"1435","maxspeed":"65 mph","name":"Rhymney Line","name:cy":"Llinell Rhymni","operator":"Transport for Wales","operator:wikidata":"Q48740007","passenger_lines":"2","railway":"rail","ref":"CAR","usage":"branch","voltage":"25000"},"id":"way/1508073676"},{"type":"Feature","geometry":{"type":"LineString","coordinates":[[-3.180548,51.513143],[-3.180627,51.513376],[-3.180662,51.51347]]},"properties":{"@id":"way/1508073677","electrified":"contact_line","frequency":"50","gauge":"1435","maxspeed":"65 mph","name":"Rhymney Line","name:cy":"Llinell Rhymni","operator":"Transport for Wales","operator:wikidata":"Q48740007","passenger_lines":"2","railway":"rail","ref":"CAR","usage":"branch","voltage":"25000"},"id":"way/1508073677"},{"type":"Feature","geometry":{"type":"LineString","coordinates":[[-3.232173,51.520434],[-3.231895,51.520436]]},"properties":{"@id":"way/1508073678","electrified":"contact_line","frequency":"50","gauge":"1435","maxspeed":"45 mph","name":"Coryton Line","operator":"Transport for Wales","operator:wikidata":"Q48740007","railway":"rail","railway:aws":"yes","railway:bidirectional":"regular","railway:preferred_direction":"both","railway:tpws":"yes","ref":"CRY","source":"NPE","usage":"branch","voltage":"25000","wikidata":"Q5173810","wikipedia":"en:Coryton Line"},"id":"way/1508073678"},{"type":"Feature","geometry":{"type":"LineString","coordinates":[[-3.178746,51.475344],[-3.178669,51.47535],[-3.178376,51.475377],[-3.178207,51.475395]]},"properties":{"@id":"way/1508096219","electrified":"no","gauge":"1435","maxspeed":"15 mph","name":"Down Barry","operator":"Network Rail","operator:wikidata":"Q1501071","passenger_lines":"2","railway":"rail","ref":"SWM2","usage":"branch"},"id":"way/1508096219"},{"type":"Feature","geometry":{"type":"LineString","coordinates":[[-3.440813,51.617833],[-3.442145,51.617846]]},"properties":{"@id":"way/1508096220","electrified":"contact_line","frequency":"50","gauge":"1435","maxspeed":"40 mph","name":"Rhondda Line","operator":"Transport for Wales","operator:wikidata":"Q48740007","railway":"rail","ref":"THT","source":"OS_OpenData_StreetView","usage":"branch","voltage":"25000"},"id":"way/1508096220"},{"type":"Feature","geometry":{"type":"LineString","coordinates":[[-3.481866,51.646106],[-3.481037,51.64598],[-3.475906,51.645287]]},"properties":{"@id":"way/1508096221","electrified":"contact_line","frequency":"50","gauge":"1435","maxspeed":"50 mph","name":"Rhondda Line","operator":"Transport for Wales","operator:wikidata":"Q48740007","railway":"rail","ref":"THT","source":"OS_OpenData_StreetView","usage":"branch","voltage":"25000"},"id":"way/1508096221"},{"type":"Feature","geometry":{"type":"LineString","coordinates":[[-3.32463,51.660905],[-3.325053,51.661083],[-3.32564,51.661359],[-3.325994,51.661632],[-3.326262,51.661938],[-3.326416,51.662218],[-3.326509,51.662528]]},"properties":{"@id":"way/1508618243","electrified":"no","gauge":"1435","layer":"1","maxspeed":"55 mph","name":"Cardiff and Merthyr Line","operator":"Transport for Wales","operator:wikidata":"Q48740007","railway":"rail","ref":"CAM","source":"OS_OpenData_StreetView","usage":"branch"},"id":"way/1508618243"},{"type":"Feature","geometry":{"type":"LineString","coordinates":[[-3.18755,51.475765],[-3.187872,51.475786],[-3.188145,51.475801],[-3.188449,51.475806],[-3.188644,51.475806],[-3.188829,51.475801]]},"properties":{"@id":"way/1508618244","electrified":"no","gauge":"1435","maxspeed":"25 mph","name":"Down Barry Relief","operator":"Network Rail","operator:wikidata":"Q1501071","railway":"rail","ref":"BRY","usage":"branch"},"id":"way/1508618244"},{"type":"Feature","geometry":{"type":"LineString","coordinates":[[-3.191456,51.475112],[-3.191409,51.475136],[-3.191264,51.475209],[-3.191042,51.47532],[-3.190903,51.475381],[-3.190784,51.475429],[-3.190527,51.475523],[-3.190217,51.475616],[-3.190054,51.475655],[-3.189828,51.475708]]},"properties":{"@id":"way/1508618245","electrified":"no","gauge":"1435","maxspeed":"25 mph","name":"Up Barry Relief","operator":"Network Rail","operator:wikidata":"Q1501071","railway":"rail","ref":"BRY","usage":"branch"},"id":"way/1508618245"},{"type":"Feature","geometry":{"type":"LineString","coordinates":[[-3.249374,51.516726],[-3.250396,51.517003],[-3.250527,51.517036]]},"properties":{"@id":"way/1508618246","electrified":"contact_line","frequency":"50","gauge":"1435","maxspeed":"25 mph","name":"Cardiff and Merthyr Line","operator":"Transport for Wales","operator:wikidata":"Q48740007","passenger_lines":"3","railway":"rail","ref":"CAM","source":"npe","usage":"branch","voltage":"25000"},"id":"way/1508618246"},{"type":"Feature","geometry":{"type":"LineString","coordinates":[[-3.251267,51.517267],[-3.251922,51.517444],[-3.252204,51.517525],[-3.252384,51.51758],[-3.252564,51.517638]]},"properties":{"@id":"way/1508618247","electrified":"contact_line","frequency":"50","gauge":"1435","maxspeed":"45 mph","name":"Cardiff and Merthyr Line","operator":"Transport for Wales","operator:wikidata":"Q48740007","passenger_lines":"3","railway":"rail","ref":"CAM","source":"npe","usage":"branch","voltage":"25000"},"id":"way/1508618247"},{"type":"Feature","geometry":{"type":"LineString","coordinates":[[-3.183669,51.475478],[-3.183145,51.475438]]},"properties":{"@id":"way/1508796475","electrified":"no","gauge":"1435","maxspeed":"15 mph","name":"Up Barry","operator":"Network Rail","operator:wikidata":"Q1501071","passenger_lines":"2","railway":"rail","ref":"SWM2","usage":"branch"},"id":"way/1508796475"},{"type":"Feature","geometry":{"type":"LineString","coordinates":[[-3.182834,51.47537],[-3.183141,51.475393]]},"properties":{"@id":"way/1508796476","bridge":"yes","electrified":"no","gauge":"1435","layer":"1","maxspeed":"15 mph","name":"Down Barry","operator":"Network Rail","operator:wikidata":"Q1501071","passenger_lines":"2","railway":"rail","ref":"SWM2","usage":"branch"},"id":"way/1508796476"},{"type":"Feature","geometry":{"type":"LineString","coordinates":[[-3.170126,51.480054],[-3.170128,51.480034]]},"properties":{"@id":"way/1508796477","electrified":"no","gauge":"1435","maxspeed":"25 mph","name":"Cardiff Bay Branch","operator":"Transport for Wales","operator:wikidata":"Q48740007","passenger_lines":"4","railway":"rail","ref":"CAM","usage":"branch"},"id":"way/1508796477"},{"type":"Feature","geometry":{"type":"LineString","coordinates":[[-3.170037,51.480631],[-3.170059,51.480325],[-3.170078,51.480033]]},"properties":{"@id":"way/1508796478","electrified":"no","gauge":"1435","maxspeed":"15 mph","name":"Cardiff Bay Branch","operator":"Transport for Wales","operator:wikidata":"Q48740007","passenger_lines":"4","railway":"rail","ref":"CAM","usage":"branch"},"id":"way/1508796478"},{"type":"Feature","geometry":{"type":"LineString","coordinates":[[-3.334136,51.677421],[-3.334675,51.67782],[-3.335146,51.67816],[-3.335467,51.678409],[-3.335704,51.678613],[-3.335845,51.678765],[-3.336047,51.679012],[-3.336166,51.679177],[-3.336262,51.679351],[-3.336356,51.679555],[-3.336426,51.679752],[-3.336504,51.680051],[-3.336535,51.680242],[-3.336588,51.680649],[-3.33661,51.680869],[-3.336631,51.68121],[-3.336626,51.681567],[-3.336591,51.68206],[-3.336548,51.682367],[-3.3365,51.682775],[-3.336477,51.683138],[-3.336477,51.683324],[-3.336486,51.683517],[-3.336519,51.683926]]},"properties":{"@id":"way/1508796479","electrified":"contact_line","frequency":"50","gauge":"1435","layer":"1","maxspeed":"50 mph","name":"Cardiff and Merthyr Line","operator":"Transport for Wales","operator:wikidata":"Q48740007","railway":"rail","ref":"CAM","source":"OS_OpenData_StreetView","usage":"branch","voltage":"25000"},"id":"way/1508796479"},{"type":"Feature","geometry":{"type":"LineString","coordinates":[[-3.022004,51.570354],[-3.022474,51.570263]]},"properties":{"@id":"way/1508906247","electrified":"no","gauge":"1435","maxspeed":"50 mph","name":"Ebbw Valley Line","name:cy":"Rheilffordd Dyffryn Ebwy","operator":"Network Rail","operator:wikidata":"Q1501071","railway":"rail","ref":"WVL","source":"NPE","tracks":"2","usage":"branch"},"id":"way/1508906247"},{"type":"Feature","geometry":{"type":"LineString","coordinates":[[-3.021765,51.57044],[-3.021613,51.57047],[-3.021476,51.570496]]},"properties":{"@id":"way/1508906248","electrified":"no","gauge":"1435","maxspeed":"50 mph","name":"Ebbw Valley Line","name:cy":"Rheilffordd Dyffryn Ebwy","operator":"Network Rail","operator:wikidata":"Q1501071","railway":"rail","ref":"WVL","source":"NPE","tracks":"2","usage":"branch"},"id":"way/1508906248"},{"type":"Feature","geometry":{"type":"LineString","coordinates":[[-3.006619,51.579209],[-3.006389,51.579612],[-3.006136,51.580052]]},"properties":{"@id":"way/1508906249","electrified":"contact_line","frequency":"50","gauge":"1435","maxspeed":"60 mph","name":"South Wales Main Line","name:br":"Linenn Pennañ Su Kembre","name:cy":"Prif Linell De Cymru","operator":"Network Rail","operator:wikidata":"Q1501071","railway":"rail","railway:track_ref":"UM","ref":"SWM2","usage":"main","voltage":"25000"},"id":"way/1508906249"},{"type":"Feature","geometry":{"type":"LineString","coordinates":[[-2.998557,51.590121],[-2.998337,51.590195],[-2.998122,51.590257]]},"properties":{"@id":"way/1508906250","electrified":"contact_line","frequency":"50","gauge":"1435","maxspeed":"20 mph","name":"South Wales Main Line","name:br":"Linenn Pennañ Su Kembre","name:cy":"Prif Linell De Cymru","operator":"Network Rail","operator:wikidata":"Q1501071","railway":"rail","railway:aws":"yes","railway:tpws":"yes","railway:track_ref":"UDP","ref":"SWM2","tracks":"2","usage":"main","voltage":"25000"},"id":"way/1508906250"},{"type":"Feature","geometry":{"type":"LineString","coordinates":[[-3.18554,51.47573],[-3.186324,51.475789]]},"properties":{"@id":"way/1508906251","electrified":"contact_line","frequency":"50","gauge":"1435","maxspeed":"30 mph","name":"South Wales Main Line","name:br":"Linenn Pennañ Su Kembre","name:cy":"Prif Linell De Cymru","name:en":"South Wales Main Line","operator":"Network Rail","operator:wikidata":"Q1501071","railway":"rail","ref":"SWM2","usage":"main","voltage":"25000"},"id":"way/1508906251"},{"type":"Feature","geometry":{"type":"LineString","coordinates":[[-3.18554,51.47573],[-3.185878,51.475787],[-3.186357,51.475866],[-3.186796,51.475934],[-3.187277,51.476017]]},"properties":{"@id":"way/1508906252","electrified":"contact_line","frequency":"50","gauge":"1435","maxspeed":"15 mph","operator":"Network Rail","operator:wikidata":"Q1501071","railway":"rail","service":"crossover","voltage":"25000"},"id":"way/1508906252"},{"type":"Feature","geometry":{"type":"LineString","coordinates":[[-3.207456,51.478846],[-3.208807,51.479215],[-3.209539,51.479423],[-3.211372,51.479902]]},"properties":{"@id":"way/1508906253","electrified":"no","gauge":"1435","maxspeed":"75 mph","name":"South Wales Main Line","name:br":"Linenn Pennañ Su Kembre","name:cy":"Prif Linell De Cymru","name:en":"South Wales Main Line","operator":"Network Rail","operator:wikidata":"Q1501071","railway":"rail","ref":"SWM2","usage":"main"},"id":"way/1508906253"},{"type":"Feature","geometry":{"type":"LineString","coordinates":[[-3.071819,51.599295],[-3.072914,51.599933],[-3.073403,51.60024],[-3.073919,51.600565],[-3.074337,51.600807],[-3.074737,51.601002],[-3.076276,51.601682],[-3.077066,51.602029]]},"properties":{"@id":"way/1508906254","electrified":"no","gauge":"1435","maxspeed":"40 mph","name":"Ebbw Valley Line","name:cy":"Rheilffordd Dyffryn Ebwy","operator":"Network Rail","operator:wikidata":"Q1501071","railway":"rail","ref":"WVL","source":"NPE","usage":"branch"},"id":"way/1508906254"},{"type":"Feature","geometry":{"type":"Point","coordinates":[-3.441655,51.53763]},"properties":{"@id":"node/20926741","name":"Llanharan","naptan:AtcoCode":"9100LLHARAN","network":"National Rail","network:website":"https://www.nationalrail.co.uk/stations/llr/","network:wikidata":"Q26334","operator":"Transport for Wales Rail","operator:cy":"Trafnidiaeth Cymru","operator:en":"Transport for Wales Rail","operator:website":"https://tfw.wales/places/stations/llanharan","operator:wikidata":"Q104878180","public_transport":"station","railway":"station","ref:crs":"LLR","source":"NPE","wikidata":"Q2567576","wikipedia":"en:Llanharan railway station"},"id":"node/20926741"},{"type":"Feature","geometry":{"type":"Point","coordinates":[-3.392055,51.52384]},"properties":{"@id":"node/20926867","name":"Pontyclun","name:cy":"Pont-y-clun","name:en":"Pontyclun","naptan:AtcoCode":"9100PONYCLN","network":"National Rail","network:website":"https://www.nationalrail.co.uk/stations/pyc/","network:wikidata":"Q26334","old_name":"Llantrisant","operator":"Transport for Wales Rail","operator:cy":"Trafnidiaeth Cymru","operator:en":"Transport for Wales Rail","operator:website":"https://tfw.wales/places/stations/pontyclun","operator:wikidata":"Q104878180","public_transport":"station","railway":"station","ref:crs":"PYC","wikidata":"Q2203127","wikipedia":"en:Pontyclun railway station"},"id":"node/20926867"},{"type":"Feature","geometry":{"type":"Point","coordinates":[-3.178927,51.488896]},"properties":{"@id":"node/21415074","addr:city":"Cardiff","addr:postcode":"CF10 3AT","addr:street":"Senghennydd Road","departures_board":"realtime","departures_board:speech_output":"yes","email":"customer.relations@tfwrail.wales","internet_access":"no","name":"Cathays","name:cy":"Cathays","naptan:AtcoCode":"9100CATHAYS","network":"National Rail","network:website":"https://www.nationalrail.co.uk/stations/cys/","network:wikidata":"Q26334","operator":"Transport for Wales Rail","operator:cy":"Trafnidiaeth Cymru","operator:en":"Transport for Wales Rail","operator:website":"https://tfw.wales/places/stations/cathays","operator:wikidata":"Q104878180","public_transport":"station","railway":"station","ref:crs":"CYS","source":"NPE","train":"yes","wheelchair":"yes","wikidata":"Q2300730","wikipedia":"en:Cathays railway station"},"id":"node/21415074"},{"type":"Feature","geometry":{"type":"Point","coordinates":[-3.229247,51.508498]},"properties":{"@id":"node/21415085","name":"Llandaf","name:cy":"Llandaf","naptan:AtcoCode":"9100LLANDAF","network":"National Rail","network:website":"https://www.nationalrail.co.uk/stations/lln/","network:wikidata":"Q26334","operator":"Transport for Wales Rail","operator:cy":"Trafnidiaeth Cymru","operator:en":"Transport for Wales Rail","operator:website":"https://tfw.wales/places/stations/llandaf","operator:wikidata":"Q104878180","public_transport":"station","railway":"station","ref:crs":"LLN","train":"yes","wheelchair":"yes","wikidata":"Q2253187","wikipedia":"en:Llandaf railway station"},"id":"node/21415085"},{"type":"Feature","geometry":{"type":"Point","coordinates":[-3.179816,51.439923]},"properties":{"@id":"node/30942049","name":"Dingle Road","name:cy":"Heol Dingle","name:en":"Dingle Road","naptan:AtcoCode":"9100DGLROAD","network":"National Rail","network:website":"https://www.nationalrail.co.uk/stations/dgl/","network:wikidata":"Q26334","operator":"Transport for Wales Rail","operator:cy":"Trafnidiaeth Cymru","operator:en":"Transport for Wales Rail","operator:website":"https://tfw.wales/places/stations/dingle-road","operator:wikidata":"Q104878180","public_transport":"station","railway":"station","ref:crs":"DGL","source":"NPE","train":"yes","wheelchair":"yes","wikidata":"Q2724332","wikipedia":"en:Dingle Road railway station"},"id":"node/30942049"},{"type":"Feature","geometry":{"type":"Point","coordinates":[-3.189048,51.446164]},"properties":{"@id":"node/30942157","name":"Cogan","naptan:AtcoCode":"9100COGAN","network":"National Rail","network:website":"https://www.nationalrail.co.uk/stations/cgn/","network:wikidata":"Q26334","operator":"Transport for Wales Rail","operator:cy":"Trafnidiaeth Cymru","operator:en":"Transport for Wales Rail","operator:website":"https://tfw.wales/places/stations/cogan","operator:wikidata":"Q104878180","public_transport":"station","railway":"station","ref:crs":"CGN","train":"yes","wheelchair":"limited","wikidata":"Q2470011","wikipedia":"en:Cogan railway station"},"id":"node/30942157"},{"type":"Feature","geometry":{"type":"Point","coordinates":[-3.206259,51.437836]},"properties":{"@id":"node/30942503","name":"Eastbrook","name:cy":"Eastbrook","naptan:AtcoCode":"9100EASTBRK","network":"National Rail","network:website":"https://www.nationalrail.co.uk/stations/ebk/","network:wikidata":"Q26334","operator":"Transport for Wales Rail","operator:cy":"Trafnidiaeth Cymru","operator:en":"Transport for Wales Rail","operator:website":"https://tfw.wales/places/stations/eastbrook","operator:wikidata":"Q104878180","public_transport":"station","railway":"station","ref:crs":"EBK","train":"yes","wikidata":"Q3401825","wikipedia":"en:Eastbrook railway station"},"id":"node/30942503"},{"type":"Feature","geometry":{"type":"Point","coordinates":[-3.219067,51.431271]},"properties":{"@id":"node/30942508","name":"Dinas Powys","naptan:AtcoCode":"9100DINASP","network":"National Rail","network:website":"https://www.nationalrail.co.uk/stations/dns/","network:wikidata":"Q26334","operator":"Transport for Wales Rail","operator:cy":"Trafnidiaeth Cymru","operator:en":"Transport for Wales Rail","operator:website":"https://tfw.wales/places/stations/dinas-powys","operator:wikidata":"Q104878180","public_transport":"station","railway":"station","ref:crs":"DNS","source":"NPE","train":"yes","wheelchair":"yes","wikidata":"Q2433033","wikipedia":"en:Dinas Powys railway station"},"id":"node/30942508"},{"type":"Feature","geometry":{"type":"Point","coordinates":[-3.166782,51.467641]},"properties":{"@id":"node/30946404","departures_board":"realtime","name":"Cardiff Bay","name:cy":"Bae Caerdydd","name:en":"Cardiff Bay","naptan:AtcoCode":"9100CARDFBR","network":"National Rail","network:website":"https://www.nationalrail.co.uk/stations/cdb/","network:wikidata":"Q26334","old_name":"Cardiff Bute Road","operator":"Transport for Wales Rail","operator:cy":"Trafnidiaeth Cymru","operator:en":"Transport for Wales Rail","operator:website":"https://tfw.wales/places/stations/cardiff-bay","operator:wikidata":"Q104878180","public_transport":"station","railway":"station","ref:crs":"CDB","train":"yes","wheelchair":"yes","wikidata":"Q2665080","wikipedia":"en:Cardiff Bay railway station"},"id":"node/30946404"},{"type":"Feature","geometry":{"type":"Point","coordinates":[-3.263893,51.541244]},"properties":{"@id":"node/31098192","name":"Taffs Well","name:cy":"Ffynnon Taf","name:en":"Taffs Well","naptan:AtcoCode":"9100TAFFSWL","network":"National Rail","network:website":"https://www.nationalrail.co.uk/stations/taf/","network:wikidata":"Q26334","operator":"Transport for Wales Rail","operator:cy":"Trafnidiaeth Cymru","operator:en":"Transport for Wales Rail","operator:website":"https://tfw.wales/places/stations/taffs-well","operator:wikidata":"Q104878180","public_transport":"station","railway":"station","ref:crs":"TAF","source":"NPE","wheelchair":"yes","wikidata":"Q2090331","wikipedia":"en:Taffs Well railway station"},"id":"node/31098192"},{"type":"Feature","geometry":{"type":"Point","coordinates":[-3.290238,51.568161]},"properties":{"@id":"node/31098230","name":"Treforest Estate","name:cy":"Ystad Trefforest","name:en":"Treforest Estate","naptan:AtcoCode":"9100TRFRSTE","network":"National Rail","network:website":"https://www.nationalrail.co.uk/stations/tre/","network:wikidata":"Q26334","note":"looks like the signs on the ground say Treforest Estate in English - which is the normal English spelling","operator":"Transport for Wales Rail","operator:cy":"Trafnidiaeth Cymru","operator:en":"Transport for Wales Rail","operator:website":"https://tfw.wales/places/stations/trefforest-estate","operator:wikidata":"Q104878180","public_transport":"station","railway":"station","ref:crs":"TRE","wikidata":"Q2531139","wikipedia":"en:Treforest Estate railway station"},"id":"node/31098230"},{"type":"Feature","geometry":{"type":"Point","coordinates":[-3.324964,51.591903]},"properties":{"@id":"node/31098261","addr:city":"Trefforest","addr:postcode":"CF37 1SL","addr:street":"Park Street","name":"Trefforest","name:cy":"Trefforest","name:en":"Treforest","naptan:AtcoCode":"9100TREFRST","network":"National Rail","network:website":"https://www.nationalrail.co.uk/stations/trf/","network:wikidata":"Q26334","operator":"Transport for Wales Rail","operator:cy":"Trafnidiaeth Cymru","operator:en":"Transport for Wales Rail","operator:website":"https://tfw.wales/places/stations/trefforest","operator:wikidata":"Q104878180","public_transport":"station","railway":"station","ref:crs":"TRF","train":"yes","wheelchair":"yes","wikidata":"Q3400263","wikipedia":"en:Treforest railway station"},"id":"node/31098261"},{"type":"Feature","geometry":{"type":"Point","coordinates":[-3.249026,51.51659]},"properties":{"@id":"node/31563410","name":"Radyr","name:cy":"Radur","name:en":"Radyr","naptan:AtcoCode":"9100RADYR","network":"National Rail","network:website":"https://www.nationalrail.co.uk/stations/rdr/","network:wikidata":"Q26334","operator":"Transport for Wales Rail","operator:cy":"Trafnidiaeth Cymru","operator:en":"Transport for Wales Rail","operator:website":"https://tfw.wales/places/stations/radyr","operator:wikidata":"Q104878180","public_transport":"station","railway":"station","ref:crs":"RDR","train":"yes","wheelchair":"yes","wikidata":"Q2433998","wikipedia":"en:Radyr railway station"},"id":"node/31563410"},{"type":"Feature","geometry":{"type":"Point","coordinates":[-3.016011,51.657089]},"properties":{"@id":"node/67073064","addr:city":"Cwmbran","addr:postcode":"NP44 1QX","addr:street":"Somerset Road","email":"customer.relations@tfwrail.wales","internet_access":"yes","internet_access:fee":"no","internet_access:ssid":"Transport for Wales","level":"0","name":"Cwmbran","name:cy":"Cwmbrân","name:en":"Cwmbran","naptan:AtcoCode":"9100CWMBRAN","network":"National Rail","network:website":"https://www.nationalrail.co.uk/stations/cwm/","network:wikidata":"Q26334","operator":"Transport for Wales Rail","operator:cy":"Trafnidiaeth Cymru","operator:en":"Transport for Wales Rail","operator:website":"https://tfw.wales/places/stations/cwmbran","operator:wikidata":"Q104878180","phone":"+44 3333 211 202","public_transport":"station","railway":"station","ref:crs":"CWM","train":"yes","wheelchair":"limited","wikipedia":"en:Cwmbran Railway Station"},"id":"node/67073064"},{"type":"Feature","geometry":{"type":"Point","coordinates":[-3.181568,51.516819]},"properties":{"@id":"node/90454459","name":"Heath High Level","name:cy":"Lefel Uchel y Mynydd Bychan","name:en":"Heath High Level","naptan:AtcoCode":"9100HEATHHL","network":"National Rail","network:website":"https://www.nationalrail.co.uk/stations/hhl/","network:wikidata":"Q26334","operator":"Transport for Wales Rail","operator:cy":"Trafnidiaeth Cymru","operator:en":"Transport for Wales Rail","operator:website":"https://tfw.wales/places/stations/heath-high-level","operator:wikidata":"Q104878180","public_transport":"station","railway":"station","ref:crs":"HHL","source":"NPE","train":"yes","wikidata":"Q2735955","wikipedia":"en:Heath High Level railway station"},"id":"node/90454459"},{"type":"Feature","geometry":{"type":"Point","coordinates":[-3.22981,51.574866]},"properties":{"@id":"node/90455818","addr:city":"Caerphilly","addr:postcode":"CF83 1AQ","addr:street":"Nantgarw Road","name":"Aber","name:cy":"Aber","naptan:AtcoCode":"9100ABER","network":"National Rail","network:website":"https://www.nationalrail.co.uk/stations/abe/","network:wikidata":"Q26334","operator":"Transport for Wales Rail","operator:cy":"Trafnidiaeth Cymru","operator:en":"Transport for Wales Rail","operator:website":"https://tfw.wales/places/stations/aber","operator:wikidata":"Q104878180","public_transport":"station","railway":"station","ref:crs":"ABE","source":"NPE","train":"yes","wheelchair":"yes","wikidata":"Q2713263","wikipedia":"en:Aber railway station"},"id":"node/90455818"},{"type":"Feature","geometry":{"type":"Point","coordinates":[-3.233052,51.604108]},"properties":{"@id":"node/90455839","name":"Llanbradach","name:cy":"Llanbradach","naptan:AtcoCode":"9100LLBRDCH","network":"National Rail","network:website":"https://www.nationalrail.co.uk/stations/lnb/","network:wikidata":"Q26334","operator":"Transport for Wales Rail","operator:cy":"Trafnidiaeth Cymru","operator:en":"Transport for Wales Rail","operator:website":"https://tfw.wales/places/stations/llanbradach","operator:wikidata":"Q104878180","public_transport":"station","railway":"station","ref:crs":"LNB","source":"NPE","train":"yes","wikidata":"Q2610280","wikipedia":"en:Llanbradach railway station"},"id":"node/90455839"},{"type":"Feature","geometry":{"type":"Point","coordinates":[-3.3807,51.610097]},"properties":{"@id":"node/114061125","name":"Trehafod","name:cy":"Trehafod","name:en":"Trehafod","naptan:AtcoCode":"9100TREHAFD","network":"National Rail","network:website":"https://www.nationalrail.co.uk/stations/trh/","network:wikidata":"Q26334","operator":"Transport for Wales Rail","operator:cy":"Trafnidiaeth Cymru","operator:en":"Transport for Wales Rail","operator:website":"https://tfw.wales/places/stations/trehafod","operator:wikidata":"Q104878180","public_transport":"station","railway":"station","ref:crs":"TRH","train":"yes","wikidata":"Q2288046","wikipedia":"en:Trehafod railway station"},"id":"node/114061125"},{"type":"Feature","geometry":{"type":"Point","coordinates":[-3.407632,51.612473]},"properties":{"@id":"node/114065930","name":"Porth","name:cy":"Porth","name:en":"Porth","naptan:AtcoCode":"9100PORH","network":"National Rail","network:website":"https://www.nationalrail.co.uk/stations/por/","network:wikidata":"Q26334","operator":"Transport for Wales Rail","operator:cy":"Trafnidiaeth Cymru","operator:en":"Transport for Wales Rail","operator:website":"https://tfw.wales/places/stations/porth","operator:wikidata":"Q104878180","public_transport":"station","railway":"station","ref:crs":"POR","train":"yes","wheelchair":"yes","wikidata":"Q2238105","wikipedia":"en:Porth railway station"},"id":"node/114065930"},{"type":"Feature","geometry":{"type":"Point","coordinates":[-3.437102,51.61737]},"properties":{"@id":"node/114072884","name":"Dinas Rhondda","name:cy":"Dinas Rhondda","name:en":"Dinas Rhondda","naptan:AtcoCode":"9100DINASR","network":"National Rail","network:website":"https://www.nationalrail.co.uk/stations/dmg/","network:wikidata":"Q26334","operator":"Transport for Wales Rail","operator:cy":"Trafnidiaeth Cymru","operator:en":"Transport for Wales Rail","operator:website":"https://tfw.wales/places/stations/dinas-rhondda","operator:wikidata":"Q104878180","public_transport":"station","railway":"station","ref:crs":"DMG","train":"yes","wikidata":"Q1981112","wikipedia":"en:Dinas Rhondda railway station"},"id":"node/114072884"},{"type":"Feature","geometry":{"type":"Point","coordinates":[-3.449041,51.619832]},"properties":{"@id":"node/114072896","name":"Tonypandy","name:cy":"Tonypandy","name:en":"Tonypandy","naptan:AtcoCode":"9100TNYPNDY","network":"National Rail","network:website":"https://www.nationalrail.co.uk/stations/tnp/","network:wikidata":"Q26334","operator":"Transport for Wales Rail","operator:cy":"Trafnidiaeth Cymru","operator:en":"Transport for Wales Rail","operator:website":"https://tfw.wales/places/stations/tonypandy","operator:wikidata":"Q104878180","public_transport":"station","railway":"station","ref:crs":"TNP","train":"yes","wikidata":"Q2889489","wikipedia":"en:Tonypandy railway station"},"id":"node/114072896"},{"type":"Feature","geometry":{"type":"Point","coordinates":[-3.45331,51.633417]},"properties":{"@id":"node/114072903","name":"Llwynypia","name:cy":"Llwynypia","name:en":"Llwynypia","naptan:AtcoCode":"9100LLWYNYP","network":"National Rail","network:website":"https://www.nationalrail.co.uk/stations/lly/","network:wikidata":"Q26334","operator":"Transport for Wales Rail","operator:cy":"Trafnidiaeth Cymru","operator:en":"Transport for Wales Rail","operator:website":"https://tfw.wales/places/stations/llwynypia","operator:wikidata":"Q104878180","public_transport":"station","railway":"station","ref:crs":"LLY","train":"yes","wikidata":"Q3400217","wikipedia":"en:Llwynypia railway station"},"id":"node/114072903"},{"type":"Feature","geometry":{"type":"Point","coordinates":[-3.466943,51.643619]},"properties":{"@id":"node/114072914","addr:city":"Ystrad","addr:street":"Cross Street","name":"Ystrad Rhondda","name:cy":"Ystrad Rhondda","name:en":"Ystrad Rhondda","naptan:AtcoCode":"9100YTRHOND","network":"National Rail","network:website":"https://www.nationalrail.co.uk/stations/ysr/","network:wikidata":"Q26334","operator":"Transport for Wales Rail","operator:cy":"Trafnidiaeth Cymru","operator:en":"Transport for Wales Rail","operator:website":"https://tfw.wales/places/stations/ystrad-rhondda","operator:wikidata":"Q104878180","public_transport":"station","railway":"station","ref:crs":"YSR","train":"yes","wheelchair":"limited","wikidata":"Q2797749","wikipedia":"en:Ystrad Rhondda railway station"},"id":"node/114072914"},{"type":"Feature","geometry":{"type":"Point","coordinates":[-3.486145,51.647711]},"properties":{"@id":"node/114072925","name":"Ton Pentre","name:cy":"Ton Pentre","name:en":"Ton Pentre","naptan:AtcoCode":"9100TONPNTR","network":"National Rail","network:website":"https://www.nationalrail.co.uk/stations/tpn/","network:wikidata":"Q26334","operator":"Transport for Wales Rail","operator:cy":"Trafnidiaeth Cymru","operator:en":"Transport for Wales Rail","operator:website":"https://tfw.wales/places/stations/ton-pentre","operator:wikidata":"Q104878180","public_transport":"station","railway":"station","ref:crs":"TPN","train":"yes","wikidata":"Q2670470","wikipedia":"en:Ton Pentre railway station"},"id":"node/114072925"},{"type":"Feature","geometry":{"type":"Point","coordinates":[-3.322931,51.660364]},"properties":{"@id":"node/122098437","name":"Quakers Yard","name:cy":"Mynwent y Crynwyr","name:en":"Quakers Yard","naptan:AtcoCode":"9100QUAKRSY","network":"National Rail","network:website":"https://www.nationalrail.co.uk/stations/qyd/","network:wikidata":"Q26334","old_name":"Quakers Yard Low Level","operator":"Transport for Wales Rail","operator:cy":"Trafnidiaeth Cymru","operator:en":"Transport for Wales Rail","operator:website":"https://tfw.wales/places/stations/quakers-yard","operator:wikidata":"Q104878180","public_transport":"station","railway":"station","ref:crs":"QYD","train":"yes","wikidata":"Q2412055","wikipedia":"en:Quakers Yard railway station"},"id":"node/122098437"},{"type":"Feature","geometry":{"type":"Point","coordinates":[-3.329538,51.643041]},"properties":{"@id":"node/122123719","name":"Abercynon","name:cy":"Abercynon","name:en":"Abercynon","naptan:AtcoCode":"9100ABRCYNS","network":"National Rail","network:website":"https://www.nationalrail.co.uk/stations/acy/","network:wikidata":"Q26334","old_name":"Abercynon South","old_name:cy":"De Abercynon","operator":"Transport for Wales Rail","operator:cy":"Trafnidiaeth Cymru","operator:en":"Transport for Wales Rail","operator:website":"https://tfw.wales/places/stations/abercynon","operator:wikidata":"Q104878180","public_transport":"station","railway":"station","ref:crs":"ACY","train":"yes","wheelchair":"yes","wikidata":"Q2628183","wikipedia":"en:Abercynon railway station"},"id":"node/122123719"},{"type":"Feature","geometry":{"type":"Point","coordinates":[-3.360143,51.670189]},"properties":{"@id":"node/122137367","name":"Penrhiwceiber","name:cy":"Penrhiwceiber","name:en":"Penrhiwceiber","naptan:AtcoCode":"9100PNRHCBR","network":"National Rail","network:website":"https://www.nationalrail.co.uk/stations/per/","network:wikidata":"Q26334","operator":"Transport for Wales Rail","operator:cy":"Trafnidiaeth Cymru","operator:en":"Transport for Wales Rail","operator:website":"https://tfw.wales/places/stations/penrhiwceiber","operator:wikidata":"Q104878180","public_transport":"station","railway":"station","ref:crs":"PER","start_date":"1988","train":"yes","wikidata":"Q2207619","wikipedia":"en:Penrhiwceiber railway station"},"id":"node/122137367"},{"type":"Feature","geometry":{"type":"Point","coordinates":[-3.066242,51.595443]},"properties":{"@id":"node/123360628","addr:city":"Newport","addr:postcode":"NP10 9LG","addr:street":"Lily Way","name":"Rogerstone","name:cy":"Tŷ-du","naptan:AtcoCode":"9100ROGRSTN","network":"National Rail","network:website":"https://www.nationalrail.co.uk/stations/ror/","network:wikidata":"Q26334","operator":"Transport for Wales Rail","operator:cy":"Trafnidiaeth Cymru","operator:en":"Transport for Wales Rail","operator:website":"https://tfw.wales/places/stations/rogerstone","operator:wikidata":"Q104878180","postal_code":"NP10 9LG","public_transport":"stop_position","railway":"station","ref:crs":"ROR","train":"yes","wikidata":"Q7359370","wikipedia":"en:Rogerstone railway station"},"id":"node/123360628"},{"type":"Feature","geometry":{"type":"Point","coordinates":[-3.218822,51.571544]},"properties":{"@id":"node/137734387","name":"Caerphilly","name:cy":"Caerffili","name:en":"Caerphilly","naptan:AtcoCode":"9100CRPHLY","network":"National Rail","network:website":"https://www.nationalrail.co.uk/stations/cph/","network:wikidata":"Q26334","operator":"Transport for Wales Rail","operator:cy":"Trafnidiaeth Cymru","operator:en":"Transport for Wales Rail","operator:website":"https://tfw.wales/places/stations/caerphilly","operator:wikidata":"Q104878180","public_transport":"station","railway":"station","ref:crs":"CPH","source":"NPE","train":"yes","wikidata":"Q2226626","wikipedia":"en:Caerphilly railway station"},"id":"node/137734387"},{"type":"Feature","geometry":{"type":"Point","coordinates":[-3.143185,51.66539]},"properties":{"@id":"node/166140022","addr:city":"Newbridge","addr:postcode":"NP11 4FH","addr:street":"Bridge Street","internet_access":"yes","internet_access:fee":"no","internet_access:ssid":"_Transport for Wales WiFi","name":"Newbridge","name:cy":"Trecelyn","naptan:AtcoCode":"9100NBRWGE","network":"National Rail","network:website":"https://www.nationalrail.co.uk/stations/nbe/","network:wikidata":"Q26334","operator":"Transport for Wales Rail","operator:cy":"Trafnidiaeth Cymru","operator:en":"Transport for Wales Rail","operator:website":"https://tfw.wales/places/stations/newbridge","operator:wikidata":"Q104878180","postal_code":"NP11 5FH","public_transport":"station","railway":"station","ref:crs":"NBE","source":"NPE","train":"yes","website":"https://tfw.wales/places/stations/newbridge","wheelchair":"yes","wikidata":"Q11192966","wikipedia":"en:Newbridge railway station (Wales)"},"id":"node/166140022"},{"type":"Feature","geometry":{"type":"Point","coordinates":[-3.241838,51.640485]},"properties":{"@id":"node/178636447","addr:city":"Ystrad Mynach","addr:street":"Brynmynach Avenue","name":"Ystrad Mynach","name:cy":"Ystrad Mynach","naptan:AtcoCode":"9100YSTRADM","network":"National Rail","network:website":"https://www.nationalrail.co.uk/stations/ysm/","network:wikidata":"Q26334","operator":"Transport for Wales Rail","operator:cy":"Trafnidiaeth Cymru","operator:en":"Transport for Wales Rail","operator:website":"https://tfw.wales/places/stations/ystrad-mynach","operator:wikidata":"Q104878180","postal_code":"CF82 7BP","public_transport":"station","railway":"station","ref:crs":"YSM","source":"NPE","train":"yes","wikidata":"Q302331","wikipedia":"en:Ystrad Mynach railway station"},"id":"node/178636447"},{"type":"Feature","geometry":{"type":"Point","coordinates":[-3.225557,51.646997]},"properties":{"@id":"node/178636518","name":"Hengoed","name:cy":"Hengoed","naptan:AtcoCode":"9100HENGOED","network":"National Rail","network:website":"https://www.nationalrail.co.uk/stations/hng/","network:wikidata":"Q26334","old_name":"Hengoed Low Level","operator":"Transport for Wales Rail","operator:cy":"Trafnidiaeth Cymru","operator:en":"Transport for Wales Rail","operator:website":"https://tfw.wales/places/stations/hengoed","operator:wikidata":"Q104878180","postal_code":"CF82 7LT","public_transport":"station","railway":"station","ref:crs":"HNG","source":"visual_estimate","train":"yes","wikidata":"Q2441704","wikipedia":"en:Hengoed railway station"},"id":"node/178636518"},{"type":"Feature","geometry":{"type":"Point","coordinates":[-3.229974,51.670208]},"properties":{"@id":"node/178636554","name":"Pengam","name:cy":"Pengam","naptan:AtcoCode":"9100PENGAM","network":"National Rail","network:website":"https://www.nationalrail.co.uk/stations/pgm/","network:wikidata":"Q26334","operator":"Transport for Wales Rail","operator:cy":"Trafnidiaeth Cymru","operator:en":"Transport for Wales Rail","operator:website":"https://tfw.wales/places/stations/pengam","operator:wikidata":"Q104878180","public_transport":"station","railway":"station","ref:crs":"PGM","source":"NPE","train":"yes","wikidata":"Q3401833","wikipedia":"en:Pengam railway station"},"id":"node/178636554"},{"type":"Feature","geometry":{"type":"Point","coordinates":[-3.181843,51.532996]},"properties":{"@id":"node/244010099","name":"Llanishen","name:cy":"Llanisien","name:en":"Llanishen","naptan:AtcoCode":"9100LLISHEN","network":"National Rail","network:website":"https://www.nationalrail.co.uk/stations/lls/","network:wikidata":"Q26334","operator":"Transport for Wales Rail","operator:cy":"Trafnidiaeth Cymru","operator:en":"Transport for Wales Rail","operator:website":"https://tfw.wales/places/stations/llanishen","operator:wikidata":"Q104878180","public_transport":"station","railway":"station","ref:crs":"LLS","train":"yes","wikidata":"Q2660714","wikipedia":"en:Llanishen railway station"},"id":"node/244010099"},{"type":"Feature","geometry":{"type":"Point","coordinates":[-3.248765,51.412181]},"properties":{"@id":"node/244321649","name":"Cadoxton","name:cy":"Tregatwg","name:en":"Cadoxton","naptan:AtcoCode":"9100CADOXTN","network":"National Rail","network:website":"https://www.nationalrail.co.uk/stations/cad/","network:wikidata":"Q26334","operator":"Transport for Wales Rail","operator:cy":"Trafnidiaeth Cymru","operator:en":"Transport for Wales Rail","operator:website":"https://tfw.wales/places/stations/cadoxton","operator:wikidata":"Q104878180","public_transport":"station","railway":"station","ref:crs":"CAD","wheelchair":"limited","wikidata":"Q1917677","wikipedia":"en:Cadoxton railway station"},"id":"node/244321649"},{"type":"Feature","geometry":{"type":"Point","coordinates":[-3.481428,51.40965]},"properties":{"@id":"node/244325805","name":"Llantwit Major","name:cy":"Llanilltud Fawr","name:en":"Llantwit Major","naptan:AtcoCode":"9100LLNWTMR","network":"National Rail","network:website":"https://www.nationalrail.co.uk/stations/lwm/","network:wikidata":"Q26334","operator":"Transport for Wales Rail","operator:cy":"Trafnidiaeth Cymru","operator:en":"Transport for Wales Rail","operator:website":"https://tfw.wales/places/stations/llantwit-major","operator:wikidata":"Q104878180","public_transport":"station","railway":"station","ref:crs":"LWM","train":"yes","wikidata":"Q2425684","wikipedia":"en:Llantwit Major railway station"},"id":"node/244325805"},{"type":"Feature","geometry":{"type":"Point","coordinates":[-3.233804,51.493886]},"properties":{"@id":"node/246527118","name":"Fairwater","name:cy":"Y Tyllgoed","name:en":"Fairwater","naptan:AtcoCode":"9100FRWATER","network":"National Rail","network:website":"https://www.nationalrail.co.uk/stations/frw/","network:wikidata":"Q26334","operator":"Transport for Wales Rail","operator:cy":"Trafnidiaeth Cymru","operator:en":"Transport for Wales Rail","operator:website":"https://tfw.wales/places/stations/fairwater","operator:wikidata":"Q104878180","public_transport":"station","railway":"station","ref:crs":"FRW","wikidata":"Q2482278","wikipedia":"en:Fairwater railway station"},"id":"node/246527118"},{"type":"Feature","geometry":{"type":"Point","coordinates":[-3.201387,51.476523]},"properties":{"@id":"node/246527344","addr:city":"Cardiff","addr:housename":"Ninian Park railway station","addr:postcode":"CF11 8AH","addr:street":"Leckwith Road","air_conditioning":"no","baby_feeding":"no","departures_board":"realtime","internet_access":"no","level":"1","name":"Ninian Park","name:cy":"Parc Ninian","name:en":"Ninian Park","naptan:AtcoCode":"9100NINIANP","network":"National Rail","network:website":"https://www.nationalrail.co.uk/stations/nnp/","network:wikidata":"Q26334","operator":"Transport for Wales Rail","operator:cy":"Trafnidiaeth Cymru","operator:en":"Transport for Wales Rail","operator:website":"https://tfw.wales/places/stations/ninian-park","operator:wikidata":"Q104878180","public_transport":"station","railway":"station","ref:crs":"NNP","train":"yes","wheelchair":"yes","wikidata":"Q2615178","wikipedia":"en:Ninian Park railway station"},"id":"node/246527344"},{"type":"Feature","geometry":{"type":"Point","coordinates":[-3.231477,51.520444]},"properties":{"@id":"node/252858121","name":"Coryton","name:cy":"Coryton","naptan:AtcoCode":"9100CORYTON","network":"National Rail","network:website":"https://www.nationalrail.co.uk/stations/coy/","network:wikidata":"Q26334","operator":"Transport for Wales Rail","operator:cy":"Trafnidiaeth Cymru","operator:en":"Transport for Wales Rail","operator:website":"https://tfw.wales/places/stations/coryton","operator:wikidata":"Q104878180","public_transport":"station","railway":"station","ref:crs":"COY","source":"NPE","train":"yes","wikidata":"Q2759251","wikipedia":"en:Coryton railway station"},"id":"node/252858121"},{"type":"Feature","geometry":{"type":"Point","coordinates":[-3.222165,51.520829]},"properties":{"@id":"node/252858122","name":"Whitchurch","name:cy":"Yr Eglwys Newydd","name:en":"Whitchurch","naptan:AtcoCode":"9100WHCH","network":"National Rail","network:website":"https://www.nationalrail.co.uk/stations/wht/","network:wikidata":"Q26334","operator":"Transport for Wales Rail","operator:cy":"Trafnidiaeth Cymru","operator:en":"Transport for Wales Rail","operator:website":"https://tfw.wales/places/stations/whitchurch-cardiff","operator:wikidata":"Q104878180","public_transport":"station","railway":"station","ref:crs":"WHT","source":"NPE","train":"yes","wikidata":"Q2534431","wikipedia":"en:Whitchurch railway station (Wales)"},"id":"node/252858122"},{"type":"Feature","geometry":{"type":"Point","coordinates":[-3.214483,51.521084]},"properties":{"@id":"node/252858123","name":"Rhiwbina","name:cy":"Rhiwbeina","name:en":"Rhiwbina","naptan:AtcoCode":"9100RHIWBNA","network":"National Rail","network:website":"https://www.nationalrail.co.uk/stations/rhi/","network:wikidata":"Q26334","operator":"Transport for Wales Rail","operator:cy":"Trafnidiaeth Cymru","operator:en":"Transport for Wales Rail","operator:website":"https://tfw.wales/places/stations/rhiwbina","operator:wikidata":"Q104878180","public_transport":"station","railway":"station","ref:crs":"RHI","source":"NPE","train":"yes","wikidata":"Q2715473","wikipedia":"en:Rhiwbina railway station"},"id":"node/252858123"},{"type":"Feature","geometry":{"type":"Point","coordinates":[-3.20246,51.521535]},"properties":{"@id":"node/252858124","name":"Birchgrove","name:cy":"Llwynbedw","name:en":"Birchgrove","naptan:AtcoCode":"9100BCHGRV","network":"National Rail","network:website":"https://www.nationalrail.co.uk/stations/bcg/","network:wikidata":"Q26334","operator":"Transport for Wales Rail","operator:cy":"Trafnidiaeth Cymru","operator:en":"Transport for Wales Rail","operator:website":"https://tfw.wales/places/stations/birchgrove","operator:wikidata":"Q104878180","public_transport":"station","railway":"station","ref:crs":"BCG","source":"NPE","train":"yes","wikidata":"Q2131603","wikipedia":"en:Birchgrove railway station"},"id":"node/252858124"},{"type":"Feature","geometry":{"type":"Point","coordinates":[-3.182208,51.515767]},"properties":{"@id":"node/252858131","name":"Heath Low Level","name:cy":"Lefel Isel y Mynydd Bychan","name:en":"Heath Low Level","naptan:AtcoCode":"9100HEATHLL","network":"National Rail","network:website":"https://www.nationalrail.co.uk/stations/hll/","network:wikidata":"Q26334","operator":"Transport for Wales Rail","operator:cy":"Trafnidiaeth Cymru","operator:en":"Transport for Wales Rail","operator:website":"https://tfw.wales/places/stations/heath-low-level","operator:wikidata":"Q104878180","public_transport":"station","railway":"station","ref:crs":"HLL","source":"NPE","train":"yes","wikidata":"Q2965292","wikipedia":"en:Heath Low Level railway station"},"id":"node/252858131"},{"type":"Feature","geometry":{"type":"Point","coordinates":[-3.233946,51.500401]},"properties":{"@id":"node/253311327","name":"Danescourt","name:cy":"Danescourt","name:en":"Danescourt","naptan:AtcoCode":"9100DANESCT","network":"National Rail","network:website":"https://www.nationalrail.co.uk/stations/dct/","network:wikidata":"Q26334","operator":"Transport for Wales Rail","operator:cy":"Trafnidiaeth Cymru","operator:en":"Transport for Wales Rail","operator:website":"https://tfw.wales/places/stations/danescourt","operator:wikidata":"Q104878180","public_transport":"station","railway":"station","ref:crs":"DCT","source":"Yahoo imargery","train":"yes","wikidata":"Q2691871","wikipedia":"en:Danescourt railway station"},"id":"node/253311327"},{"type":"Feature","geometry":{"type":"Point","coordinates":[-3.185568,51.544415]},"properties":{"@id":"node/253324518","name":"Lisvane and Thornhill","name:cy":"Llys-faen a'r Ddraenen","name:en":"Lisvane and Thornhill","naptan:AtcoCode":"9100LTHH","network":"National Rail","network:website":"https://www.nationalrail.co.uk/stations/lvt/","network:wikidata":"Q26334","operator":"Transport for Wales Rail","operator:cy":"Trafnidiaeth Cymru","operator:en":"Transport for Wales Rail","operator:website":"https://tfw.wales/places/stations/lisvane-thornhill","operator:wikidata":"Q104878180","public_transport":"station","railway":"station","ref:crs":"LVT","source":"Yahoo imagery","train":"yes","wikidata":"Q2024089","wikipedia":"en:Lisvane and Thornhill railway station"},"id":"node/253324518"},{"type":"Feature","geometry":{"type":"Point","coordinates":[-3.174678,51.435849]},"properties":{"@id":"node/255383858","name":"Penarth","naptan:AtcoCode":"9100PENARTH","network":"National Rail","network:website":"https://www.nationalrail.co.uk/stations/pen/","network:wikidata":"Q26334","operator":"Transport for Wales Rail","operator:cy":"Trafnidiaeth Cymru","operator:en":"Transport for Wales Rail","operator:website":"https://tfw.wales/places/stations/penarth","operator:wikidata":"Q104878180","public_transport":"station","railway":"station","ref:crs":"PEN","train":"yes","wheelchair":"yes","wikidata":"Q3298476","wikipedia":"en:Penarth railway station"},"id":"node/255383858"},{"type":"Feature","geometry":{"type":"Point","coordinates":[-3.092041,51.605804]},"properties":{"@id":"node/256695073","name":"Risca and Pontymister","name:cy":"Rhisga a Phont-y-meistr","naptan:AtcoCode":"9100RISCA","network":"National Rail","network:website":"https://www.nationalrail.co.uk/stations/rca/","network:wikidata":"Q26334","operator":"Transport for Wales Rail","operator:cy":"Trafnidiaeth Cymru","operator:en":"Transport for Wales Rail","operator:website":"https://tfw.wales/places/stations/risca-pontymister","operator:wikidata":"Q104878180","postal_code":"NP11 6BB","public_transport":"station","railway":"station","ref:crs":"RCA","train":"yes","wikidata":"Q7335839","wikipedia":"en:Risca and Pontymister railway station"},"id":"node/256695073"},{"type":"Feature","geometry":{"type":"Point","coordinates":[-3.197102,51.521736]},"properties":{"@id":"node/256696262","name":"Tŷ Glas","name:cy":"Tŷ Glas","name:en":"Tŷ Glas","naptan:AtcoCode":"9100TYGLAS","network":"National Rail","network:website":"https://www.nationalrail.co.uk/stations/tgs/","network:wikidata":"Q26334","operator":"Transport for Wales Rail","operator:cy":"Trafnidiaeth Cymru","operator:en":"Transport for Wales Rail","operator:website":"https://tfw.wales/places/stations/ty-glas","operator:wikidata":"Q104878180","platforms":"1","public_transport":"station","railway":"station","ref:crs":"TGS","train":"yes","wikidata":"Q2742543","wikipedia":"en:Ty Glas railway station"},"id":"node/256696262"},{"type":"Feature","geometry":{"type":"Point","coordinates":[-3.22969,51.488302]},"properties":{"@id":"node/1327562038","name":"Waun-gron Park","name:cy":"Parc Waun-Gron","name:en":"Waun-gron Park","naptan:AtcoCode":"9100WAUNGRN","network":"National Rail","network:website":"https://www.nationalrail.co.uk/stations/wng/","network:wikidata":"Q26334","operator":"Transport for Wales Rail","operator:cy":"Trafnidiaeth Cymru","operator:en":"Transport for Wales Rail","operator:website":"https://tfw.wales/places/stations/waun-gron-park","operator:wikidata":"Q104878180","public_transport":"station","railway":"station","ref:crs":"WNG","ref:stanox":"78509","ref:tiploc":"WAUNGRN","train":"yes","wheelchair":"yes","wikidata":"Q2312031","wikipedia":"en:Waun-gron Park railway station"},"id":"node/1327562038"},{"type":"Feature","geometry":{"type":"Point","coordinates":[-3.189559,51.467253]},"properties":{"@id":"node/1597729335","name":"Grangetown","name:cy":"Grangetown","naptan:AtcoCode":"9100GNTN","network":"National Rail","network:website":"https://www.nationalrail.co.uk/stations/gtn/","network:wikidata":"Q26334","operator":"Transport for Wales Rail","operator:cy":"Trafnidiaeth Cymru","operator:en":"Transport for Wales Rail","operator:website":"https://tfw.wales/places/stations/grangetown","operator:wikidata":"Q104878180","public_transport":"station","railway":"station","ref:crs":"GTN","train":"yes","wheelchair":"no","wikidata":"Q3460666","wikipedia":"en:Grangetown railway station"},"id":"node/1597729335"},{"type":"Feature","geometry":{"type":"Point","coordinates":[-3.501372,51.523904]},"properties":{"@id":"node/1969702032","name":"Pencoed","naptan:AtcoCode":"9100PENCOED","network":"National Rail","network:website":"https://www.nationalrail.co.uk/stations/pcd/","network:wikidata":"Q26334","operator":"Transport for Wales Rail","operator:cy":"Trafnidiaeth Cymru","operator:en":"Transport for Wales Rail","operator:website":"https://tfw.wales/places/stations/pencoed","operator:wikidata":"Q104878180","public_transport":"station","railway":"station","ref:crs":"PCD","train":"yes","wikidata":"Q2788634","wikipedia":"en:Pencoed railway station"},"id":"node/1969702032"},{"type":"Feature","geometry":{"type":"Point","coordinates":[-3.229077,51.584548]},"properties":{"@id":"node/2265968250","name":"Energlyn & Churchill Park","name:cy":"Eneu'r-glyn a Pharc Churchill","name:en":"Energlyn & Churchill Park","naptan:AtcoCode":"9100ERGNCHP","network":"National Rail","network:website":"https://www.nationalrail.co.uk/stations/ecp/","network:wikidata":"Q26334","operator":"Transport for Wales Rail","operator:cy":"Trafnidiaeth Cymru","operator:en":"Transport for Wales Rail","operator:website":"https://tfw.wales/places/stations/energlyn-churchill-park","operator:wikidata":"Q104878180","public_transport":"station","railway":"station","ref:crs":"ECP","train":"yes","wikidata":"Q15216643","wikipedia":"en:Energlyn & Churchill Park railway station"},"id":"node/2265968250"},{"type":"Feature","geometry":{"type":"Point","coordinates":[-3.000425,51.588768]},"properties":{"@id":"node/6605149665","addr:city":"Newport","addr:postcode":"NP20 4AX","addr:street":"Queensway","name":"Newport","name:ar":"نيوبورت","name:az-Arab":"نیوپورت","name:azb":"نیوپورت","name:be":"Ньюпарт","name:be-tarask":"Ньюпарт","name:bg":"Нюпорт","name:br":"Casnewydd","name:cy":"Casnewydd","name:el":"Νηούπορτ","name:hy":"Նյուպորտ","name:ks":"نیوپورٹ","name:ru":"Ньюпорт","name:sr":"Њупорт","name:uk":"Ньюпорт","name:ur":"نیوپورٹ","naptan:AtcoCode":"9100NWPTRTG","network":"National Rail","network:website":"https://www.nationalrail.co.uk/stations/nwp/","network:wikidata":"Q26334","operator":"Transport for Wales Rail","operator:cy":"Trafnidiaeth Cymru","operator:en":"Transport for Wales Rail","operator:website":"https://tfw.wales/places/stations/newport","operator:wikidata":"Q104878180","platforms":"4","public_transport":"station","railway":"station","ref:crs":"NWP","train":"yes","wikidata":"Q3397374","wikipedia":"en:Newport railway station"},"id":"node/6605149665"},{"type":"Feature","geometry":{"type":"Point","coordinates":[-3.179706,51.47555]},"properties":{"@id":"node/6605149666","addr:city":"Cardiff","addr:place":"Central Square","addr:postcode":"CF10 1EP","departures_board":"realtime","name":"Cardiff Central","name:cy":"Caerdydd Canolog","name:en":"Cardiff Central","naptan:AtcoCode":"9100CRDFCEN","network":"National Rail","network:website":"https://www.nationalrail.co.uk/stations/cdf/","network:wikidata":"Q26334","old_name":"Cardiff General","operator":"Transport for Wales Rail","operator:cy":"Trafnidiaeth Cymru","operator:en":"Transport for Wales Rail","operator:website":"https://tfw.wales/places/stations/cardiff-central","operator:wikidata":"Q104878180","public_transport":"station","railway":"station","ref:crs":"CDF","train":"yes","wheelchair":"yes","wikidata":"Q2292817","wikipedia":"en:Cardiff Central railway station"},"id":"node/6605149666"},{"type":"Feature","geometry":{"type":"Point","coordinates":[-3.341837,51.599296]},"properties":{"@id":"node/6900362404","name":"Pontypridd","name:cy":"Pontypridd","name:en":"Pontypridd","naptan:AtcoCode":"9100PTYPRID","network":"National Rail","network:website":"https://www.nationalrail.co.uk/stations/ppd/","network:wikidata":"Q26334","old_name":"Newbridge","operator":"Transport for Wales Rail","operator:cy":"Trafnidiaeth Cymru","operator:en":"Transport for Wales Rail","operator:website":"https://tfw.wales/places/stations/pontypridd","operator:wikidata":"Q104878180","public_transport":"station","railway":"station","ref:crs":"PPD","train":"yes","wheelchair":"limited","wikidata":"Q2627385","wikipedia":"en:Pontypridd railway station"},"id":"node/6900362404"},{"type":"Feature","geometry":{"type":"Point","coordinates":[-3.041223,51.581304]},"properties":{"@id":"node/8493342417","addr:city":"Newport","internet_access":"no","name":"Pye Corner","name:cy":"Pye Corner","naptan:AtcoCode":"9100PYECRNR","network":"National Rail","network:website":"https://www.nationalrail.co.uk/stations/pye/","network:wikidata":"Q26334","operator":"Transport for Wales Rail","operator:cy":"Trafnidiaeth Cymru","operator:en":"Transport for Wales Rail","operator:website":"https://tfw.wales/places/stations/pye-corner","operator:wikidata":"Q104878180","public_transport":"station","railway":"station","ref:crs":"PYE","train":"yes","wikidata":"Q7262951","wikipedia":"en:Pye Corner railway station"},"id":"node/8493342417"},{"type":"Feature","geometry":{"type":"Point","coordinates":[-3.125837,51.620758]},"properties":{"@id":"node/9448626339","name":"Crosskeys","naptan:AtcoCode":"9100CRSKEYS","network":"National Rail","network:website":"https://www.nationalrail.co.uk/stations/cky/","network:wikidata":"Q26334","operator":"Transport for Wales Rail","operator:cy":"Trafnidiaeth Cymru","operator:en":"Transport for Wales Rail","operator:website":"https://tfw.wales/places/stations/crosskeys","operator:wikidata":"Q104878180","postal_code":"NP11 7BU","public_transport":"station","railway":"station","ref:crs":"CKY","source":"NPE","train":"yes","wikidata":"Q5188704","wikipedia":"en:Crosskeys railway station"},"id":"node/9448626339"},{"type":"Feature","geometry":{"type":"Point","coordinates":[-3.170293,51.482002]},"properties":{"@id":"node/10188726088","departures_board":"realtime","name":"Cardiff Queen Street","name:cy":"Caerdydd Heol y Frenhines","naptan:AtcoCode":"9100CARDFQS","network":"National Rail","network:website":"https://www.nationalrail.co.uk/stations/cdq/","network:wikidata":"Q26334","operator":"Transport for Wales Rail","operator:cy":"Trafnidiaeth Cymru","operator:en":"Transport for Wales Rail","operator:website":"https://tfw.wales/places/stations/cardiff-queen-street","operator:wikidata":"Q104878180","public_transport":"station","railway":"station","ref:crs":"CDQ","train":"yes","wikidata":"Q2937934","wikipedia":"en:Cardiff Queen Street railway station"},"id":"node/10188726088"}]}